PartyId,CollisionId,PartyNumber,PartyType,IsAtFault,IsOnDutyEmergencyVehicle,IsHitAndRun,AirbagCode,AirbagDescription,SafetyEquipmentCode,SafetyEquipmentDescription,Special Information,Other Associate Factor,Inattention,DirectionOfTravel,StreetOrHighwayName,SpeedLimit,MovementPrecCollCode,MovementPrecCollDescription,SobrietyDrugPhysicalCode1,SobrietyDrugPhysicalDescription1,SobrietyDrugPhysicalCode2,SobrietyDrugPhysicalDescription2,GenderCode,GenderDescription,StatedAge,DriverLicenseClass,DriverLicenseStateCode,RaceCode,RaceDesc,Vehicle1TypeId, Vehicle1TypeDesc, Vehicle1Year,Vehicle1Make,Vehicle1Model,Vehicle1Color,V1IsVehicleTowed,Vehicle2TypeId, Vehicle2TypeDesc, Vehicle2Year,Vehicle2Make,Vehicle2Model,Vehicle2Color,V2IsVehicleTowed,Lane,ThruLanes,TotalLanes,IsDREConducted
9385397,2296726,1,Driver,True,False,False,M,AIR BAG NOT DEPLOYED,G,OCCUPANT LAP SHOULDER HARNESS USED,CELL PHONE NOT IN USE,NONE APPARENT,,W,SR-237 W/B,65.0,J,CHANGING LANES,A,HAD NOT BEEN DRINKING,,,M,MALE,29.0,C,CA,A,ASIAN,8.0,MiniVan,1999.0,TOYT,SIENNA,TAN,False,,,,,,,,3,4.0,5.0,False
9385371,2296712,1,Driver,True,True,False,L,AIR BAG DEPLOYED,G,OCCUPANT LAP SHOULDER HARNESS USED,CELL PHONE NOT IN USE,NONE APPARENT,,N,I-280 N/B,65.0,B,PROCEEDING STRAIGHT,A,HAD NOT BEEN DRINKING,,,M,MALE,33.0,C,CA,W,WHITE,48.0,PoliceCar,2020.0,FORD,EXPLORER,BLU,True,,,,,,,,2,5.0,5.0,False
9384613,2296326,2,Driver,,False,False,M,AIR BAG NOT DEPLOYED,G,OCCUPANT LAP SHOULDER HARNESS USED,CELL PHONE NOT IN USE,NONE APPARENT,,S,I-280 S/B,65.0,A,STOPPED,A,HAD NOT BEEN DRINKING,,,M,MALE,33.0,C,CA,A,ASIAN,7.0,SportUtilityVehicle,2015.0,CHEV,EQUINOX,RED,False,,,,,,,,1,4.0,4.0,False
9384612,2296326,1,Driver,True,False,False,M,AIR BAG NOT DEPLOYED,G,OCCUPANT LAP SHOULDER HARNESS USED,CELL PHONE NOT IN USE,NONE APPARENT,,S,I-280 S/B,65.0,B,PROCEEDING STRAIGHT,A,HAD NOT BEEN DRINKING,,,M,MALE,21.0,C,CA,W,WHITE,1.0,PassengerCarStationWagonJeep,2017.0,VOLK,JETTA,WHI,False,,,,,,,,1,4.0,4.0,False
9384572,2296302,2,Driver,,False,False,M,AIR BAG NOT DEPLOYED,G,OCCUPANT LAP SHOULDER HARNESS USED,CELL PHONE NOT IN USE,NONE APPARENT,,S,I-280 S/B,65.0,B,PROCEEDING STRAIGHT,A,HAD NOT BEEN DRINKING,,,F,FEMALE,66.0,C,CA,W,WHITE,22.0,PickupsAndPanels,2003.0,TOYT,TUNDRA,GRN,False,,,,,,,,2,4.0,4.0,False
9384571,2296302,1,Driver,True,False,False,M,AIR BAG NOT DEPLOYED,G,OCCUPANT LAP SHOULDER HARNESS USED,CELL PHONE NOT IN USE,NONE APPARENT,,S,I-280 S/B,65.0,B,PROCEEDING STRAIGHT,A,HAD NOT BEEN DRINKING,,,F,FEMALE,38.0,C,CA,H,HISPANIC,1.0,PassengerCarStationWagonJeep,2014.0,TOYT,PRIUS,GRY,False,,,,,,,,2,4.0,4.0,False
9384554,2296293,2,Driver,,False,False,M,AIR BAG NOT DEPLOYED,G,OCCUPANT LAP SHOULDER HARNESS USED,CELL PHONE NOT IN USE,NONE APPARENT,,S,US-101 S/B,65.0,B,PROCEEDING STRAIGHT,A,HAD NOT BEEN DRINKING,,,M,MALE,51.0,A,CA,W,WHITE,25.0,TruckTractor,2018.0,KW,T880,WHI,False,35.0,UtilityTrailer,2003.0,MACK,TRAILER,GRY,,3,5.0,5.0,False
9384553,2296293,1,Driver,True,False,False,M,AIR BAG NOT DEPLOYED,G,OCCUPANT LAP SHOULDER HARNESS USED,CELL PHONE NOT IN USE,NONE APPARENT,,S,US-101 S/B,65.0,J,CHANGING LANES,A,HAD NOT BEEN DRINKING,,,F,FEMALE,83.0,C,CA,W,WHITE,1.0,PassengerCarStationWagonJeep,2016.0,TOYT,PRIUS,SIL,False,,,,,,,,4,5.0,5.0,False
9384485,2296259,2,Driver,,False,False,M,AIR BAG NOT DEPLOYED,G,OCCUPANT LAP SHOULDER HARNESS USED,CELL PHONE NOT IN USE,ENTERING OR LEAVING RAMP,,N,US-101 N/B TO I-880 N/B,65.0,B,PROCEEDING STRAIGHT,A,HAD NOT BEEN DRINKING,,,F,FEMALE,46.0,C,CA,W,WHITE,7.0,SportUtilityVehicle,2023.0,HOND,CR-V,BLK,False,,,,,,,,N/B,1.0,1.0,False
9384484,2296259,1,Driver,True,False,False,L,AIR BAG DEPLOYED,G,OCCUPANT LAP SHOULDER HARNESS USED,CELL PHONE NOT IN USE,ENTERING OR LEAVING RAMP,,N,US-101 N/B TO I-880 N/B,65.0,B,PROCEEDING STRAIGHT,A,HAD NOT BEEN DRINKING,,,M,MALE,31.0,C,CA,A,ASIAN,8.0,MiniVan,2019.0,NISS,NV200,WHI,False,,,,,,,,N/B,1.0,1.0,False
9384167,2296098,2,Driver,,False,False,M,AIR BAG NOT DEPLOYED,G,OCCUPANT LAP SHOULDER HARNESS USED,CELL PHONE NOT IN USE,NONE APPARENT,,S,US-101 SB TO TULLY RD,65.0,A,STOPPED,A,HAD NOT BEEN DRINKING,,,F,FEMALE,65.0,C,CA,O,OTHER,7.0,SportUtilityVehicle,2015.0,TOYT,RAV4,GRY,False,,,,,,,,TRN LN,0.0,4.0,False
9384166,2296098,1,Driver,True,False,False,M,AIR BAG NOT DEPLOYED,G,OCCUPANT LAP SHOULDER HARNESS USED,CELL PHONE NOT IN USE,NONE APPARENT,,S,US-101 SB TO TULLY RD,65.0,B,PROCEEDING STRAIGHT,A,HAD NOT BEEN DRINKING,,,M,MALE,45.0,C,CA,A,ASIAN,1.0,PassengerCarStationWagonJeep,2013.0,TOYT,PRIUS,SIL,False,,,,,,,,TRN LN,0.0,4.0,False
9383998,2296007,2,Driver,,False,False,M,AIR BAG NOT DEPLOYED,G,OCCUPANT LAP SHOULDER HARNESS USED,CELL PHONE NOT IN USE,NONE APPARENT,,S,US-101 S/B,65.0,J,CHANGING LANES,A,HAD NOT BEEN DRINKING,,,M,MALE,21.0,F,WA,O,OTHER,25.0,TruckTractor,2017.0,VOLV,VNL,BLK,False,31.0,SemiTrailer,2018.0,HYUN,HEAVY,WHI,,1,5.0,6.0,False
9383997,2296007,1,Driver,,False,False,M,AIR BAG NOT DEPLOYED,G,OCCUPANT LAP SHOULDER HARNESS USED,CELL PHONE NOT IN USE,NONE APPARENT,,S,US-101 S/B,65.0,J,CHANGING LANES,A,HAD NOT BEEN DRINKING,,,F,FEMALE,23.0,F,WA,O,OTHER,1.0,PassengerCarStationWagonJeep,2010.0,FORD,FUSION,BLK,False,,,,,,,,3,5.0,6.0,False
9382759,2295366,2,Driver,,False,False,M,AIR BAG NOT DEPLOYED,G,OCCUPANT LAP SHOULDER HARNESS USED,CELL PHONE NOT IN USE,NONE APPARENT,,N,US-101 N/B,65.0,H,SLOWING/STOPPING,A,HAD NOT BEEN DRINKING,,,F,FEMALE,48.0,C,CA,A,ASIAN,7.0,SportUtilityVehicle,2017.0,NISS,MURANO,WHI,False,,,,,,,,HOV,4.0,4.0,False
9382758,2295366,1,Driver,True,False,False,L,AIR BAG DEPLOYED,G,OCCUPANT LAP SHOULDER HARNESS USED,CELL PHONE NOT IN USE,NONE APPARENT,,N,US-101 N/B,65.0,B,PROCEEDING STRAIGHT,A,HAD NOT BEEN DRINKING,,,M,MALE,31.0,C,CA,O,OTHER,1.0,PassengerCarStationWagonJeep,2015.0,NISS,LEAF,GRY,True,,,,,,,,HOV,4.0,4.0,False
9382499,2295226,2,Driver,,False,False,M,AIR BAG NOT DEPLOYED,G,OCCUPANT LAP SHOULDER HARNESS USED,CELL PHONE NOT IN USE,NONE APPARENT,,N,I-280 N/B,65.0,H,SLOWING/STOPPING,A,HAD NOT BEEN DRINKING,,,F,FEMALE,37.0,C,CA,A,ASIAN,8.0,MiniVan,2024.0,KIA,CARNIVAL,SIL,False,,,,,,,,EXIT,4.0,5.0,False
9382498,2295226,1,Driver,True,False,False,M,AIR BAG NOT DEPLOYED,G,OCCUPANT LAP SHOULDER HARNESS USED,CELL PHONE NOT IN USE,NONE APPARENT,,N,I-280 N/B,65.0,B,PROCEEDING STRAIGHT,A,HAD NOT BEEN DRINKING,,,M,MALE,28.0,U,,H,HISPANIC,8.0,MiniVan,2011.0,FORD,ECONOLINE E250,WHI,False,,,,,,,,EXIT,4.0,5.0,False
9382488,2295220,3,Driver,,False,False,M,AIR BAG NOT DEPLOYED,G,OCCUPANT LAP SHOULDER HARNESS USED,CELL PHONE NOT IN USE,NONE APPARENT,,N,I-280 N/B TO SR-17/I-880,65.0,A,STOPPED,A,HAD NOT BEEN DRINKING,,,M,MALE,33.0,C,CA,W,WHITE,22.0,PickupsAndPanels,2023.0,GMC,CANYON,WHI,False,,,,,,,,1,2.0,2.0,False
9382487,2295220,2,Driver,,False,False,M,AIR BAG NOT DEPLOYED,G,OCCUPANT LAP SHOULDER HARNESS USED,CELL PHONE NOT IN USE,NONE APPARENT,,N,I-280 N/B TO SR-17/I-880,65.0,A,STOPPED,A,HAD NOT BEEN DRINKING,,,M,MALE,42.0,C,CA,H,HISPANIC,7.0,SportUtilityVehicle,2018.0,FORD,ECO SPORT,WHI,False,,,,,,,,1,2.0,2.0,False
9382486,2295220,1,Driver,True,False,False,M,AIR BAG NOT DEPLOYED,G,OCCUPANT LAP SHOULDER HARNESS USED,CELL PHONE NOT IN USE,NONE APPARENT,,N,I-280 N/B TO SR-17/I-880,65.0,B,PROCEEDING STRAIGHT,A,HAD NOT BEEN DRINKING,,,M,MALE,86.0,C,CA,W,WHITE,22.0,PickupsAndPanels,2002.0,FORD,F350,GRY,False,,,,,,,,1,2.0,2.0,False
9382480,2295216,2,Driver,,False,False,M,AIR BAG NOT DEPLOYED,G,OCCUPANT LAP SHOULDER HARNESS USED,CELL PHONE NOT IN USE,NONE APPARENT,,S,I-880 S/B,65.0,B,PROCEEDING STRAIGHT,A,HAD NOT BEEN DRINKING,,,M,MALE,23.0,C,CA,H,HISPANIC,1.0,PassengerCarStationWagonJeep,2019.0,VOLK,JETTA,GRY,False,,,,,,,,3,3.0,4.0,False
9382479,2295216,1,Driver,True,False,True,B,UNKNOWN,B,OCCUPANT UNKNOWN,CELL PHONE NOT IN USE,NONE APPARENT,,S,I-880 S/B,65.0,R,OTHER,A,HAD NOT BEEN DRINKING,,,,,,,,,,99.0,OtherUnknownHitAndRunDriver,,,,,False,,,,,,,,2,3.0,4.0,False
9382340,2295141,2,Driver,,False,False,M,AIR BAG NOT DEPLOYED,G,OCCUPANT LAP SHOULDER HARNESS USED,CELL PHONE NOT IN USE,NONE APPARENT,,S,US-101 S/B,65.0,J,CHANGING LANES,A,HAD NOT BEEN DRINKING,,,M,MALE,24.0,U,,H,HISPANIC,1.0,PassengerCarStationWagonJeep,2016.0,NISS,ALTIMA,GRY,False,,,,,,,,AUX,5.0,6.0,False
9382339,2295141,1,Driver,True,False,False,M,AIR BAG NOT DEPLOYED,G,OCCUPANT LAP SHOULDER HARNESS USED,CELL PHONE NOT IN USE,NONE APPARENT,,S,US-101 S/B,65.0,J,CHANGING LANES,A,HAD NOT BEEN DRINKING,,,F,FEMALE,44.0,C,CA,O,OTHER,7.0,SportUtilityVehicle,2019.0,MAZD,CX7,BLK,False,,,,,,,,5,5.0,6.0,False
9382288,2295116,2,Driver,,False,False,M,AIR BAG NOT DEPLOYED,G,OCCUPANT LAP SHOULDER HARNESS USED,CELL PHONE NOT IN USE,NONE APPARENT,,S,I-280 S/B,65.0,H,SLOWING/STOPPING,A,HAD NOT BEEN DRINKING,,,F,FEMALE,47.0,C,CA,A,ASIAN,7.0,SportUtilityVehicle,2022.0,TESL,Y,WHI,False,,,,,,,,1,4.0,4.0,False
9382287,2295116,1,Driver,True,False,True,B,UNKNOWN,B,OCCUPANT UNKNOWN,CELL PHONE USE UNKNOWN,NONE APPARENT,,S,I-280 S/B,65.0,B,PROCEEDING STRAIGHT,G,IMPAIRMENT_NOT_KNOWN,,,,,,,,,,99.0,OtherUnknownHitAndRunDriver,,,,,False,,,,,,,,1,4.0,4.0,False
9382281,2295112,2,Driver,,False,False,M,AIR BAG NOT DEPLOYED,G,OCCUPANT LAP SHOULDER HARNESS USED,CELL PHONE NOT IN USE,NONE APPARENT,,N,I-880 N/B,65.0,H,SLOWING/STOPPING,A,HAD NOT BEEN DRINKING,,,F,FEMALE,35.0,C,CA,W,WHITE,7.0,SportUtilityVehicle,2019.0,FORD,ESCAPE,GRY,False,,,,,,,,2,3.0,4.0,False
9382280,2295112,1,Driver,True,False,False,L,AIR BAG DEPLOYED,G,OCCUPANT LAP SHOULDER HARNESS USED,CELL PHONE NOT IN USE,NONE APPARENT,,N,I-880 N/B,65.0,B,PROCEEDING STRAIGHT,A,HAD NOT BEEN DRINKING,,,F,FEMALE,20.0,C,CA,H,HISPANIC,1.0,PassengerCarStationWagonJeep,2016.0,TOYT,COROLLA,RED,True,,,,,,,,2,3.0,4.0,False
9382277,2295110,3,Driver,,False,True,B,UNKNOWN,B,OCCUPANT UNKNOWN,CELL PHONE USE UNKNOWN,NONE APPARENT,,N,US-101 N/B,65.0,B,PROCEEDING STRAIGHT,G,IMPAIRMENT_NOT_KNOWN,,,,,,,,,,99.0,OtherUnknownHitAndRunDriver,,,,,False,,,,,,,,1,4.0,4.0,False
9382276,2295110,2,Driver,,False,False,M,AIR BAG NOT DEPLOYED,G,OCCUPANT LAP SHOULDER HARNESS USED,CELL PHONE NOT IN USE,NONE APPARENT,,N,US-101 N/B,65.0,B,PROCEEDING STRAIGHT,A,HAD NOT BEEN DRINKING,,,M,MALE,34.0,C,CA,A,ASIAN,22.0,PickupsAndPanels,1998.0,TOYT,TACOMA,WHI,False,,,,,,,,1,4.0,4.0,False
9382275,2295110,1,Driver,True,False,True,B,UNKNOWN,B,OCCUPANT UNKNOWN,CELL PHONE USE UNKNOWN,NONE APPARENT,,N,US-101 N/B,65.0,B,PROCEEDING STRAIGHT,G,IMPAIRMENT_NOT_KNOWN,,,,,,,,,,99.0,OtherUnknownHitAndRunDriver,,,,,False,,,,,,,,1,4.0,4.0,False
9382232,2295088,2,Driver,,False,False,M,AIR BAG NOT DEPLOYED,G,OCCUPANT LAP SHOULDER HARNESS USED,CELL PHONE NOT IN USE,NONE APPARENT,,N,SR-85 N/B,65.0,H,SLOWING/STOPPING,A,HAD NOT BEEN DRINKING,,,F,FEMALE,41.0,C,CA,W,WHITE,7.0,SportUtilityVehicle,2019.0,LNDR,RANGE ROVER,SIL,False,,,,,,,,1,3.0,4.0,False
9382231,2295088,1,Driver,True,False,False,M,AIR BAG NOT DEPLOYED,G,OCCUPANT LAP SHOULDER HARNESS USED,CELL PHONE NOT IN USE,NONE APPARENT,,N,SR-85 N/B,65.0,B,PROCEEDING STRAIGHT,A,HAD NOT BEEN DRINKING,,,M,MALE,18.0,C,CA,O,OTHER,1.0,PassengerCarStationWagonJeep,2006.0,MERZ,CLS550,WHI,True,,,,,,,,1,3.0,4.0,False
9382228,2295086,3,Driver,,False,False,M,AIR BAG NOT DEPLOYED,G,OCCUPANT LAP SHOULDER HARNESS USED,CELL PHONE NOT IN USE,NONE APPARENT,,S,I-880 S/B,65.0,A,STOPPED,A,HAD NOT BEEN DRINKING,,,M,MALE,55.0,C,CA,A,ASIAN,7.0,SportUtilityVehicle,2023.0,TSMR,Y,WHI,False,,,,,,,,EXIT,4.0,5.0,False
9382227,2295086,2,Driver,,False,False,M,AIR BAG NOT DEPLOYED,G,OCCUPANT LAP SHOULDER HARNESS USED,CELL PHONE NOT IN USE,NONE APPARENT,,S,I-880 S/B,65.0,H,SLOWING/STOPPING,A,HAD NOT BEEN DRINKING,,,M,MALE,36.0,U,CA,W,WHITE,8.0,MiniVan,2020.0,MERZ,SPRINTER,BLK,False,,,,,,,,EXIT,4.0,5.0,False
9382226,2295086,1,Driver,True,False,False,M,AIR BAG NOT DEPLOYED,G,OCCUPANT LAP SHOULDER HARNESS USED,CELL PHONE NOT IN USE,NONE APPARENT,,S,I-880 S/B,65.0,B,PROCEEDING STRAIGHT,A,HAD NOT BEEN DRINKING,,,M,MALE,25.0,C,CA,W,WHITE,26.0,TwoAxleTruck,2013.0,FRHT,M2,WHI,False,,,,,,,,EXIT,4.0,5.0,False
9382182,2295061,3,Driver,,False,False,M,AIR BAG NOT DEPLOYED,G,OCCUPANT LAP SHOULDER HARNESS USED,CELL PHONE NOT IN USE,NONE APPARENT,,N,I-280 N/B,65.0,A,STOPPED,A,HAD NOT BEEN DRINKING,,,M,MALE,22.0,C,CA,A,ASIAN,1.0,PassengerCarStationWagonJeep,2023.0,TOYT,CAMRY,WHI,False,,,,,,,,4,4.0,4.0,False
9382181,2295061,2,Driver,,False,False,M,AIR BAG NOT DEPLOYED,G,OCCUPANT LAP SHOULDER HARNESS USED,CELL PHONE NOT IN USE,NONE APPARENT,,N,I-280 N/B,65.0,H,SLOWING/STOPPING,A,HAD NOT BEEN DRINKING,,,F,FEMALE,39.0,C,CA,A,ASIAN,1.0,PassengerCarStationWagonJeep,2016.0,TOYT,CAMRY,WHI,False,,,,,,,,3,4.0,4.0,False
9382180,2295061,1,Driver,True,False,False,M,AIR BAG NOT DEPLOYED,G,OCCUPANT LAP SHOULDER HARNESS USED,CELL PHONE NOT IN USE,INATTENTION,OTHER,N,I-280 N/B,65.0,B,PROCEEDING STRAIGHT,A,HAD NOT BEEN DRINKING,,,M,MALE,28.0,C,CA,H,HISPANIC,22.0,PickupsAndPanels,1996.0,FORD,RANGER,GRN,False,,,,,,,,3,4.0,4.0,False
9382125,2295034,2,Driver,,False,False,M,AIR BAG NOT DEPLOYED,G,OCCUPANT LAP SHOULDER HARNESS USED,CELL PHONE NOT IN USE,NONE APPARENT,,N,SR-85 N/B,65.0,A,STOPPED,A,HAD NOT BEEN DRINKING,,,F,FEMALE,34.0,C,CA,W,WHITE,1.0,PassengerCarStationWagonJeep,2019.0,TESL,3,WHI,True,,,,,,,,1,2.0,3.0,False
9382124,2295034,1,Driver,True,False,False,M,AIR BAG NOT DEPLOYED,G,OCCUPANT LAP SHOULDER HARNESS USED,CELL PHONE NOT IN USE,NONE APPARENT,,N,SR-85 N/B,65.0,B,PROCEEDING STRAIGHT,A,HAD NOT BEEN DRINKING,,,M,MALE,20.0,C,CA,W,WHITE,7.0,SportUtilityVehicle,2012.0,ACUR,MDX,GRY,True,,,,,,,,1,2.0,3.0,False
9382102,2295024,2,Driver,,False,False,M,AIR BAG NOT DEPLOYED,G,OCCUPANT LAP SHOULDER HARNESS USED,CELL PHONE NOT IN USE,NONE APPARENT,,N,US-101 N/B,65.0,B,PROCEEDING STRAIGHT,A,HAD NOT BEEN DRINKING,,,M,MALE,60.0,C,CA,H,HISPANIC,22.0,PickupsAndPanels,2005.0,DODG,3500,BLK,False,,,,,,,,3,4.0,4.0,False
9382101,2295024,1,Driver,True,False,False,M,AIR BAG NOT DEPLOYED,G,OCCUPANT LAP SHOULDER HARNESS USED,CELL PHONE NOT IN USE,NONE APPARENT,,N,US-101 N/B,65.0,R,OTHER,A,HAD NOT BEEN DRINKING,,,F,FEMALE,43.0,U,,H,HISPANIC,1.0,PassengerCarStationWagonJeep,1998.0,HOND,CIVIC,SIL,False,,,,,,,,1,4.0,4.0,False
9382061,2295002,2,Driver,,False,False,M,AIR BAG NOT DEPLOYED,G,OCCUPANT LAP SHOULDER HARNESS USED,CELL PHONE NOT IN USE,NONE APPARENT,,S,US-101 S/B,65.0,B,PROCEEDING STRAIGHT,A,HAD NOT BEEN DRINKING,,,M,MALE,30.0,C,CA,H,HISPANIC,22.0,PickupsAndPanels,2005.0,DODG,1500,GRY,False,,,,,,,,3,4.0,4.0,False
9382060,2295002,1,Driver,True,False,False,M,AIR BAG NOT DEPLOYED,G,OCCUPANT LAP SHOULDER HARNESS USED,CELL PHONE NOT IN USE,NONE APPARENT,,S,US-101 S/B,65.0,J,CHANGING LANES,A,HAD NOT BEEN DRINKING,,,M,MALE,34.0,C,CA,A,ASIAN,1.0,PassengerCarStationWagonJeep,2016.0,BMW,328I,GRY,False,,,,,,,,3,4.0,4.0,False
9381650,2294787,2,Driver,,False,False,M,AIR BAG NOT DEPLOYED,G,OCCUPANT LAP SHOULDER HARNESS USED,CELL PHONE NOT IN USE,NONE APPARENT,,N,SR-85 N/B,65.0,B,PROCEEDING STRAIGHT,A,HAD NOT BEEN DRINKING,,,F,FEMALE,67.0,C,CA,A,ASIAN,1.0,PassengerCarStationWagonJeep,2013.0,TOYT,CAMRY,SIL,False,,,,,,,,2,4.0,4.0,False
9381649,2294787,1,Driver,True,False,False,M,AIR BAG NOT DEPLOYED,G,OCCUPANT LAP SHOULDER HARNESS USED,CELL PHONE NOT IN USE,NONE APPARENT,,N,SR-85 N/B,65.0,R,OTHER,A,HAD NOT BEEN DRINKING,,,M,MALE,50.0,C,CA,O,OTHER,1.0,PassengerCarStationWagonJeep,2017.0,HYUN,ELANTRA,BLK,False,,,,,,,,3,4.0,4.0,False
9381511,2294714,2,Driver,,False,False,M,AIR BAG NOT DEPLOYED,G,OCCUPANT LAP SHOULDER HARNESS USED,CELL PHONE NOT IN USE,NONE APPARENT,,N,US-101 N/B,65.0,B,PROCEEDING STRAIGHT,A,HAD NOT BEEN DRINKING,,,M,MALE,27.0,C,CA,H,HISPANIC,1.0,PassengerCarStationWagonJeep,2020.0,KIA,FORTE ,GRY,False,,,,,,,,3,4.0,4.0,False
9381510,2294714,1,Driver,True,False,False,M,AIR BAG NOT DEPLOYED,G,OCCUPANT LAP SHOULDER HARNESS USED,CELL PHONE NOT IN USE,NONE APPARENT,,N,US-101 N/B,65.0,J,CHANGING LANES,A,HAD NOT BEEN DRINKING,,,M,MALE,56.0,F,TX,W,WHITE,25.0,TruckTractor,2020.0,PTRB,TRUCK TRACTOR- GASOLINE,WHI,False,31.0,SemiTrailer,2015.0,KENT,FVCC-DS,,,2,4.0,4.0,False
9381498,2294707,2,Driver,,False,False,M,AIR BAG NOT DEPLOYED,G,OCCUPANT LAP SHOULDER HARNESS USED,CELL PHONE NOT IN USE,NONE APPARENT,,S,I-280 S/B,65.0,B,PROCEEDING STRAIGHT,A,HAD NOT BEEN DRINKING,,,M,MALE,68.0,C,CA,W,WHITE,1.0,PassengerCarStationWagonJeep,2005.0,TOYT,PRIUS,GRY,False,,,,,,,,3,4.0,5.0,False
9381497,2294707,1,Driver,True,False,False,M,AIR BAG NOT DEPLOYED,G,OCCUPANT LAP SHOULDER HARNESS USED,CELL PHONE NOT IN USE,NONE APPARENT,,S,I-280 S/B,65.0,J,CHANGING LANES,A,HAD NOT BEEN DRINKING,,,F,FEMALE,21.0,C,CA,W,WHITE,1.0,PassengerCarStationWagonJeep,2012.0,TOYT,CAMRY,BLK,False,,,,,,,,2,4.0,5.0,False
9381430,2294672,2,Driver,,False,False,M,AIR BAG NOT DEPLOYED,G,OCCUPANT LAP SHOULDER HARNESS USED,CELL PHONE NOT IN USE,NONE APPARENT,,S,I-880 S/B FROM BASCOM AVE,65.0,B,PROCEEDING STRAIGHT,A,HAD NOT BEEN DRINKING,,,F,FEMALE,42.0,C,CA,A,ASIAN,1.0,PassengerCarStationWagonJeep,2017.0,TOYT,RAV4,BLK,False,,,,,,,,S/B,1.0,1.0,False
9381429,2294672,1,Driver,True,False,False,M,AIR BAG NOT DEPLOYED,G,OCCUPANT LAP SHOULDER HARNESS USED,CELL PHONE NOT IN USE,NONE APPARENT,,S,I-880 S/B FROM BASCOM AVE,65.0,R,OTHER,A,HAD NOT BEEN DRINKING,,,M,MALE,27.0,C,CA,H,HISPANIC,1.0,PassengerCarStationWagonJeep,2023.0,VOLK,JETTA,WHI,False,,,,,,,,S/B,1.0,1.0,False
9381405,2294658,3,Driver,,False,False,M,AIR BAG NOT DEPLOYED,G,OCCUPANT LAP SHOULDER HARNESS USED,CELL PHONE NOT IN USE,NONE APPARENT,,S,SR-85 S/B,65.0,H,SLOWING/STOPPING,A,HAD NOT BEEN DRINKING,,,M,MALE,39.0,C,CA,W,WHITE,7.0,SportUtilityVehicle,2021.0,TESL,Y,BLU,False,,,,,,,,HOV,1.0,4.0,False
9381404,2294658,2,Driver,,False,False,M,AIR BAG NOT DEPLOYED,G,OCCUPANT LAP SHOULDER HARNESS USED,CELL PHONE NOT IN USE,NONE APPARENT,,S,SR-85 S/B,65.0,B,PROCEEDING STRAIGHT,A,HAD NOT BEEN DRINKING,,,M,MALE,20.0,F,OR,W,WHITE,1.0,PassengerCarStationWagonJeep,2014.0,HOND,CIVIC,GRY,False,,,,,,,,HOV,1.0,4.0,False
9381403,2294658,1,Driver,True,False,False,M,AIR BAG NOT DEPLOYED,G,OCCUPANT LAP SHOULDER HARNESS USED,CELL PHONE NOT IN USE,NONE APPARENT,,S,SR-85 S/B,65.0,B,PROCEEDING STRAIGHT,A,HAD NOT BEEN DRINKING,,,M,MALE,34.0,C,CA,H,HISPANIC,1.0,PassengerCarStationWagonJeep,2011.0,HOND,ACCORD,GRY,False,,,,,,,,HOV,1.0,4.0,False
9381368,2294635,2,Driver,,False,False,M,AIR BAG NOT DEPLOYED,G,OCCUPANT LAP SHOULDER HARNESS USED,CELL PHONE NOT IN USE,NONE APPARENT,,S,US-101 S/B,65.0,B,PROCEEDING STRAIGHT,A,HAD NOT BEEN DRINKING,,,M,MALE,30.0,A,CA,B,BLACK,31.0,SemiTrailer,2016.0,VOLV,VNL,RED,False,,,,,,,,5,5.0,6.0,False
9381367,2294635,1,Driver,True,False,False,M,AIR BAG NOT DEPLOYED,G,OCCUPANT LAP SHOULDER HARNESS USED,CELL PHONE NOT IN USE,NONE APPARENT,,S,US-101 S/B,65.0,J,CHANGING LANES,A,HAD NOT BEEN DRINKING,,,M,MALE,21.0,C,CA,H,HISPANIC,7.0,SportUtilityVehicle,2023.0,TOYT,HIGHLANDER,WHI,False,,,,,,,,5,5.0,6.0,False
9381305,2294601,2,Driver,,False,False,M,AIR BAG NOT DEPLOYED,G,OCCUPANT LAP SHOULDER HARNESS USED,CELL PHONE NOT IN USE,NONE APPARENT,,N,I-880 N/B,65.0,A,STOPPED,A,HAD NOT BEEN DRINKING,,,M,MALE,49.0,C,CA,A,ASIAN,7.0,SportUtilityVehicle,2023.0,TSMR,Y,RED,False,,,,,,,,2,5.0,6.0,False
9381304,2294601,1,Driver,True,False,False,M,AIR BAG NOT DEPLOYED,G,OCCUPANT LAP SHOULDER HARNESS USED,CELL PHONE NOT IN USE,NONE APPARENT,,N,I-880 N/B,65.0,B,PROCEEDING STRAIGHT,A,HAD NOT BEEN DRINKING,,,M,MALE,21.0,U,,H,HISPANIC,1.0,PassengerCarStationWagonJeep,2012.0,HOND,CIVIC,SIL,False,,,,,,,,2,5.0,6.0,False