PartyId,CollisionId,PartyNumber,PartyType,IsAtFault,IsOnDutyEmergencyVehicle,IsHitAndRun,AirbagCode,AirbagDescription,SafetyEquipmentCode,SafetyEquipmentDescription,Special Information,Other Associate Factor,Inattention,DirectionOfTravel,StreetOrHighwayName,SpeedLimit,MovementPrecCollCode,MovementPrecCollDescription,SobrietyDrugPhysicalCode1,SobrietyDrugPhysicalDescription1,SobrietyDrugPhysicalCode2,SobrietyDrugPhysicalDescription2,GenderCode,GenderDescription,StatedAge,DriverLicenseClass,DriverLicenseStateCode,RaceCode,RaceDesc,Vehicle1TypeId, Vehicle1TypeDesc, Vehicle1Year,Vehicle1Make,Vehicle1Model,Vehicle1Color,V1IsVehicleTowed,Vehicle2TypeId, Vehicle2TypeDesc, Vehicle2Year,Vehicle2Make,Vehicle2Model,Vehicle2Color,V2IsVehicleTowed,Lane,ThruLanes,TotalLanes,IsDREConducted
9413669,2311636,1,Driver,True,False,False,M,AIR BAG NOT DEPLOYED,G,OCCUPANT LAP SHOULDER HARNESS USED,CELL PHONE NOT IN USE,NONE APPARENT,,N,US-101 N/B,65.0,B,PROCEEDING STRAIGHT,A,HAD NOT BEEN DRINKING,,,M,MALE,49.0,C,CA,B,BLACK,7.0,SportUtilityVehicle,2020.0,HOND,HRR,WHI,False,,,,,,,,1,5.0,5.0,False
9413350,2311453,1,Driver,True,False,False,L,AIR BAG DEPLOYED,G,OCCUPANT LAP SHOULDER HARNESS USED,CELL PHONE USE UNKNOWN,ENTERING OR LEAVING RAMP,,S,US-101 S/B TO E. JULIAN STREET,65.0,B,PROCEEDING STRAIGHT,G,IMPAIRMENT_NOT_KNOWN,,,M,MALE,38.0,C,CA,H,HISPANIC,7.0,SportUtilityVehicle,2006.0,TOYT,4-RUNNER,BLK,True,,,,,,,,EXIT-1,0.0,2.0,False
9411823,2310649,1,Driver,True,False,False,P,NOT REQUIRED,W,MOTOR BICYCLE DRIVER WITH HELMET,CELL PHONE NOT IN USE,NONE APPARENT,,N,I-280 N/B,65.0,B,PROCEEDING STRAIGHT,A,HAD NOT BEEN DRINKING,,,M,MALE,39.0,M1,CA,W,WHITE,2.0,Motorcycle,2015.0,HD,MOTORCYCLE,BLK,True,,,,,,,,4,4.0,4.0,False
9411817,2310645,2,ParkedVehicle,,False,False,M,AIR BAG NOT DEPLOYED,P,NOT REQUIRED,CELL PHONE NOT IN USE,NONE APPARENT,,N,DELIA ST,25.0,O,PARKED,A,HAD NOT BEEN DRINKING,,,,,,,,,,7.0,SportUtilityVehicle,2023.0,JEEP,CHEROKEE,BLK,False,,,,,,,,RT-SHLD,1.0,1.0,False
9411816,2310645,1,Driver,True,False,True,B,UNKNOWN,B,OCCUPANT UNKNOWN,CELL PHONE USE UNKNOWN,NONE APPARENT,,N,DELIA ST,25.0,M,OTHER UNSAFE TURNING,G,IMPAIRMENT_NOT_KNOWN,,,,,,,,,,99.0,OtherUnknownHitAndRunDriver,,U,,,False,,,,,,,,N/B,1.0,1.0,False
9411815,2310644,2,Driver,,False,False,M,AIR BAG NOT DEPLOYED,G,OCCUPANT LAP SHOULDER HARNESS USED,CELL PHONE NOT IN USE,NONE APPARENT,,N,I-280 N/B,65.0,H,SLOWING/STOPPING,A,HAD NOT BEEN DRINKING,,,M,MALE,19.0,C,CA,W,WHITE,1.0,PassengerCarStationWagonJeep,2024.0,KIA,FORTE,WHI,False,,,,,,,,1,4.0,4.0,False
9411814,2310644,1,Driver,True,False,False,M,AIR BAG NOT DEPLOYED,G,OCCUPANT LAP SHOULDER HARNESS USED,CELL PHONE NOT IN USE,NONE APPARENT,,N,I-280 N/B,65.0,B,PROCEEDING STRAIGHT,A,HAD NOT BEEN DRINKING,,,M,MALE,22.0,C,CA,A,ASIAN,1.0,PassengerCarStationWagonJeep,2021.0,HOND,ACCORD,WHI,False,,,,,,,,1,4.0,4.0,False
9411813,2310643,2,Driver,,False,False,M,AIR BAG NOT DEPLOYED,G,OCCUPANT LAP SHOULDER HARNESS USED,CELL PHONE NOT IN USE,NONE APPARENT,,N,I-280 N/B,65.0,H,SLOWING/STOPPING,A,HAD NOT BEEN DRINKING,,,M,MALE,31.0,U,,H,HISPANIC,1.0,PassengerCarStationWagonJeep,2014.0,NISS,VERSA,BLU,False,,,,,,,,1,4.0,4.0,False
9411812,2310643,1,Driver,True,False,False,M,AIR BAG NOT DEPLOYED,G,OCCUPANT LAP SHOULDER HARNESS USED,CELL PHONE NOT IN USE,NONE APPARENT,,N,I-280 N/B,65.0,B,PROCEEDING STRAIGHT,A,HAD NOT BEEN DRINKING,,,F,FEMALE,22.0,C,CA,W,WHITE,1.0,PassengerCarStationWagonJeep,2016.0,MNNI,COOPER,BLU,False,,,,,,,,1,4.0,4.0,False
9411811,2310642,2,Driver,,False,False,M,AIR BAG NOT DEPLOYED,G,OCCUPANT LAP SHOULDER HARNESS USED,CELL PHONE NOT IN USE,NONE APPARENT,,S,I-280 S/B,65.0,A,STOPPED,A,HAD NOT BEEN DRINKING,,,F,FEMALE,20.0,C,CA,A,ASIAN,1.0,PassengerCarStationWagonJeep,2023.0,TOYT,COROLLA,BLK,False,,,,,,,,2,5.0,5.0,False
9411810,2310642,1,Driver,True,False,False,L,AIR BAG DEPLOYED,H,OCCUPANT LAP SHOULDER HARNESS NOT USED,CELL PHONE NOT IN USE,NONE APPARENT,,S,I-280 S/B,65.0,B,PROCEEDING STRAIGHT,A,HAD NOT BEEN DRINKING,,,M,MALE,23.0,U,CA,B,BLACK,1.0,PassengerCarStationWagonJeep,2016.0,CHEV,MALIBU,SIL,True,,,,,,,,2,5.0,5.0,False
9411797,2310637,3,Driver,,False,False,M,AIR BAG NOT DEPLOYED,G,OCCUPANT LAP SHOULDER HARNESS USED,CELL PHONE NOT IN USE,NONE APPARENT,,S,I-880 S/B,65.0,H,SLOWING/STOPPING,A,HAD NOT BEEN DRINKING,,,M,MALE,,C,CA,H,HISPANIC,1.0,PassengerCarStationWagonJeep,2013.0,TOYT,COROLLA,WHI,False,,,,,,,,3,3.0,4.0,False
9411796,2310637,2,Driver,,False,False,M,AIR BAG NOT DEPLOYED,G,OCCUPANT LAP SHOULDER HARNESS USED,CELL PHONE NOT IN USE,NONE APPARENT,,S,I-880 S/B,65.0,H,SLOWING/STOPPING,A,HAD NOT BEEN DRINKING,,,F,FEMALE,34.0,U,,H,HISPANIC,8.0,MiniVan,2010.0,CHEV,EQUINOX,WHI,False,,,,,,,,3,3.0,4.0,False
9411795,2310637,1,Driver,True,False,False,L,AIR BAG DEPLOYED,G,OCCUPANT LAP SHOULDER HARNESS USED,CELL PHONE NOT IN USE,VC SECTION VIOLATED - VC 22107,,S,I-880 S/B,65.0,B,PROCEEDING STRAIGHT,A,HAD NOT BEEN DRINKING,,,M,MALE,42.0,C,CA,A,ASIAN,1.0,PassengerCarStationWagonJeep,2012.0,VOLK,JETTA,WHI,True,,,,,,,,2,3.0,4.0,False
9411794,2310636,2,Driver,,False,False,M,AIR BAG NOT DEPLOYED,G,OCCUPANT LAP SHOULDER HARNESS USED,CELL PHONE NOT IN USE,NONE APPARENT,,S,I-280 S/B FROM 11TH ST,65.0,B,PROCEEDING STRAIGHT,A,HAD NOT BEEN DRINKING,,,M,MALE,25.0,C,CA,H,HISPANIC,1.0,PassengerCarStationWagonJeep,2004.0,INFI,G35,BLU,False,,,,,,,,1,1.0,1.0,False
9411793,2310636,1,Driver,True,False,False,M,AIR BAG NOT DEPLOYED,G,OCCUPANT LAP SHOULDER HARNESS USED,CELL PHONE NOT IN USE,NONE APPARENT,,S,I-280 S/B FROM 11TH ST,65.0,R,OTHER,A,HAD NOT BEEN DRINKING,,,M,MALE,23.0,U,,H,HISPANIC,1.0,PassengerCarStationWagonJeep,2019.0,NISS,SENTRA,GRY,False,,,,,,,,1,1.0,1.0,False
9411790,2310634,2,Driver,,False,False,M,AIR BAG NOT DEPLOYED,G,OCCUPANT LAP SHOULDER HARNESS USED,,NONE APPARENT,,S,US-101 S/B,65.0,B,PROCEEDING STRAIGHT,A,HAD NOT BEEN DRINKING,,,F,FEMALE,46.0,C,CA,A,ASIAN,7.0,SportUtilityVehicle,2017.0,ACUR,MDX,WHI,False,,,,,,,,4,5.0,6.0,False
9411789,2310634,1,Driver,True,False,True,B,UNKNOWN,B,OCCUPANT UNKNOWN,CELL PHONE USE UNKNOWN,NONE APPARENT,,S,US-101 S/B,65.0,R,OTHER,G,IMPAIRMENT_NOT_KNOWN,,,,,,,,,,99.0,OtherUnknownHitAndRunDriver,,,,,False,,,,,,,,3,5.0,6.0,False
9411786,2310632,2,Driver,,False,False,M,AIR BAG NOT DEPLOYED,G,OCCUPANT LAP SHOULDER HARNESS USED,CELL PHONE NOT IN USE,NONE APPARENT,,N,I-280 N/B,65.0,H,SLOWING/STOPPING,A,HAD NOT BEEN DRINKING,,,F,FEMALE,64.0,C,CA,A,ASIAN,1.0,PassengerCarStationWagonJeep,2023.0,TESL,MODEL 3,BLU,False,,,,,,,,1,4.0,4.0,False
9411785,2310632,1,Driver,True,False,False,M,AIR BAG NOT DEPLOYED,G,OCCUPANT LAP SHOULDER HARNESS USED,CELL PHONE NOT IN USE,NONE APPARENT,,N,I-280 N/B,65.0,B,PROCEEDING STRAIGHT,A,HAD NOT BEEN DRINKING,,,M,MALE,29.0,C,CA,A,ASIAN,7.0,SportUtilityVehicle,2016.0,HONDA ,CRV,WHI,False,,,,,,,,1,4.0,4.0,False
9411146,2310292,2,Driver,,True,False,M,AIR BAG NOT DEPLOYED,G,OCCUPANT LAP SHOULDER HARNESS USED,CELL PHONE NOT IN USE,NONE APPARENT,,S,SR-87 S/B,65.0,A,STOPPED,A,HAD NOT BEEN DRINKING,,,M,MALE,23.0,C,CA,H,HISPANIC,48.0,PoliceCar,2021.0,FORD,EXPLORER,BLK/WHI,False,,,,,,,,3,3.0,3.0,False
9411145,2310292,1,Driver,True,False,False,M,AIR BAG NOT DEPLOYED,G,OCCUPANT LAP SHOULDER HARNESS USED,CELL PHONE NOT IN USE,VC SECTION VIOLATED - VC 22350,,S,SR-87 S/B,65.0,B,PROCEEDING STRAIGHT,B,HBD-UNDER INFLUENCE,,,F,FEMALE,27.0,C,CA,H,HISPANIC,1.0,PassengerCarStationWagonJeep,2017.0,SUBA,LEGACY,SIL,False,,,,,,,,2,3.0,3.0,False
9410654,2310020,2,Driver,,False,False,M,AIR BAG NOT DEPLOYED,G,OCCUPANT LAP SHOULDER HARNESS USED,CELL PHONE NOT IN USE,ENTERING OR LEAVING RAMP,,N,SR-85 N/B TO DE ANZA BLVD,65.0,H,SLOWING/STOPPING,A,HAD NOT BEEN DRINKING,,,M,MALE,77.0,C,CA,W,WHITE,7.0,SportUtilityVehicle,2006.0,TOYT,SEQUOIA,BLU,False,,,,,,,,RT,1.0,3.0,False
9410653,2310020,1,Driver,True,False,False,M,AIR BAG NOT DEPLOYED,G,OCCUPANT LAP SHOULDER HARNESS USED,CELL PHONE NOT IN USE,ENTERING OR LEAVING RAMP,,N,SR-85 N/B TO DE ANZA BLVD,65.0,J,CHANGING LANES,A,HAD NOT BEEN DRINKING,,,F,FEMALE,48.0,C,CA,B,BLACK,1.0,PassengerCarStationWagonJeep,2017.0,CHEV,MALIBU,BLK,False,,,,,,,,1,1.0,3.0,False
9409979,2309672,2,Driver,,False,False,M,AIR BAG NOT DEPLOYED,G,OCCUPANT LAP SHOULDER HARNESS USED,CELL PHONE NOT IN USE,ENTERING OR LEAVING RAMP,,N,US-101 N/B TO OAKLAND RD,65.0,A,STOPPED,A,HAD NOT BEEN DRINKING,,,M,MALE,38.0,C,CA,A,ASIAN,7.0,SportUtilityVehicle,1997.0,HOND,CRV,RED,False,,,,,,,,EXIT,0.0,1.0,False
9409978,2309672,1,Driver,True,False,False,M,AIR BAG NOT DEPLOYED,G,OCCUPANT LAP SHOULDER HARNESS USED,CELL PHONE NOT IN USE,ENTERING OR LEAVING RAMP,,N,US-101 N/B TO OAKLAND RD,65.0,B,PROCEEDING STRAIGHT,A,HAD NOT BEEN DRINKING,,,M,MALE,20.0,U,,H,HISPANIC,1.0,PassengerCarStationWagonJeep,2006.0,TOYT,PRIUS,BLU,False,,,,,,,,EXIT,0.0,1.0,False
9409974,2309669,2,Driver,,False,False,M,AIR BAG NOT DEPLOYED,G,OCCUPANT LAP SHOULDER HARNESS USED,CELL PHONE NOT IN USE,NONE APPARENT,,N,US-101 N/B,65.0,B,PROCEEDING STRAIGHT,A,HAD NOT BEEN DRINKING,,,F,FEMALE,29.0,C,CA,A,ASIAN,7.0,SportUtilityVehicle,2022.0,LEXS,RX350,BLK,False,,,,,,,,3,4.0,4.0,False
9409973,2309669,1,Driver,True,False,False,M,AIR BAG NOT DEPLOYED,G,OCCUPANT LAP SHOULDER HARNESS USED,CELL PHONE NOT IN USE,NONE APPARENT,,N,US-101 N/B,65.0,J,CHANGING LANES,A,HAD NOT BEEN DRINKING,,,M,MALE,18.0,U,CA,W,WHITE,1.0,PassengerCarStationWagonJeep,2003.0,HOND,ACCORD,WHI,False,,,,,,,,4,4.0,4.0,False
9409746,2309548,2,Driver,,False,False,M,AIR BAG NOT DEPLOYED,G,OCCUPANT LAP SHOULDER HARNESS USED,CELL PHONE NOT IN USE,NONE APPARENT,,N,I-880 N/B,65.0,H,SLOWING/STOPPING,A,HAD NOT BEEN DRINKING,,,M,MALE,58.0,C,CA,O,OTHER,1.0,PassengerCarStationWagonJeep,2014.0,LEXS,ES350,SIL,False,,,,,,,,1,3.0,3.0,False
9409745,2309548,1,Driver,True,False,False,M,AIR BAG NOT DEPLOYED,G,OCCUPANT LAP SHOULDER HARNESS USED,CELL PHONE NOT IN USE,NONE APPARENT,,N,I-880 N/B,65.0,B,PROCEEDING STRAIGHT,A,HAD NOT BEEN DRINKING,,,M,MALE,46.0,C,CA,B,BLACK,22.0,PickupsAndPanels,2023.0,CHEV,SILVERADO,WHI,False,,,,,,,,1,3.0,3.0,False
9409723,2309537,2,Driver,True,False,True,B,UNKNOWN,B,OCCUPANT UNKNOWN,CELL PHONE USE UNKNOWN,NONE APPARENT,,S,I-280 S/B,65.0,R,OTHER,G,IMPAIRMENT_NOT_KNOWN,,,,,,,,,,99.0,OtherUnknownHitAndRunDriver,,,,,False,,,,,,,,2,4.0,5.0,False
9409722,2309537,1,Driver,,False,False,L,AIR BAG DEPLOYED,G,OCCUPANT LAP SHOULDER HARNESS USED,CELL PHONE NOT IN USE,NONE APPARENT,,S,I-280 S/B,65.0,B,PROCEEDING STRAIGHT,A,HAD NOT BEEN DRINKING,,,M,MALE,26.0,C,CA,W,WHITE,22.0,PickupsAndPanels,2015.0,RAM,1500,WHI,True,,,,,,,,1,4.0,5.0,False
9409682,2309513,1,Driver,True,False,True,B,UNKNOWN,B,OCCUPANT UNKNOWN,CELL PHONE USE UNKNOWN,NONE APPARENT,,N,SR-87 N/B,65.0,R,OTHER,G,IMPAIRMENT_NOT_KNOWN,,,,,,,,,,7.0,SportUtilityVehicle,2001.0,ACUR,MDX,SIL,False,,,,,,,,HOV,3.0,3.0,False
9409675,2309508,2,Driver,,False,False,M,AIR BAG NOT DEPLOYED,G,OCCUPANT LAP SHOULDER HARNESS USED,CELL PHONE NOT IN USE,NONE APPARENT,,S,I-680 S/B,65.0,H,SLOWING/STOPPING,A,HAD NOT BEEN DRINKING,,,F,FEMALE,59.0,C,CA,W,WHITE,7.0,SportUtilityVehicle,2017.0,MAZD,CX5,RED,False,,,,,,,,4,4.0,5.0,False
9409674,2309508,1,Driver,True,False,True,B,UNKNOWN,B,OCCUPANT UNKNOWN,CELL PHONE USE UNKNOWN,NONE APPARENT,,S,I-680 S/B,65.0,B,PROCEEDING STRAIGHT,G,IMPAIRMENT_NOT_KNOWN,,,,,,,,,,99.0,OtherUnknownHitAndRunDriver,,,,,False,,,,,,,,4,4.0,5.0,False
9409661,2309500,1,Driver,True,False,False,L,AIR BAG DEPLOYED,G,OCCUPANT LAP SHOULDER HARNESS USED,CELL PHONE NOT IN USE,VC SECTION VIOLATED - VC 22107,,N,SR-85 N/B,65.0,R,OTHER,B,HBD-UNDER INFLUENCE,,,F,FEMALE,23.0,C,CA,H,HISPANIC,1.0,PassengerCarStationWagonJeep,2006.0,HOND,ACCORD,SIL,True,,,,,,,,1,4.0,4.0,False
9409639,2309489,3,Driver,,False,False,M,AIR BAG NOT DEPLOYED,G,OCCUPANT LAP SHOULDER HARNESS USED,CELL PHONE NOT IN USE,NONE APPARENT,,N,SR-87 N/B,65.0,H,SLOWING/STOPPING,A,HAD NOT BEEN DRINKING,,,F,FEMALE,29.0,C,CA,A,ASIAN,1.0,PassengerCarStationWagonJeep,2024.0,MNNI,COUNTYMAN,BLK,False,,,,,,,,3,3.0,3.0,False
9409638,2309489,2,Driver,,False,False,M,AIR BAG NOT DEPLOYED,G,OCCUPANT LAP SHOULDER HARNESS USED,CELL PHONE NOT IN USE,NONE APPARENT,,N,SR-87 N/B,65.0,H,SLOWING/STOPPING,A,HAD NOT BEEN DRINKING,,,M,MALE,70.0,C,CA,H,HISPANIC,7.0,SportUtilityVehicle,2013.0,BMW,X3,SIL,False,,,,,,,,3,3.0,3.0,False
9409637,2309489,1,Driver,True,False,False,L,AIR BAG DEPLOYED,G,OCCUPANT LAP SHOULDER HARNESS USED,CELL PHONE NOT IN USE,NONE APPARENT,,N,SR-87 N/B,65.0,B,PROCEEDING STRAIGHT,A,HAD NOT BEEN DRINKING,,,F,FEMALE,32.0,C,CA,H,HISPANIC,1.0,PassengerCarStationWagonJeep,2010.0,LEXS,IS250,SIL,True,,,,,,,,3,3.0,3.0,False
9409610,2309473,2,Driver,,False,False,M,AIR BAG NOT DEPLOYED,G,OCCUPANT LAP SHOULDER HARNESS USED,CELL PHONE NOT IN USE,NONE APPARENT,,N,I-280 N/B,65.0,B,PROCEEDING STRAIGHT,A,HAD NOT BEEN DRINKING,,,F,FEMALE,57.0,C,CA,A,ASIAN,1.0,PassengerCarStationWagonJeep,2011.0,HOND,ACCORD,RED,False,,,,,,,,5,4.0,5.0,False
9409609,2309473,1,Driver,True,False,False,M,AIR BAG NOT DEPLOYED,G,OCCUPANT LAP SHOULDER HARNESS USED,CELL PHONE NOT IN USE,NONE APPARENT,,N,I-280 N/B,65.0,J,CHANGING LANES,A,HAD NOT BEEN DRINKING,,,M,MALE,57.0,C,CA,W,WHITE,7.0,SportUtilityVehicle,2018.0,LNDR,RANGE ROVER,BLK,False,,,,,,,,4,4.0,5.0,False
9409592,2309462,2,Driver,,False,False,M,AIR BAG NOT DEPLOYED,G,OCCUPANT LAP SHOULDER HARNESS USED,CELL PHONE NOT IN USE,NONE APPARENT,,N,US-101 N/B TO I-880 N/B,65.0,B,PROCEEDING STRAIGHT,A,HAD NOT BEEN DRINKING,,,F,FEMALE,52.0,C,CA,A,ASIAN,7.0,SportUtilityVehicle,2023.0,SUBA,OUTBACK,BLU,True,,,,,,,,N/B,1.0,1.0,False
9409591,2309462,1,Driver,True,False,False,M,AIR BAG NOT DEPLOYED,G,OCCUPANT LAP SHOULDER HARNESS USED,CELL PHONE NOT IN USE,NONE APPARENT,,N,US-101 N/B TO I-880 N/B,65.0,B,PROCEEDING STRAIGHT,A,HAD NOT BEEN DRINKING,,,M,MALE,65.0,A,ID,W,WHITE,25.0,TruckTractor,2020.0,FRHT, CASCADIA,BLU,False,31.0,SemiTrailer,1998.0,WESTERN,TRAILER,SIL,,N/B,1.0,1.0,False
9409583,2309456,1,Driver,True,False,False,M,AIR BAG NOT DEPLOYED,G,OCCUPANT LAP SHOULDER HARNESS USED,CELL PHONE NOT IN USE,VC SECTION VIOLATED - VC 22350,,N,SR-87 N/B TO W SANTA CLARA ST,65.0,B,PROCEEDING STRAIGHT,B,HBD-UNDER INFLUENCE,,,M,MALE,31.0,C,CA,H,HISPANIC,7.0,SportUtilityVehicle,2024.0,HOND,CRV,WHI,False,,,,,,,,1,2.0,2.0,False
9409579,2309452,2,Driver,,False,False,M,AIR BAG NOT DEPLOYED,G,OCCUPANT LAP SHOULDER HARNESS USED,CELL PHONE NOT IN USE,NONE APPARENT,,S,I-880 S/B,65.0,B,PROCEEDING STRAIGHT,A,HAD NOT BEEN DRINKING,,,M,MALE,35.0,C,CA,A,ASIAN,1.0,PassengerCarStationWagonJeep,2018.0,TESL,3,BLU,False,,,,,,,,1,3.0,4.0,False
9409578,2309452,1,Driver,True,False,False,M,AIR BAG NOT DEPLOYED,G,OCCUPANT LAP SHOULDER HARNESS USED,CELL PHONE USE UNKNOWN,NONE APPARENT,,S,I-880 S/B,65.0,R,OTHER,D,HBD-IMPAIRMENT UNKNOWN,,,M,MALE,46.0,U,,H,HISPANIC,99.0,OtherUnknownHitAndRunDriver,2020.0,TOYT,HIGHLANDER,WHI,False,,,,,,,,2,3.0,4.0,False
9409401,2309360,2,Driver,,False,False,M,AIR BAG NOT DEPLOYED,G,OCCUPANT LAP SHOULDER HARNESS USED,CELL PHONE NOT IN USE,NONE APPARENT,,S,I-280 N/B TO SR-87 S/B,65.0,B,PROCEEDING STRAIGHT,A,HAD NOT BEEN DRINKING,,,M,MALE,38.0,C,CA,B,BLACK,1.0,PassengerCarStationWagonJeep,2007.0,MERZ,CL550,SIL,False,,,,,,,,2,2.0,2.0,False
9409400,2309360,1,Driver,True,False,False,M,AIR BAG NOT DEPLOYED,G,OCCUPANT LAP SHOULDER HARNESS USED,CELL PHONE NOT IN USE,NONE APPARENT,,S,I-280 N/B TO SR-87 S/B,65.0,J,CHANGING LANES,A,HAD NOT BEEN DRINKING,,,M,MALE,21.0,U,CA,H,HISPANIC,1.0,PassengerCarStationWagonJeep,2012.0,HYUN,SONATA,BLK,False,,,,,,,,1,2.0,2.0,False
9409380,2309348,2,Driver,,False,False,M,AIR BAG NOT DEPLOYED,G,OCCUPANT LAP SHOULDER HARNESS USED,CELL PHONE NOT IN USE,NONE APPARENT,,S,I-680 S/B ,65.0,B,PROCEEDING STRAIGHT,A,HAD NOT BEEN DRINKING,,,F,FEMALE,26.0,C,CA,H,HISPANIC,7.0,SportUtilityVehicle,2021.0,HOND,CRV,BLU,False,,,,,,,,4,4.0,5.0,False
9409379,2309348,1,Driver,True,False,True,B,UNKNOWN,B,OCCUPANT UNKNOWN,CELL PHONE USE UNKNOWN,NONE APPARENT,,S,I-680 S/B ,65.0,R,OTHER,G,IMPAIRMENT_NOT_KNOWN,,,,,,,,,,99.0,OtherUnknownHitAndRunDriver,,,,,False,,,,,,,,4,4.0,5.0,False
9409315,2309312,4,Driver,,False,False,L,AIR BAG DEPLOYED,G,OCCUPANT LAP SHOULDER HARNESS USED,CELL PHONE NOT IN USE,NONE APPARENT,,N,I-280 N/B,65.0,H,SLOWING/STOPPING,A,HAD NOT BEEN DRINKING,,,F,FEMALE,33.0,C,CA,O,OTHER,7.0,SportUtilityVehicle,2020.0,KIA,NIRO,WHI,False,,,,,,,,3,5.0,5.0,False
9409314,2309312,3,Driver,,False,False,M,AIR BAG NOT DEPLOYED,G,OCCUPANT LAP SHOULDER HARNESS USED,CELL PHONE NOT IN USE,NONE APPARENT,,N,I-280 N/B,65.0,H,SLOWING/STOPPING,A,HAD NOT BEEN DRINKING,,,F,FEMALE,21.0,C,CA,A,ASIAN,7.0,SportUtilityVehicle,2013.0,HOND,CRV,GRY,False,,,,,,,,3,5.0,5.0,False
9409313,2309312,2,Driver,,False,False,M,AIR BAG NOT DEPLOYED,G,OCCUPANT LAP SHOULDER HARNESS USED,CELL PHONE NOT IN USE,NONE APPARENT,,N,I-280 N/B,65.0,H,SLOWING/STOPPING,A,HAD NOT BEEN DRINKING,,,F,FEMALE,42.0,C,CA,O,OTHER,7.0,SportUtilityVehicle,2021.0,TOYT,HIGHLANDER,GRY,False,,,,,,,,3,5.0,5.0,False
9409312,2309312,1,Driver,True,False,False,L,AIR BAG DEPLOYED,G,OCCUPANT LAP SHOULDER HARNESS USED,CELL PHONE NOT IN USE,NONE APPARENT,,N,I-280 N/B,65.0,B,PROCEEDING STRAIGHT,A,HAD NOT BEEN DRINKING,,,M,MALE,31.0,C,CA,H,HISPANIC,7.0,SportUtilityVehicle,2015.0,JEEP,CHEROKEE,GRY,False,,,,,,,,3,5.0,5.0,False
9431220,2320985,3,Driver,,False,False,M,AIR BAG NOT DEPLOYED,G,OCCUPANT LAP SHOULDER HARNESS USED,CELL PHONE NOT IN USE,NONE APPARENT,,S,US-101 S/B,65.0,A,STOPPED,A,HAD NOT BEEN DRINKING,,,M,MALE,1.0,U,CA,H,HISPANIC,1.0,PassengerCarStationWagonJeep,2008.0,MERZ,C320,SIL,False,,,,,,,,6,6.0,6.0,False
9431219,2320985,2,Driver,,False,False,M,AIR BAG NOT DEPLOYED,G,OCCUPANT LAP SHOULDER HARNESS USED,CELL PHONE NOT IN USE,NONE APPARENT,,S,US-101 S/B,65.0,H,SLOWING/STOPPING,A,HAD NOT BEEN DRINKING,,,F,FEMALE,55.0,C,CA,H,HISPANIC,7.0,SportUtilityVehicle,2013.0,ACUR,MDX,SIL,False,,,,,,,,6,6.0,6.0,False
9431218,2320985,1,Driver,True,True,False,L,AIR BAG DEPLOYED,G,OCCUPANT LAP SHOULDER HARNESS USED,CELL PHONE HANDHELD IN USE,NONE APPARENT,,S,US-101 S/B,65.0,B,PROCEEDING STRAIGHT,A,HAD NOT BEEN DRINKING,,,F,FEMALE,53.0,C,CA,H,HISPANIC,1.0,PassengerCarStationWagonJeep,,CHEV,IMPALA,BLK,True,,,,,,,,6,6.0,6.0,False
9431132,2320939,1,Driver,True,False,False,M,AIR BAG NOT DEPLOYED,G,OCCUPANT LAP SHOULDER HARNESS USED,CELL PHONE NOT IN USE,NONE APPARENT,,N,SR-85 N/B,65.0,B,PROCEEDING STRAIGHT,A,HAD NOT BEEN DRINKING,,,M,MALE,41.0,C,CA,H,HISPANIC,1.0,PassengerCarStationWagonJeep,2017.0,MITS,MIRAGE,BLK,False,,,,,,,,3,3.0,3.0,False
9430982,2320862,1,Driver,True,False,False,M,AIR BAG NOT DEPLOYED,G,OCCUPANT LAP SHOULDER HARNESS USED,CELL PHONE NOT IN USE,NONE APPARENT,,S,I-680 S/B TO US-101 S/B,65.0,B,PROCEEDING STRAIGHT,A,HAD NOT BEEN DRINKING,I,SLEEPY/FATIGUED,M,MALE,18.0,C,CA,A,ASIAN,7.0,SportUtilityVehicle,2014.0,TOYT,RAV4,WHI,False,,,,,,,,1,2.0,3.0,False
9430938,2320842,2,Driver,,False,False,M,AIR BAG NOT DEPLOYED,G,OCCUPANT LAP SHOULDER HARNESS USED,CELL PHONE NOT IN USE,NONE APPARENT,,S,SR-87 S/B TO CAPITOL EXPY,65.0,A,STOPPED,A,HAD NOT BEEN DRINKING,,,M,MALE,32.0,C,CA,O,OTHER,7.0,SportUtilityVehicle,2022.0,HYUN,TUSCON,/BLU,False,,,,,,,,RT,0.0,4.0,False
9430937,2320842,1,Driver,True,False,True,B,UNKNOWN,B,OCCUPANT UNKNOWN,CELL PHONE USE UNKNOWN,NONE APPARENT,,S,SR-87 S/B TO CAPITOL EXPY,65.0,B,PROCEEDING STRAIGHT,G,IMPAIRMENT_NOT_KNOWN,,,,,,,,,,99.0,OtherUnknownHitAndRunDriver,,,,,False,,,,,,,,RT,0.0,4.0,False
9430925,2320836,2,Driver,,False,False,M,AIR BAG NOT DEPLOYED,G,OCCUPANT LAP SHOULDER HARNESS USED,CELL PHONE NOT IN USE,NONE APPARENT,,S,US-101 S/B,65.0,B,PROCEEDING STRAIGHT,A,HAD NOT BEEN DRINKING,,,M,MALE,40.0,C,CA,H,HISPANIC,1.0,PassengerCarStationWagonJeep,2017.0,NISS,MAXIMA,RED,False,,,,,,,,6,6.0,6.0,False