PartyId,CollisionId,PartyNumber,PartyType,IsAtFault,IsOnDutyEmergencyVehicle,IsHitAndRun,AirbagCode,AirbagDescription,SafetyEquipmentCode,SafetyEquipmentDescription,Special Information,Other Associate Factor,Inattention,DirectionOfTravel,StreetOrHighwayName,SpeedLimit,MovementPrecCollCode,MovementPrecCollDescription,SobrietyDrugPhysicalCode1,SobrietyDrugPhysicalDescription1,SobrietyDrugPhysicalCode2,SobrietyDrugPhysicalDescription2,GenderCode,GenderDescription,StatedAge,DriverLicenseClass,DriverLicenseStateCode,RaceCode,RaceDesc,Vehicle1TypeId, Vehicle1TypeDesc, Vehicle1Year,Vehicle1Make,Vehicle1Model,Vehicle1Color,V1IsVehicleTowed,Vehicle2TypeId, Vehicle2TypeDesc, Vehicle2Year,Vehicle2Make,Vehicle2Model,Vehicle2Color,V2IsVehicleTowed,Lane,ThruLanes,TotalLanes,IsDREConducted
9471236,2341868,1,Driver,True,False,True,B,UNKNOWN,B,OCCUPANT UNKNOWN,CELL PHONE USE UNKNOWN,NONE APPARENT,,N,I-680 N/B,65.0,B,PROCEEDING STRAIGHT,G,IMPAIRMENT_NOT_KNOWN,,,,,,,,,,99.0,OtherUnknownHitAndRunDriver,,,,,False,,,,,,,,3,4.0,4.0,False
9471176,2341834,3,Driver,,False,False,M,AIR BAG NOT DEPLOYED,G,OCCUPANT LAP SHOULDER HARNESS USED,CELL PHONE NOT IN USE,NONE APPARENT,,N,SR-17 N/B TO SANTA CLARA ST,65.0,A,STOPPED,A,HAD NOT BEEN DRINKING,,,F,FEMALE,67.0,C,CA,B,BLACK,1.0,PassengerCarStationWagonJeep,2007.0,HOND,ACCORD,SIL,True,,,,,,,,EXIT-3,0.0,3.0,False
9471175,2341834,2,Driver,,False,False,M,AIR BAG NOT DEPLOYED,G,OCCUPANT LAP SHOULDER HARNESS USED,CELL PHONE NOT IN USE,NONE APPARENT,,N,SR-17 N/B TO SANTA CLARA ST,65.0,H,SLOWING/STOPPING,A,HAD NOT BEEN DRINKING,,,F,FEMALE,25.0,C,CA,W,WHITE,1.0,PassengerCarStationWagonJeep,2016.0,HOND,FIT,WHI,True,,,,,,,,EXIT-3,0.0,3.0,False
9471174,2341834,1,Driver,True,False,False,M,AIR BAG NOT DEPLOYED,G,OCCUPANT LAP SHOULDER HARNESS USED,CELL PHONE NOT IN USE,NONE APPARENT,,N,SR-87 N/B TO SANTA CLARA ST,65.0,B,PROCEEDING STRAIGHT,A,HAD NOT BEEN DRINKING,,,M,MALE,25.0,C,CA,H,HISPANIC,1.0,PassengerCarStationWagonJeep,2014.0,DODG,CHALLENGER,BLK,True,,,,,,,,EXIT-3,0.0,3.0,False
9471154,2341824,3,Driver,,False,False,M,AIR BAG NOT DEPLOYED,G,OCCUPANT LAP SHOULDER HARNESS USED,CELL PHONE NOT IN USE,NONE APPARENT,,S,US-101 S/B,65.0,A,STOPPED,A,HAD NOT BEEN DRINKING,,,M,MALE,52.0,C,CA,W,WHITE,22.0,PickupsAndPanels,2008.0,HOND,RIDGELINE,SIL,False,,,,,,,,1,4.0,5.0,False
9471153,2341824,2,Driver,,False,False,M,AIR BAG NOT DEPLOYED,G,OCCUPANT LAP SHOULDER HARNESS USED,CELL PHONE NOT IN USE,NONE APPARENT,,S,US-101 S/B,65.0,A,STOPPED,A,HAD NOT BEEN DRINKING,,,M,MALE,60.0,C,CA,B,BLACK,1.0,PassengerCarStationWagonJeep,2023.0,KIA,FORTE,BLK,False,,,,,,,,1,4.0,5.0,False
9471152,2341824,1,Driver,True,False,False,M,AIR BAG NOT DEPLOYED,G,OCCUPANT LAP SHOULDER HARNESS USED,CELL PHONE NOT IN USE,NONE APPARENT,,S,US-101 S/B,65.0,B,PROCEEDING STRAIGHT,A,HAD NOT BEEN DRINKING,,,M,MALE,18.0,C,CA,H,HISPANIC,22.0,PickupsAndPanels,2008.0,TOYT,TACOMA,BLU,False,,,,,,,,1,4.0,5.0,False
9471151,2341823,4,Driver,,False,False,M,AIR BAG NOT DEPLOYED,G,OCCUPANT LAP SHOULDER HARNESS USED,CELL PHONE NOT IN USE,NONE APPARENT,,N,I-880 N/B,65.0,A,STOPPED,A,HAD NOT BEEN DRINKING,,,M,MALE,33.0,C,CA,A,ASIAN,7.0,SportUtilityVehicle,2021.0,MAZD,CX5,BLK,False,,,,,,,,1,3.0,3.0,False
9471150,2341823,3,Driver,,False,False,M,AIR BAG NOT DEPLOYED,G,OCCUPANT LAP SHOULDER HARNESS USED,CELL PHONE NOT IN USE,NONE APPARENT,,N,I-880 N/B,65.0,A,STOPPED,A,HAD NOT BEEN DRINKING,,,M,MALE,60.0,C,CA,B,BLACK,7.0,SportUtilityVehicle,2021.0,PORS,MACAN,SIL,False,,,,,,,,1,3.0,3.0,False
9471149,2341823,2,Driver,,False,False,M,AIR BAG NOT DEPLOYED,G,OCCUPANT LAP SHOULDER HARNESS USED,CELL PHONE NOT IN USE,NONE APPARENT,,N,I-880 N/B,65.0,A,STOPPED,A,HAD NOT BEEN DRINKING,,,F,FEMALE,41.0,C,CA,A,ASIAN,1.0,PassengerCarStationWagonJeep,2021.0,ACUR,ILX,RED,False,,,,,,,,1,3.0,3.0,False
9471148,2341823,1,Driver,True,False,False,L,AIR BAG DEPLOYED,G,OCCUPANT LAP SHOULDER HARNESS USED,CELL PHONE NOT IN USE,NONE APPARENT,,N,I-880 N/B,65.0,B,PROCEEDING STRAIGHT,A,HAD NOT BEEN DRINKING,,,M,MALE,45.0,C,CA,W,WHITE,1.0,PassengerCarStationWagonJeep,2010.0,MAZD,MAZDA3,BLU,False,,,,,,,,1,3.0,3.0,False
9471096,2341796,2,Driver,,False,False,M,AIR BAG NOT DEPLOYED,G,OCCUPANT LAP SHOULDER HARNESS USED,CELL PHONE NOT IN USE,NONE APPARENT,,S,SR-85 S/B,65.0,H,SLOWING/STOPPING,A,HAD NOT BEEN DRINKING,,,F,FEMALE,52.0,C,CA,H,HISPANIC,1.0,PassengerCarStationWagonJeep,2002.0,HOND,ACCORD,SIL,False,,,,,,,,1,2.0,3.0,False
9471095,2341796,1,Driver,True,False,False,L,AIR BAG DEPLOYED,G,OCCUPANT LAP SHOULDER HARNESS USED,CELL PHONE NOT IN USE,NONE APPARENT,,S,SR-85 S/B,65.0,B,PROCEEDING STRAIGHT,A,HAD NOT BEEN DRINKING,,,F,FEMALE,52.0,C,CA,A,ASIAN,8.0,MiniVan,2012.0,HOND,ODYSSEY,MAR,False,,,,,,,,1,3.0,3.0,False
9470993,2341744,2,Driver,,False,False,M,AIR BAG NOT DEPLOYED,G,OCCUPANT LAP SHOULDER HARNESS USED,CELL PHONE NOT IN USE,NONE APPARENT,,E,SR-237 E/B,65.0,A,STOPPED,A,HAD NOT BEEN DRINKING,,,M,MALE,29.0,C,CA,A,ASIAN,1.0,PassengerCarStationWagonJeep,2016.0,HOND,ACCORD,BLK,False,,,,,,,,1,3.0,4.0,False
9470992,2341744,1,Driver,True,False,False,L,AIR BAG DEPLOYED,G,OCCUPANT LAP SHOULDER HARNESS USED,CELL PHONE NOT IN USE,NONE APPARENT,,E,SR-237 E/B,65.0,B,PROCEEDING STRAIGHT,A,HAD NOT BEEN DRINKING,,,M,MALE,26.0,U,CA,H,HISPANIC,1.0,PassengerCarStationWagonJeep,2024.0,HOND,CIVIC,BLK,False,,,,,,,,1,3.0,4.0,False
9470729,2341605,4,Driver,,False,False,M,AIR BAG NOT DEPLOYED,G,OCCUPANT LAP SHOULDER HARNESS USED,CELL PHONE NOT IN USE,VC SECTION VIOLATED - VC 22350,,S,I-280 S/B,65.0,B,PROCEEDING STRAIGHT,A,HAD NOT BEEN DRINKING,,,F,FEMALE,27.0,C,CA,A,ASIAN,1.0,PassengerCarStationWagonJeep,2018.0,TOYT,PRIUS,SIL,False,,,,,,,,HOV,4.0,4.0,False
9470728,2341605,3,Driver,,False,False,M,AIR BAG NOT DEPLOYED,G,OCCUPANT LAP SHOULDER HARNESS USED,CELL PHONE NOT IN USE,NONE APPARENT,,S,I-280 S/B,65.0,H,SLOWING/STOPPING,A,HAD NOT BEEN DRINKING,,,M,MALE,17.0,C,CA,W,WHITE,7.0,SportUtilityVehicle,2015.0,ACUR,MDX,SIL,False,,,,,,,,HOV,4.0,4.0,False
9470727,2341605,2,Driver,,False,False,M,AIR BAG NOT DEPLOYED,G,OCCUPANT LAP SHOULDER HARNESS USED,CELL PHONE NOT IN USE,NONE APPARENT,,S,I-280 S/B,65.0,H,SLOWING/STOPPING,A,HAD NOT BEEN DRINKING,,,M,MALE,34.0,C,CA,A,ASIAN,7.0,SportUtilityVehicle,2023.0,TOYT,RAV4,WHI,False,,,,,,,,HOV,4.0,4.0,False
9470726,2341605,1,Driver,True,False,False,M,AIR BAG NOT DEPLOYED,G,OCCUPANT LAP SHOULDER HARNESS USED,CELL PHONE NOT IN USE,NONE APPARENT,,S,I-280 S/B,65.0,B,PROCEEDING STRAIGHT,A,HAD NOT BEEN DRINKING,,,M,MALE,17.0,C,CA,W,WHITE,1.0,PassengerCarStationWagonJeep,2007.0,MERZ,C230,BLK,False,,,,,,,,HOV,4.0,4.0,False
9470652,2341566,2,Driver,,False,False,M,AIR BAG NOT DEPLOYED,G,OCCUPANT LAP SHOULDER HARNESS USED,CELL PHONE NOT IN USE,NONE APPARENT,,S,I-880 S/B,65.0,H,SLOWING/STOPPING,A,HAD NOT BEEN DRINKING,,,F,FEMALE,35.0,C,CA,W,WHITE,1.0,PassengerCarStationWagonJeep,2021.0,NISS,ROGUE,SIL,False,,,,,,,,3,3.0,5.0,False
9470651,2341566,1,Driver,True,False,False,L,AIR BAG DEPLOYED,G,OCCUPANT LAP SHOULDER HARNESS USED,CELL PHONE NOT IN USE,NONE APPARENT,,S,I-880 S/B,65.0,B,PROCEEDING STRAIGHT,A,HAD NOT BEEN DRINKING,,,F,FEMALE,32.0,C,CA,A,ASIAN,1.0,PassengerCarStationWagonJeep,2015.0,NISS,SENTRA,GRY,False,,,,,,,,3,3.0,5.0,False
9470634,2341557,2,Driver,,False,False,L,AIR BAG DEPLOYED,G,OCCUPANT LAP SHOULDER HARNESS USED,CELL PHONE NOT IN USE,PREVIOUS COLLISION,,S,I-280 S/B,65.0,A,STOPPED,B,HBD-UNDER INFLUENCE,,,M,MALE,37.0,C,CA,W,WHITE,7.0,SportUtilityVehicle,2022.0,SUBA,CROSSTREK ,BLK,True,,,,,,,,3,4.0,5.0,False
9470633,2341557,1,Driver,True,False,False,L,AIR BAG DEPLOYED,G,OCCUPANT LAP SHOULDER HARNESS USED,CELL PHONE NOT IN USE,PREVIOUS COLLISION,,S,I-280 S/B,65.0,B,PROCEEDING STRAIGHT,A,HAD NOT BEEN DRINKING,,,M,MALE,33.0,C,CA,A,ASIAN,7.0,SportUtilityVehicle,2001.0,MITS,MONTERO,BLK,True,,,,,,,,3,4.0,5.0,False
9470573,2341526,1,Driver,True,False,False,L,AIR BAG DEPLOYED,G,OCCUPANT LAP SHOULDER HARNESS USED,CELL PHONE NOT IN USE,VC SECTION VIOLATED - VC 22107,,S,I-280 S/B,65.0,R,OTHER,B,HBD-UNDER INFLUENCE,,,M,MALE,37.0,C,CA,W,WHITE,7.0,SportUtilityVehicle,2022.0,SUBA,CROSSTREK,BLK,True,,,,,,,,2,4.0,5.0,False
9469846,2341166,3,Driver,,False,False,M,AIR BAG NOT DEPLOYED,G,OCCUPANT LAP SHOULDER HARNESS USED,CELL PHONE NOT IN USE,NONE APPARENT,,N,US-101 N/B,65.0,H,SLOWING/STOPPING,A,HAD NOT BEEN DRINKING,,,M,MALE,33.0,C,CA,H,HISPANIC,22.0,PickupsAndPanels,2015.0,FORD,F150,WHI,False,,,,,,,,1,4.0,4.0,False
9469845,2341166,2,Driver,,False,False,M,AIR BAG NOT DEPLOYED,G,OCCUPANT LAP SHOULDER HARNESS USED,CELL PHONE NOT IN USE,NONE APPARENT,,N,US-101 N/B,65.0,H,SLOWING/STOPPING,A,HAD NOT BEEN DRINKING,,,F,FEMALE,51.0,C,CA,A,ASIAN,7.0,SportUtilityVehicle,2017.0,SUBA,FORESTER,RED,True,,,,,,,,1,4.0,4.0,False
9469844,2341166,1,Driver,True,False,False,L,AIR BAG DEPLOYED,G,OCCUPANT LAP SHOULDER HARNESS USED,CELL PHONE NOT IN USE,NONE APPARENT,,N,US-101 N/B,65.0,B,PROCEEDING STRAIGHT,A,HAD NOT BEEN DRINKING,,,M,MALE,63.0,C,CA,W,WHITE,22.0,PickupsAndPanels,2023.0,FORD,F150,WHI,True,,,,,,,,1,4.0,4.0,False
9469720,2341103,2,Driver,,False,False,M,AIR BAG NOT DEPLOYED,G,OCCUPANT LAP SHOULDER HARNESS USED,CELL PHONE NOT IN USE,NONE APPARENT,,S,US-101 S/B,65.0,H,SLOWING/STOPPING,A,HAD NOT BEEN DRINKING,,,F,FEMALE,46.0,C,CA,A,ASIAN,1.0,PassengerCarStationWagonJeep,2013.0,TOYT,SIENNA,TAN,False,,,,,,,,4,4.0,4.0,False
9469719,2341103,1,Driver,True,False,False,M,AIR BAG NOT DEPLOYED,G,OCCUPANT LAP SHOULDER HARNESS USED,CELL PHONE NOT IN USE,NONE APPARENT,,S,US-101 S/B,65.0,B,PROCEEDING STRAIGHT,A,HAD NOT BEEN DRINKING,,,M,MALE,19.0,C,CA,O,OTHER,1.0,PassengerCarStationWagonJeep,2008.0,HOND,CIVIC,GRY,False,,,,,,,,4,4.0,4.0,False
9469688,2341087,3,Driver,,False,False,M,AIR BAG NOT DEPLOYED,G,OCCUPANT LAP SHOULDER HARNESS USED,CELL PHONE NOT IN USE,STOP & GO TRAFFIC,,N,SR-87 N/B,65.0,B,PROCEEDING STRAIGHT,A,HAD NOT BEEN DRINKING,,,M,MALE,37.0,C,CA,W,WHITE,7.0,SportUtilityVehicle,2018.0,CHEV,TRAX LT,WHI,False,,,,,,,,2,3.0,4.0,False
9469687,2341087,2,Driver,,False,False,M,AIR BAG NOT DEPLOYED,G,OCCUPANT LAP SHOULDER HARNESS USED,CELL PHONE NOT IN USE,STOP & GO TRAFFIC,,N,SR-87 N/B,65.0,H,SLOWING/STOPPING,A,HAD NOT BEEN DRINKING,,,M,MALE,27.0,C,CA,H,HISPANIC,22.0,PickupsAndPanels,2019.0,NISS,NV200,WHI,False,,,,,,,,3,3.0,4.0,False
9469686,2341087,1,Driver,True,False,False,M,AIR BAG NOT DEPLOYED,G,OCCUPANT LAP SHOULDER HARNESS USED,CELL PHONE NOT IN USE,STOP & GO TRAFFIC,,N,SR-87 N/B,65.0,B,PROCEEDING STRAIGHT,A,HAD NOT BEEN DRINKING,,,F,FEMALE,51.0,C,CA,H,HISPANIC,7.0,SportUtilityVehicle,2016.0,TOYT,RAV4,WHI,False,,,,,,,,3,3.0,4.0,False
9469656,2341070,2,Driver,,False,False,M,AIR BAG NOT DEPLOYED,G,OCCUPANT LAP SHOULDER HARNESS USED,CELL PHONE NOT IN USE,NONE APPARENT,,E,SR-237 E/B,65.0,B,PROCEEDING STRAIGHT,A,HAD NOT BEEN DRINKING,,,M,MALE,27.0,F,WA,W,WHITE,22.0,PickupsAndPanels,2021.0,CHEV,SILVERADO,WHI,False,,,,,,,,2,2.0,4.0,False
9469655,2341070,1,Driver,True,False,False,M,AIR BAG NOT DEPLOYED,G,OCCUPANT LAP SHOULDER HARNESS USED,CELL PHONE NOT IN USE,NONE APPARENT,,E,SR-237 E/B,65.0,J,CHANGING LANES,A,HAD NOT BEEN DRINKING,,,F,FEMALE,41.0,C,CA,O,OTHER,1.0,PassengerCarStationWagonJeep,2019.0,LEXS,LS430,GRY,False,,,,,,,,1,2.0,4.0,False
9469611,2341044,2,Driver,,False,False,M,AIR BAG NOT DEPLOYED,G,OCCUPANT LAP SHOULDER HARNESS USED,CELL PHONE NOT IN USE,PREVIOUS COLLISION,,S,I-280 S/B,65.0,A,STOPPED,A,HAD NOT BEEN DRINKING,,,M,MALE,53.0,C,CA,H,HISPANIC,8.0,MiniVan,2017.0,CHEV,EXPRESS,WHI,False,,,,,,,,3,4.0,5.0,False
9469610,2341044,1,Driver,True,False,False,M,AIR BAG NOT DEPLOYED,G,OCCUPANT LAP SHOULDER HARNESS USED,CELL PHONE NOT IN USE,PREVIOUS COLLISION,,S,I-280 S/B,65.0,B,PROCEEDING STRAIGHT,A,HAD NOT BEEN DRINKING,,,F,FEMALE,31.0,U,CA,H,HISPANIC,1.0,PassengerCarStationWagonJeep,2019.0,HOND,ACCORD,GRY,False,,,,,,,,2,4.0,5.0,False
9469600,2341038,2,Driver,,False,False,M,AIR BAG NOT DEPLOYED,G,OCCUPANT LAP SHOULDER HARNESS USED,CELL PHONE NOT IN USE,PREVIOUS COLLISION,,S,I-280 S/B,65.0,A,STOPPED,A,HAD NOT BEEN DRINKING,,,M,MALE,53.0,C,CA,H,HISPANIC,8.0,MiniVan,2017.0,CHEV,EXPRESS,WHI,False,,,,,,,,3,4.0,5.0,False
9469599,2341038,1,Driver,True,False,True,B,UNKNOWN,B,OCCUPANT UNKNOWN,CELL PHONE USE UNKNOWN,PREVIOUS COLLISION,,S,I-280 S/B,65.0,B,PROCEEDING STRAIGHT,G,IMPAIRMENT_NOT_KNOWN,,,,,,,,,,99.0,OtherUnknownHitAndRunDriver,,,,,False,,,,,,,,3,4.0,5.0,False
9469528,2341000,2,Driver,,False,False,L,AIR BAG DEPLOYED,G,OCCUPANT LAP SHOULDER HARNESS USED,CELL PHONE NOT IN USE,NONE APPARENT,,S,I-280 S/B,65.0,B,PROCEEDING STRAIGHT,A,HAD NOT BEEN DRINKING,,,M,MALE,22.0,C,CA,H,HISPANIC,22.0,PickupsAndPanels,2016.0,GMC,SIERRA,WHI,True,,,,,,,,2,4.0,5.0,False
9469527,2341000,1,Driver,True,False,False,L,AIR BAG DEPLOYED,G,OCCUPANT LAP SHOULDER HARNESS USED,CELL PHONE NOT IN USE,NONE APPARENT,,S,I-280 S/B,65.0,R,OTHER,A,HAD NOT BEEN DRINKING,,,M,MALE,28.0,U,CA,H,HISPANIC,1.0,PassengerCarStationWagonJeep,2012.0,LEXS,IS250,GRY,False,,,,,,,,3,4.0,5.0,False
9469379,2340925,2,Driver,,False,False,M,AIR BAG NOT DEPLOYED,G,OCCUPANT LAP SHOULDER HARNESS USED,CELL PHONE NOT IN USE,NONE APPARENT,,N,US-101 N/B,65.0,B,PROCEEDING STRAIGHT,A,HAD NOT BEEN DRINKING,,,F,FEMALE,63.0,C,CA,W,WHITE,1.0,PassengerCarStationWagonJeep,2017.0,MERZ,C300,SIL,False,,,,,,,,2,4.0,4.0,False
9469378,2340925,1,Driver,True,False,False,M,AIR BAG NOT DEPLOYED,G,OCCUPANT LAP SHOULDER HARNESS USED,CELL PHONE NOT IN USE,NONE APPARENT,,N,US-101 N/B,65.0,J,CHANGING LANES,A,HAD NOT BEEN DRINKING,,,M,MALE,57.0,C,CA,W,WHITE,1.0,PassengerCarStationWagonJeep,2008.0,TOYT,PRIUS,SIL,False,,,,,,,,3,4.0,4.0,False
9469054,2340751,2,Driver,,False,False,M,AIR BAG NOT DEPLOYED,G,OCCUPANT LAP SHOULDER HARNESS USED,CELL PHONE NOT IN USE,NONE APPARENT,,N,1702 OAKLAND RD (PARKING LOT),15.0,A,STOPPED,A,HAD NOT BEEN DRINKING,,,M,MALE,48.0,C,CA,H,HISPANIC,1.0,PassengerCarStationWagonJeep,2015.0,CADI,ATS,TAN,False,,,,,,,,OTHER,,,False
9469053,2340751,1,Driver,True,True,False,M,AIR BAG NOT DEPLOYED,G,OCCUPANT LAP SHOULDER HARNESS USED,CELL PHONE NOT IN USE,NONE APPARENT,,E,1702 OAKLAND RD (PARKING LOT),15.0,D,MAKING RIGHT TURN,A,HAD NOT BEEN DRINKING,,,M,MALE,28.0,C,CA,B,BLACK,48.0,PoliceCar,2021.0,FORD,EXPLORER,BLK/WHI,False,,,,,,,,OTHER,,,False
9467064,2339721,2,Driver,,False,False,M,AIR BAG NOT DEPLOYED,G,OCCUPANT LAP SHOULDER HARNESS USED,CELL PHONE NOT IN USE,NONE APPARENT,,S,US-101 S/B,65.0,H,SLOWING/STOPPING,A,HAD NOT BEEN DRINKING,,,F,FEMALE,55.0,C,CA,A,ASIAN,1.0,PassengerCarStationWagonJeep,2008.0,HONDA ,ACCORD,GRY,False,,,,,,,,1,4.0,5.0,False
9467063,2339721,1,Driver,True,False,False,M,AIR BAG NOT DEPLOYED,G,OCCUPANT LAP SHOULDER HARNESS USED,CELL PHONE NOT IN USE,INATTENTION,OTHER,S,US-101 S/B,65.0,B,PROCEEDING STRAIGHT,A,HAD NOT BEEN DRINKING,,,M,MALE,35.0,C,CA,H,HISPANIC,22.0,PickupsAndPanels,2021.0,FORD,F150,GRY,False,,,,,,,,1,4.0,5.0,False
9467047,2339712,2,Driver,,False,False,M,AIR BAG NOT DEPLOYED,G,OCCUPANT LAP SHOULDER HARNESS USED,CELL PHONE NOT IN USE,NONE APPARENT,,S,US-101 S/B,65.0,A,STOPPED,A,HAD NOT BEEN DRINKING,,,M,MALE,30.0,C,CA,A,ASIAN,1.0,PassengerCarStationWagonJeep,2015.0,MERZ,C320,WHI,False,,,,,,,,1,4.0,4.0,False
9467046,2339712,1,Driver,True,False,False,M,AIR BAG NOT DEPLOYED,G,OCCUPANT LAP SHOULDER HARNESS USED,CELL PHONE NOT IN USE,NONE APPARENT,,S,US-101 S/B,65.0,B,PROCEEDING STRAIGHT,A,HAD NOT BEEN DRINKING,,,M,MALE,56.0,U,CA,H,HISPANIC,1.0,PassengerCarStationWagonJeep,2010.0,ACUR,TL,BLK,False,,,,,,,,1,4.0,4.0,False
9466791,2339576,2,Driver,,False,False,M,AIR BAG NOT DEPLOYED,G,OCCUPANT LAP SHOULDER HARNESS USED,CELL PHONE NOT IN USE,ENTERING OR LEAVING RAMP,,N,I-880 N/B TO BASCOM AVE. N/B,65.0,H,SLOWING/STOPPING,A,HAD NOT BEEN DRINKING,,,M,MALE,55.0,C,CA,W,WHITE,1.0,PassengerCarStationWagonJeep,2021.0,TSMR,3,BLU,False,,,,,,,,EXIT,0.0,1.0,False
9466790,2339576,1,Driver,True,False,False,M,AIR BAG NOT DEPLOYED,G,OCCUPANT LAP SHOULDER HARNESS USED,CELL PHONE NOT IN USE,ENTERING OR LEAVING RAMP,,N,I-880 N/B TO BASCOM AVE. N/B,65.0,B,PROCEEDING STRAIGHT,A,HAD NOT BEEN DRINKING,,,M,MALE,21.0,C,CA,A,ASIAN,1.0,PassengerCarStationWagonJeep,2006.0,TOYT,CAMRY,GRN,False,,,,,,,,EXIT,0.0,1.0,False
9466601,2339475,2,Driver,,False,False,M,AIR BAG NOT DEPLOYED,G,OCCUPANT LAP SHOULDER HARNESS USED,CELL PHONE NOT IN USE,NONE APPARENT,,S,I-280 S/B,65.0,H,SLOWING/STOPPING,A,HAD NOT BEEN DRINKING,,,M,MALE,41.0,C,CA,O,OTHER,7.0,SportUtilityVehicle,2023.0,TSMR,Y,BLU,False,,,,,,,,2,5.0,5.0,False
9466600,2339475,1,Driver,True,False,True,B,UNKNOWN,B,OCCUPANT UNKNOWN,CELL PHONE USE UNKNOWN,NONE APPARENT,,S,I-280 S/B ,65.0,B,PROCEEDING STRAIGHT,G,IMPAIRMENT_NOT_KNOWN,,,,,,,,,,99.0,OtherUnknownHitAndRunDriver,,,,,False,,,,,,,,2,5.0,5.0,False
9466234,2339283,3,Driver,,False,False,M,AIR BAG NOT DEPLOYED,G,OCCUPANT LAP SHOULDER HARNESS USED,CELL PHONE NOT IN USE,VC SECTION VIOLATED - VC 22350,,S,I-280 S/B,65.0,B,PROCEEDING STRAIGHT,A,HAD NOT BEEN DRINKING,,,M,MALE,31.0,C,CA,A,ASIAN,1.0,PassengerCarStationWagonJeep,2013.0,TOYT,COROLLA,WHI,True,,,,,,,,5,4.0,5.0,False
9466233,2339283,2,Driver,,False,False,M,AIR BAG NOT DEPLOYED,G,OCCUPANT LAP SHOULDER HARNESS USED,CELL PHONE NOT IN USE,NONE APPARENT,,S,I-280 S/B,65.0,H,SLOWING/STOPPING,A,HAD NOT BEEN DRINKING,,,F,FEMALE,37.0,C,CA,W,WHITE,1.0,PassengerCarStationWagonJeep,2008.0,TOYT,COROLLA,GRY,False,,,,,,,,5,4.0,5.0,False
9466232,2339283,1,Driver,True,False,False,M,AIR BAG NOT DEPLOYED,G,OCCUPANT LAP SHOULDER HARNESS USED,CELL PHONE NOT IN USE,NONE APPARENT,,S,I-280 S/B,65.0,B,PROCEEDING STRAIGHT,A,HAD NOT BEEN DRINKING,,,F,FEMALE,67.0,C,CA,A,ASIAN,1.0,PassengerCarStationWagonJeep,2013.0,HYUN,SONATA,SIL,True,,,,,,,,5,4.0,5.0,False
9466225,2339279,2,Driver,,False,False,M,AIR BAG NOT DEPLOYED,G,OCCUPANT LAP SHOULDER HARNESS USED,CELL PHONE NOT IN USE,NONE APPARENT,,N,SR-17 N/B,65.0,B,PROCEEDING STRAIGHT,A,HAD NOT BEEN DRINKING,,,F,FEMALE,36.0,C,CA,A,ASIAN,7.0,SportUtilityVehicle,2014.0,VOLK,TIGUAN,BLK,False,,,,,,,,2,3.0,3.0,False
9466224,2339279,1,Driver,True,False,False,M,AIR BAG NOT DEPLOYED,G,OCCUPANT LAP SHOULDER HARNESS USED,CELL PHONE NOT IN USE,NONE APPARENT,,N,SR-17 N/B,65.0,J,CHANGING LANES,A,HAD NOT BEEN DRINKING,,,M,MALE,36.0,A,CA,O,OTHER,22.0,PickupsAndPanels,2019.0,FORD,TRANSIT ,WHI,False,,,,,,,,2,3.0,3.0,False
9466205,2339268,2,Driver,,False,False,M,AIR BAG NOT DEPLOYED,G,OCCUPANT LAP SHOULDER HARNESS USED,CELL PHONE NOT IN USE,NONE APPARENT,,S,I-680 S/B,65.0,B,PROCEEDING STRAIGHT,A,HAD NOT BEEN DRINKING,,,M,MALE,41.0,C,CA,H,HISPANIC,8.0,MiniVan,2023.0,HOND,ODYSSEY,WHI,False,,,,,,,,6,6.0,6.0,False
9466204,2339268,1,Driver,,False,False,M,AIR BAG NOT DEPLOYED,G,OCCUPANT LAP SHOULDER HARNESS USED,CELL PHONE NOT IN USE,NONE APPARENT,,S,I-680 S/B,65.0,B,PROCEEDING STRAIGHT,A,HAD NOT BEEN DRINKING,,,M,MALE,44.0,C,CA,H,HISPANIC,1.0,PassengerCarStationWagonJeep,2013.0,MAZD,323,BLU,False,,,,,,,,6,6.0,6.0,False
9466150,2339239,1,Driver,True,False,False,M,AIR BAG NOT DEPLOYED,G,OCCUPANT LAP SHOULDER HARNESS USED,CELL PHONE NOT IN USE,VC SECTION VIOLATED - VC 22107,,W,SR-237 W/B,65.0,C,RAN OFF ROAD,B,HBD-UNDER INFLUENCE,,,M,MALE,21.0,C,CA,H,HISPANIC,1.0,PassengerCarStationWagonJeep,2019.0,MERZ,E300,SIL,False,,,,,,,,1,3.0,3.0,False
9466109,2339214,2,Driver,,False,False,M,AIR BAG NOT DEPLOYED,G,OCCUPANT LAP SHOULDER HARNESS USED,CELL PHONE NOT IN USE,ENTERING OR LEAVING RAMP,,S,SR-85 S/B TO ALMADEN EXPRESS,65.0,R,OTHER,A,HAD NOT BEEN DRINKING,,,F,FEMALE,42.0,C,CA,A,ASIAN,7.0,SportUtilityVehicle,2018.0,INFI,QX80,GRY,False,,,,,,,,TRN LN,0.0,3.0,False