PartyId,CollisionId,PartyNumber,PartyType,IsAtFault,IsOnDutyEmergencyVehicle,IsHitAndRun,AirbagCode,AirbagDescription,SafetyEquipmentCode,SafetyEquipmentDescription,Special Information,Other Associate Factor,Inattention,DirectionOfTravel,StreetOrHighwayName,SpeedLimit,MovementPrecCollCode,MovementPrecCollDescription,SobrietyDrugPhysicalCode1,SobrietyDrugPhysicalDescription1,SobrietyDrugPhysicalCode2,SobrietyDrugPhysicalDescription2,GenderCode,GenderDescription,StatedAge,DriverLicenseClass,DriverLicenseStateCode,RaceCode,RaceDesc,Vehicle1TypeId, Vehicle1TypeDesc, Vehicle1Year,Vehicle1Make,Vehicle1Model,Vehicle1Color,V1IsVehicleTowed,Vehicle2TypeId, Vehicle2TypeDesc, Vehicle2Year,Vehicle2Make,Vehicle2Model,Vehicle2Color,V2IsVehicleTowed,Lane,ThruLanes,TotalLanes,IsDREConducted
9498724,2356089,1,Driver,True,False,False,L,AIR BAG DEPLOYED,G,OCCUPANT LAP SHOULDER HARNESS USED,CELL PHONE NOT IN USE,NONE APPARENT,,S,I-280 S/B,65.0,B,PROCEEDING STRAIGHT,A,HAD NOT BEEN DRINKING,,,F,FEMALE,20.0,F,NJ,W,WHITE,7.0,SportUtilityVehicle,2023.0,HOND,CRV,GRY,False,,,,,,,,3,5.0,5.0,False
9498681,2356065,3,Driver,,False,False,M,AIR BAG NOT DEPLOYED,G,OCCUPANT LAP SHOULDER HARNESS USED,CELL PHONE NOT IN USE,NONE APPARENT,,N,I-880 N/B,65.0,A,STOPPED,A,HAD NOT BEEN DRINKING,,,M,MALE,36.0,C,CA,O,OTHER,1.0,PassengerCarStationWagonJeep,2023.0,TSMR,3,BLU,False,,,,,,,,1,3.0,3.0,False
9498680,2356065,2,Driver,,False,False,M,AIR BAG NOT DEPLOYED,G,OCCUPANT LAP SHOULDER HARNESS USED,CELL PHONE NOT IN USE,NONE APPARENT,,N,I-880 N/B,65.0,H,SLOWING/STOPPING,A,HAD NOT BEEN DRINKING,,,M,MALE,48.0,C,CA,O,OTHER,8.0,MiniVan,2017.0,KIA,SEDONA,GRY,False,,,,,,,,1,3.0,3.0,False
9498679,2356065,1,Driver,True,False,False,M,AIR BAG NOT DEPLOYED,G,OCCUPANT LAP SHOULDER HARNESS USED,CELL PHONE NOT IN USE,NONE APPARENT,,N,I-880 N/B ,65.0,B,PROCEEDING STRAIGHT,A,HAD NOT BEEN DRINKING,,,M,MALE,37.0,C,CA,B,BLACK,1.0,PassengerCarStationWagonJeep,2010.0,HOND,ACCORD,SIL,False,,,,,,,,1,3.0,3.0,False
9498581,2356008,3,Driver,,False,False,M,AIR BAG NOT DEPLOYED,G,OCCUPANT LAP SHOULDER HARNESS USED,CELL PHONE NOT IN USE,NONE APPARENT,,N,US-101 N/B,65.0,H,SLOWING/STOPPING,A,HAD NOT BEEN DRINKING,,,M,MALE,50.0,C,CA,H,HISPANIC,1.0,PassengerCarStationWagonJeep,2008.0,HOND,CIVIC,BLK,False,,,,,,,,4,4.0,4.0,False
9498580,2356008,2,Driver,,False,False,M,AIR BAG NOT DEPLOYED,G,OCCUPANT LAP SHOULDER HARNESS USED,CELL PHONE NOT IN USE,NONE APPARENT,,N,US-101 N/B,65.0,H,SLOWING/STOPPING,A,HAD NOT BEEN DRINKING,,,M,MALE,55.0,C,CA,H,HISPANIC,8.0,MiniVan,2007.0,HOND,ODYSSEY,BLK,False,,,,,,,,4,4.0,4.0,False
9498579,2356008,1,Driver,True,False,False,M,AIR BAG NOT DEPLOYED,G,OCCUPANT LAP SHOULDER HARNESS USED,CELL PHONE NOT IN USE,NONE APPARENT,,N,US-101 N/B,65.0,B,PROCEEDING STRAIGHT,A,HAD NOT BEEN DRINKING,,,M,MALE,43.0,C,CA,H,HISPANIC,22.0,PickupsAndPanels,2004.0,FORD,F250,GRY,False,35.0,UtilityTrailer,2005.0,SPCNS,TRAILER,SIL/,,4,4.0,4.0,False
9498221,2355809,2,Driver,,False,False,M,AIR BAG NOT DEPLOYED,G,OCCUPANT LAP SHOULDER HARNESS USED,CELL PHONE NOT IN USE,NONE APPARENT,,N,I-280 N/B,65.0,B,PROCEEDING STRAIGHT,A,HAD NOT BEEN DRINKING,,,M,MALE,18.0,C,CA,A,ASIAN,1.0,PassengerCarStationWagonJeep,2020.0,TOYT,COROLLA,GRY,False,,,,,,,,4,4.0,5.0,False
9498220,2355809,1,Driver,True,False,False,M,AIR BAG NOT DEPLOYED,G,OCCUPANT LAP SHOULDER HARNESS USED,CELL PHONE USE UNKNOWN,NONE APPARENT,,N,I-280 N/B,65.0,J,CHANGING LANES,G,IMPAIRMENT_NOT_KNOWN,,,M,MALE,19.0,C,CA,B,BLACK,1.0,PassengerCarStationWagonJeep,2017.0,INFI,Q60,ONG,False,,,,,,,,2,4.0,5.0,False
9498149,2355772,4,Driver,,False,False,M,AIR BAG NOT DEPLOYED,G,OCCUPANT LAP SHOULDER HARNESS USED,CELL PHONE NOT IN USE,VC SECTION VIOLATED - VC 22350,,N,I-680 N/B,65.0,B,PROCEEDING STRAIGHT,A,HAD NOT BEEN DRINKING,,,M,MALE,67.0,U,,H,HISPANIC,1.0,PassengerCarStationWagonJeep,2010.0,TOYT,COROLLA,TEA,True,,,,,,,,3,6.0,6.0,False
9498148,2355772,3,Driver,,False,False,M,AIR BAG NOT DEPLOYED,G,OCCUPANT LAP SHOULDER HARNESS USED,CELL PHONE NOT IN USE,NONE APPARENT,,N,I-680 N/B,65.0,A,STOPPED,A,HAD NOT BEEN DRINKING,,,M,MALE,27.0,C,CA,H,HISPANIC,1.0,PassengerCarStationWagonJeep,2019.0,NISS,ALTIMA,WHI,False,,,,,,,,3,6.0,6.0,False
9498147,2355772,2,Driver,,False,False,M,AIR BAG NOT DEPLOYED,G,OCCUPANT LAP SHOULDER HARNESS USED,CELL PHONE NOT IN USE,NONE APPARENT,,N,I-680 N/B,65.0,A,STOPPED,A,HAD NOT BEEN DRINKING,,,M,MALE,24.0,C,CA,H,HISPANIC,1.0,PassengerCarStationWagonJeep,2019.0,HOND,CIVIC,WHI,False,,,,,,,,3,6.0,6.0,False
9498146,2355772,1,Driver,True,False,False,M,AIR BAG NOT DEPLOYED,G,OCCUPANT LAP SHOULDER HARNESS USED,CELL PHONE NOT IN USE,NONE APPARENT,,N,I-680 N/B,65.0,B,PROCEEDING STRAIGHT,A,HAD NOT BEEN DRINKING,,,M,MALE,80.0,C,CA,W,WHITE,1.0,PassengerCarStationWagonJeep,2011.0,LINC,TOWN CAR,BLK,False,,,,,,,,3,6.0,6.0,False
9496562,2354973,2,Driver,,False,False,M,AIR BAG NOT DEPLOYED,G,OCCUPANT LAP SHOULDER HARNESS USED,CELL PHONE NOT IN USE,NONE APPARENT,,S,I-680 S/B TO CAPITOL AVE. E/B,65.0,B,PROCEEDING STRAIGHT,A,HAD NOT BEEN DRINKING,,,F,FEMALE,29.0,C,CA,O,OTHER,1.0,PassengerCarStationWagonJeep,2020.0,HOND,CIVIC,BLU,False,,,,,,,,EXIT,0.0,1.0,False
9496561,2354973,1,Driver,True,False,False,M,AIR BAG NOT DEPLOYED,G,OCCUPANT LAP SHOULDER HARNESS USED,CELL PHONE NOT IN USE,NONE APPARENT,,S,I-680 S/B TO CAPITOL AVE. E/B,65.0,B,PROCEEDING STRAIGHT,A,HAD NOT BEEN DRINKING,,,M,MALE,39.0,C,CA,O,OTHER,7.0,SportUtilityVehicle,2020.0,JEEP,WRANGLER,BLK,False,,,,,,,,EXIT,0.0,1.0,False
9496554,2354968,2,Driver,,False,False,M,AIR BAG NOT DEPLOYED,G,OCCUPANT LAP SHOULDER HARNESS USED,CELL PHONE NOT IN USE,NONE APPARENT,,S,SR-87 S/B,65.0,B,PROCEEDING STRAIGHT,A,HAD NOT BEEN DRINKING,,,M,MALE,52.0,C,CA,O,OTHER,7.0,SportUtilityVehicle,2024.0,AUDI,Q8,WHI,False,,,,,,,,HOV,3.0,3.0,False
9496553,2354968,1,Driver,True,False,True,B,UNKNOWN,B,OCCUPANT UNKNOWN,CELL PHONE USE UNKNOWN,NONE APPARENT,,S,SR-87 S/B ,65.0,R,OTHER,G,IMPAIRMENT_NOT_KNOWN,,,,,,,,,,99.0,OtherUnknownHitAndRunDriver,,,,,False,,,,,,,,1,3.0,3.0,False
9495984,2354681,1,Driver,True,False,False,M,AIR BAG NOT DEPLOYED,G,OCCUPANT LAP SHOULDER HARNESS USED,CELL PHONE NOT IN USE,NONE APPARENT,,S,I-680 S/B TO MCKEE RD EB,65.0,B,PROCEEDING STRAIGHT,A,HAD NOT BEEN DRINKING,,,M,MALE,49.0,C,CA,H,HISPANIC,22.0,PickupsAndPanels,2013.0,TOYT,TACOMA,GRY,False,,,,,,,,EXIT,0.0,1.0,False
9495602,2354493,1,Driver,True,False,False,L,AIR BAG DEPLOYED,G,OCCUPANT LAP SHOULDER HARNESS USED,CELL PHONE NOT IN USE,VC SECTION VIOLATED - VC 22107,,S,SR-87 S/B,65.0,R,OTHER,B,HBD-UNDER INFLUENCE,,,M,MALE,27.0,C,CA,H,HISPANIC,7.0,SportUtilityVehicle,2011.0,JEEP,GRAND CHEROKEE,BLK,True,,,,,,,,4,3.0,4.0,False
9494898,2354145,3,Driver,,False,False,M,AIR BAG NOT DEPLOYED,G,OCCUPANT LAP SHOULDER HARNESS USED,CELL PHONE NOT IN USE,NONE APPARENT,,S,I-880 S/B,65.0,H,SLOWING/STOPPING,A,HAD NOT BEEN DRINKING,,,M,MALE,32.0,C,CA,O,OTHER,1.0,PassengerCarStationWagonJeep,2018.0,HOND,CIVIC,BLU,False,,,,,,,,1,4.0,4.0,False
9494897,2354145,2,Driver,,False,False,M,AIR BAG NOT DEPLOYED,G,OCCUPANT LAP SHOULDER HARNESS USED,CELL PHONE NOT IN USE,NONE APPARENT,,S,I-880 S/B,65.0,B,PROCEEDING STRAIGHT,A,HAD NOT BEEN DRINKING,,,M,MALE,65.0,C,CA,W,WHITE,22.0,PickupsAndPanels,2001.0,TOYT,TACOMA,SIL,False,,,,,,,,1,4.0,4.0,False
9494896,2354145,1,Driver,True,False,False,M,AIR BAG NOT DEPLOYED,G,OCCUPANT LAP SHOULDER HARNESS USED,CELL PHONE NOT IN USE,NONE APPARENT,,S,I-880 S/B,65.0,B,PROCEEDING STRAIGHT,A,HAD NOT BEEN DRINKING,,,F,FEMALE,29.0,C,CA,O,OTHER,1.0,PassengerCarStationWagonJeep,2010.0,TOYT,COROLLA,BLU,False,,,,,,,,1,4.0,4.0,False
9494858,2354122,2,Driver,,False,False,M,AIR BAG NOT DEPLOYED,G,OCCUPANT LAP SHOULDER HARNESS USED,CELL PHONE NOT IN USE,NONE APPARENT,,N,I-880 N/B,65.0,B,PROCEEDING STRAIGHT,A,HAD NOT BEEN DRINKING,,,M,MALE,68.0,C,CA,A,ASIAN,1.0,PassengerCarStationWagonJeep,2019.0,LEXS,ES300,BLK,False,,,,,,,,1,3.0,4.0,False
9494857,2354122,1,Driver,True,False,False,M,AIR BAG NOT DEPLOYED,G,OCCUPANT LAP SHOULDER HARNESS USED,CELL PHONE NOT IN USE,NONE APPARENT,,N,I-880 N/B,65.0,R,OTHER,A,HAD NOT BEEN DRINKING,,,F,FEMALE,21.0,C,CA,A,ASIAN,7.0,SportUtilityVehicle,2021.0,HYUN,KONA,WHI,False,,,,,,,,2,3.0,4.0,False
9494773,2354076,2,Driver,,False,False,M,AIR BAG NOT DEPLOYED,G,OCCUPANT LAP SHOULDER HARNESS USED,CELL PHONE NOT IN USE,NONE APPARENT,,N,US-101 N/B,65.0,A,STOPPED,A,HAD NOT BEEN DRINKING,,,M,MALE,46.0,C,CA,H,HISPANIC,22.0,PickupsAndPanels,2023.0,FORD,150,WHI,False,,,,,,,,3,4.0,4.0,False
9494772,2354076,1,Driver,True,False,False,M,AIR BAG NOT DEPLOYED,G,OCCUPANT LAP SHOULDER HARNESS USED,CELL PHONE NOT IN USE,NONE APPARENT,,N,US-101 N/B,65.0,B,PROCEEDING STRAIGHT,A,HAD NOT BEEN DRINKING,,,M,MALE,34.0,C,CA,H,HISPANIC,22.0,PickupsAndPanels,2019.0,FORD,550,WHI,False,,,,,,,,3,4.0,4.0,False
9494689,2354032,2,ParkedVehicle,,False,False,P,NOT REQUIRED,P,NOT REQUIRED,CELL PHONE NOT IN USE,NONE APPARENT,,S,JOSEPH LN S/B,25.0,O,PARKED,H,NOT APPLICABLE,,,,,,,,,,1.0,PassengerCarStationWagonJeep,2013.0,NISS,ALTIMA,WHI,False,,,,,,,,RT-SHLD,1.0,1.0,False
9494688,2354032,1,Driver,True,False,False,M,AIR BAG NOT DEPLOYED,G,OCCUPANT LAP SHOULDER HARNESS USED,CELL PHONE NOT IN USE,NONE APPARENT,,S,JOSEPH LN,25.0,D,MAKING RIGHT TURN,A,HAD NOT BEEN DRINKING,,,M,MALE,69.0,B,CA,A,ASIAN,17.0,SchoolBusContractualTypeI,2014.0,CHEV,V503,YEL,False,,,,,,,,S/B,1.0,1.0,False
9494532,2353950,2,Driver,,False,False,M,AIR BAG NOT DEPLOYED,G,OCCUPANT LAP SHOULDER HARNESS USED,CELL PHONE NOT IN USE,NONE APPARENT,,S,I-880 S/B,65.0,B,PROCEEDING STRAIGHT,A,HAD NOT BEEN DRINKING,,,M,MALE,55.0,A,CA,H,HISPANIC,27.0,ThreeOrMoreAxleTruck,2021.0,KW,T4,BLU,False,,,,,,,,4,4.0,5.0,False
9494531,2353950,1,Driver,True,False,False,M,AIR BAG NOT DEPLOYED,G,OCCUPANT LAP SHOULDER HARNESS USED,CELL PHONE NOT IN USE,NONE APPARENT,,S,I-880 S/B FROM OLD BAYSHORE HW,65.0,J,CHANGING LANES,A,HAD NOT BEEN DRINKING,,,F,FEMALE,58.0,C,CA,W,WHITE,1.0,PassengerCarStationWagonJeep,2018.0,TOYT,COROLLA,SIL,False,,,,,,,,S/B,1.0,1.0,False
9494513,2353939,2,Driver,,False,False,L,AIR BAG DEPLOYED,G,OCCUPANT LAP SHOULDER HARNESS USED,CELL PHONE NOT IN USE,NONE APPARENT,,N,US-101 N/B,65.0,B,PROCEEDING STRAIGHT,A,HAD NOT BEEN DRINKING,,,F,FEMALE,,U,,H,HISPANIC,1.0,PassengerCarStationWagonJeep,2003.0,HOND,ACCORD,RED,True,,,,,,,,4,4.0,4.0,False
9494512,2353939,1,Driver,True,False,True,B,UNKNOWN,B,OCCUPANT UNKNOWN,CELL PHONE USE UNKNOWN,NONE APPARENT,,N,US-101 N/B,65.0,J,CHANGING LANES,G,IMPAIRMENT_NOT_KNOWN,,,,,,,,,,99.0,OtherUnknownHitAndRunDriver,,,,,False,,,,,,,,3,4.0,4.0,False
9494392,2353875,2,Driver,,False,False,M,AIR BAG NOT DEPLOYED,G,OCCUPANT LAP SHOULDER HARNESS USED,CELL PHONE NOT IN USE,NONE APPARENT,,N,I-880 N/B,65.0,B,PROCEEDING STRAIGHT,A,HAD NOT BEEN DRINKING,,,M,MALE,33.0,C,CA,H,HISPANIC,8.0,MiniVan,2017.0,FORD,TRANSIT,WHI,False,,,,,,,,4,4.0,4.0,False
9494391,2353875,1,Driver,True,False,False,M,AIR BAG NOT DEPLOYED,G,OCCUPANT LAP SHOULDER HARNESS USED,CELL PHONE NOT IN USE,NONE APPARENT,,N,I-880 N/B,65.0,R,OTHER,A,HAD NOT BEEN DRINKING,,,M,MALE,51.0,C,CA,W,WHITE,7.0,SportUtilityVehicle,2004.0,GMC,ENVOY,GRY,False,,,,,,,,1,4.0,4.0,False
9494339,2353844,2,Driver,,False,False,M,AIR BAG NOT DEPLOYED,G,OCCUPANT LAP SHOULDER HARNESS USED,CELL PHONE NOT IN USE,NONE APPARENT,,N,US-101 N/B,65.0,H,SLOWING/STOPPING,A,HAD NOT BEEN DRINKING,,,M,MALE,31.0,C,CA,O,OTHER,1.0,PassengerCarStationWagonJeep,2023.0,HOND,ACCORD,BLK,False,,,,,,,,3,4.0,5.0,False
9494338,2353844,1,Driver,True,False,False,L,AIR BAG DEPLOYED,G,OCCUPANT LAP SHOULDER HARNESS USED,CELL PHONE NOT IN USE,NONE APPARENT,,N,US-101 N/B,65.0,B,PROCEEDING STRAIGHT,A,HAD NOT BEEN DRINKING,,,F,FEMALE,34.0,C,CA,H,HISPANIC,1.0,PassengerCarStationWagonJeep,1995.0,TOYT,CAMRY,BGE,False,,,,,,,,3,4.0,5.0,False
9494325,2353836,2,Driver,,False,False,M,AIR BAG NOT DEPLOYED,G,OCCUPANT LAP SHOULDER HARNESS USED,CELL PHONE NOT IN USE,NONE APPARENT,,S,I-280 S/B,65.0,B,PROCEEDING STRAIGHT,A,HAD NOT BEEN DRINKING,,,F,FEMALE,30.0,C,CA,A,ASIAN,1.0,PassengerCarStationWagonJeep,2012.0,HOND,CIVIC,WHI,False,,,,,,,,5,4.0,6.0,False
9494324,2353836,1,Driver,True,False,False,M,AIR BAG NOT DEPLOYED,G,OCCUPANT LAP SHOULDER HARNESS USED,CELL PHONE NOT IN USE,NONE APPARENT,,S,I-280 S/B,65.0,R,OTHER,A,HAD NOT BEEN DRINKING,,,M,MALE,33.0,C,CA,H,HISPANIC,22.0,PickupsAndPanels,2013.0,FORD,F650 SUPER CREW,WHI,False,,,,,,,,4,4.0,6.0,False
9494297,2353819,2,ParkedVehicle,,False,False,P,NOT REQUIRED,F,OCCUPANT SHOULDER HARNESS NOT USED,CELL PHONE NOT IN USE / SCHOOL BUS RELATED,NONE APPARENT,,N,OAKLAND AVE.,15.0,O,PARKED,A,HAD NOT BEEN DRINKING,,,,,,,,,,13.0,SchoolBusPublicTypeI,2015.0,INTL,IC BUS,YEL,False,,,,,,,,N/B,0.0,,False
9494296,2353819,1,Driver,True,False,False,M,AIR BAG NOT DEPLOYED,G,OCCUPANT LAP SHOULDER HARNESS USED,CELL PHONE NOT IN USE,NONE APPARENT,,E,401 OAKLAND AVE.,15.0,G,BACKING,A,HAD NOT BEEN DRINKING,,,M,MALE,53.0,C,CA,A,ASIAN,7.0,SportUtilityVehicle,2021.0,FORD,ESCAPE,WHI,False,,,,,,,,OTHER,0.0,,False
9516213,2365351,2,Driver,,False,False,M,AIR BAG NOT DEPLOYED,G,OCCUPANT LAP SHOULDER HARNESS USED,CELL PHONE NOT IN USE,NONE APPARENT,,N,I-280 N/B,65.0,B,PROCEEDING STRAIGHT,A,HAD NOT BEEN DRINKING,,,F,FEMALE,33.0,C,CA,H,HISPANIC,1.0,PassengerCarStationWagonJeep,2013.0,TOYT,PRIUS,GRY,False,,,,,,,,4,4.0,4.0,False
9516212,2365351,1,Driver,True,False,True,B,UNKNOWN,B,OCCUPANT UNKNOWN,CELL PHONE USE UNKNOWN,NONE APPARENT,,N,I-280 N/B,65.0,B,PROCEEDING STRAIGHT,G,IMPAIRMENT_NOT_KNOWN,,,,,,,,,,99.0,OtherUnknownHitAndRunDriver,,,,,False,,,,,,,,4,4.0,4.0,False
9516187,2365337,2,Driver,,False,False,M,AIR BAG NOT DEPLOYED,G,OCCUPANT LAP SHOULDER HARNESS USED,CELL PHONE NOT IN USE,NONE APPARENT,,N,I-680 N/B,65.0,H,SLOWING/STOPPING,A,HAD NOT BEEN DRINKING,,,F,FEMALE,50.0,C,CA,A,ASIAN,7.0,SportUtilityVehicle,2022.0,TESL,Y,GRY,False,,,,,,,,4,4.0,4.0,False
9516186,2365337,1,Driver,True,False,False,M,AIR BAG NOT DEPLOYED,G,OCCUPANT LAP SHOULDER HARNESS USED,CELL PHONE NOT IN USE,NONE APPARENT,,N,I-680 N/B,65.0,B,PROCEEDING STRAIGHT,A,HAD NOT BEEN DRINKING,,,M,MALE,31.0,C,CA,A,ASIAN,7.0,SportUtilityVehicle,2022.0,BMW,X3,BLU,False,,,,,,,,4,4.0,4.0,False
9516183,2365335,2,Driver,,False,False,M,AIR BAG NOT DEPLOYED,G,OCCUPANT LAP SHOULDER HARNESS USED,CELL PHONE NOT IN USE,NONE APPARENT,,N,US-101 N/B,65.0,A,STOPPED,A,HAD NOT BEEN DRINKING,,,F,FEMALE,29.0,C,CA,H,HISPANIC,7.0,SportUtilityVehicle,2008.0,JEEP,WRANGLER,BLK,False,,,,,,,,6,4.0,6.0,False
9516182,2365335,1,Driver,True,False,False,M,AIR BAG NOT DEPLOYED,G,OCCUPANT LAP SHOULDER HARNESS USED,CELL PHONE NOT IN USE,NONE APPARENT,,N,US-101 N/B,65.0,B,PROCEEDING STRAIGHT,A,HAD NOT BEEN DRINKING,,,F,FEMALE,54.0,C,CA,A,ASIAN,7.0,SportUtilityVehicle,2017.0,AUDI, Q5,BLK,False,,,,,,,,6,4.0,6.0,False
9516158,2365322,1,Driver,True,False,False,M,AIR BAG NOT DEPLOYED,G,OCCUPANT LAP SHOULDER HARNESS USED,CELL PHONE NOT IN USE,NONE APPARENT,,N,SR-17 N/B TO I-280 S/B,65.0,B,PROCEEDING STRAIGHT,A,HAD NOT BEEN DRINKING,,,M,MALE,46.0,U,,H,HISPANIC,1.0,PassengerCarStationWagonJeep,2003.0,TOYT,MARTIX,RED,True,,,,,,,,1,2.0,2.0,False
9516144,2365312,2,Driver,,False,False,M,AIR BAG NOT DEPLOYED,G,OCCUPANT LAP SHOULDER HARNESS USED,CELL PHONE NOT IN USE,NONE APPARENT,,S,I-680 S/B TO KING RD,65.0,A,STOPPED,A,HAD NOT BEEN DRINKING,,,F,FEMALE,53.0,C,CA,A,ASIAN,8.0,MiniVan,2006.0,HOND,ODYSSEY,LBL,False,,,,,,,,1,1.0,3.0,False
9516143,2365312,1,Driver,True,False,True,B,UNKNOWN,B,OCCUPANT UNKNOWN,CELL PHONE USE UNKNOWN,NONE APPARENT,,S,I-680 S/B TO KING RD,65.0,B,PROCEEDING STRAIGHT,G,IMPAIRMENT_NOT_KNOWN,,,,,,,,,,99.0,OtherUnknownHitAndRunDriver,,,,,False,,,,,,,,1,1.0,3.0,False
9516090,2365280,2,Driver,,False,False,M,AIR BAG NOT DEPLOYED,G,OCCUPANT LAP SHOULDER HARNESS USED,CELL PHONE NOT IN USE,PREVIOUS COLLISION,,S,US-101 S/B,65.0,H,SLOWING/STOPPING,A,HAD NOT BEEN DRINKING,,,M,MALE,27.0,C,CA,W,WHITE,1.0,PassengerCarStationWagonJeep,2007.0,BMW,Z4,BLK,False,,,,,,,,5,4.0,5.0,False
9516089,2365280,1,Driver,True,False,False,M,AIR BAG NOT DEPLOYED,G,OCCUPANT LAP SHOULDER HARNESS USED,CELL PHONE NOT IN USE,PREVIOUS COLLISION,,S,US-101 S/B,55.0,B,PROCEEDING STRAIGHT,A,HAD NOT BEEN DRINKING,,,M,MALE,40.0,A,CA,H,HISPANIC,77.0,HmThreeOrMoreAxleTruck,2019.0,FRHT,CASCADIA,DGR,False,29.0,PullTankTrailer,2019.0,BEAL,TANK TRAILER,SIL,,5,4.0,5.0,False
9516057,2365261,1,Driver,True,False,False,M,AIR BAG NOT DEPLOYED,G,OCCUPANT LAP SHOULDER HARNESS USED,CELL PHONE NOT IN USE,NONE APPARENT,,N,US 101 N/B TO TRIMBLE RD.,65.0,B,PROCEEDING STRAIGHT,A,HAD NOT BEEN DRINKING,,,F,FEMALE,34.0,C,CA,H,HISPANIC,1.0,PassengerCarStationWagonJeep,2009.0,NISS,ALTIMA,BLK,True,,,,,,,,EXIT-1,0.0,2.0,False
9515935,2365194,2,Driver,,False,False,M,AIR BAG NOT DEPLOYED,G,OCCUPANT LAP SHOULDER HARNESS USED,CELL PHONE NOT IN USE,NONE APPARENT,,S,SR-87 S/B,65.0,A,STOPPED,A,HAD NOT BEEN DRINKING,,,F,FEMALE,40.0,C,CA,A,ASIAN,1.0,PassengerCarStationWagonJeep,2018.0,TOYT,CAMRY,GRY,False,,,,,,,,4,4.0,4.0,False
9515934,2365194,1,Driver,True,False,False,L,AIR BAG DEPLOYED,G,OCCUPANT LAP SHOULDER HARNESS USED,CELL PHONE NOT IN USE,NONE APPARENT,,S,SR-87 S/B,65.0,B,PROCEEDING STRAIGHT,A,HAD NOT BEEN DRINKING,,,M,MALE,28.0,C,CA,B,BLACK,1.0,PassengerCarStationWagonJeep,2012.0,AUDI,A6,BLK,True,,,,,,,,4,4.0,4.0,False
9515793,2365119,1,Driver,True,False,False,L,AIR BAG DEPLOYED,G,OCCUPANT LAP SHOULDER HARNESS USED,CELL PHONE NOT IN USE,NONE APPARENT,,S,I-280 S/B,65.0,B,PROCEEDING STRAIGHT,A,HAD NOT BEEN DRINKING,,,F,FEMALE,69.0,C,CA,W,WHITE,7.0,SportUtilityVehicle,2010.0,CADI,SRX,SIL,True,,,,,,,,4,4.0,4.0,False
9515787,2365114,2,Driver,,False,False,M,AIR BAG NOT DEPLOYED,G,OCCUPANT LAP SHOULDER HARNESS USED,CELL PHONE NOT IN USE,NONE APPARENT,,N,SR-87 N/B,65.0,B,PROCEEDING STRAIGHT,A,HAD NOT BEEN DRINKING,,,M,MALE,50.0,A,CA,H,HISPANIC,31.0,SemiTrailer,2020.0,KW,T680,WHI,False,32.0,PullTrailer,1990.0,MILLER,UTILITY VAN TRAILER,WHI,,3,3.0,3.0,False
9515786,2365114,1,Driver,True,False,False,M,AIR BAG NOT DEPLOYED,G,OCCUPANT LAP SHOULDER HARNESS USED,CELL PHONE NOT IN USE,NONE APPARENT,,N,SR-87 N/B,65.0,B,PROCEEDING STRAIGHT,A,HAD NOT BEEN DRINKING,,,M,MALE,28.0,C,CA,A,ASIAN,1.0,PassengerCarStationWagonJeep,2021.0,TESL,3,WHI,False,,,,,,,,2,3.0,3.0,False
9515783,2365112,1,Driver,True,False,False,L,AIR BAG DEPLOYED,G,OCCUPANT LAP SHOULDER HARNESS USED,CELL PHONE NOT IN USE,DEFECTIVE VEHICLE EQUIPMENT - VC 27465(b),,N,I-280 N/B,65.0,B,PROCEEDING STRAIGHT,A,HAD NOT BEEN DRINKING,,,M,MALE,39.0,C,CA,O,OTHER,1.0,PassengerCarStationWagonJeep,2019.0,CHEV,CORVETTE,BLK,True,,,,,,,,4,4.0,5.0,False
9515778,2365109,2,Driver,,False,False,M,AIR BAG NOT DEPLOYED,G,OCCUPANT LAP SHOULDER HARNESS USED,CELL PHONE NOT IN USE,NONE APPARENT,,S,US-101 S/B,65.0,R,OTHER,A,HAD NOT BEEN DRINKING,,,M,MALE,40.0,C,CA,O,OTHER,1.0,PassengerCarStationWagonJeep,2022.0,LEXS,ES350,BLK,False,,,,,,,,2,5.0,5.0,False
9515777,2365109,1,Driver,True,False,False,M,AIR BAG NOT DEPLOYED,G,OCCUPANT LAP SHOULDER HARNESS USED,CELL PHONE NOT IN USE,NONE APPARENT,,S,US-101 S/B,65.0,B,PROCEEDING STRAIGHT,A,HAD NOT BEEN DRINKING,,,M,MALE,58.0,C,CA,W,WHITE,22.0,PickupsAndPanels,2019.0,FORD,F250,BLU,False,,,,,,,,3,5.0,5.0,False
9515736,2365082,2,Driver,,False,False,M,AIR BAG NOT DEPLOYED,G,OCCUPANT LAP SHOULDER HARNESS USED,CELL PHONE NOT IN USE,NONE APPARENT,,S,I-680 S/B,65.0,B,PROCEEDING STRAIGHT,A,HAD NOT BEEN DRINKING,,,F,FEMALE,32.0,C,CA,H,HISPANIC,1.0,PassengerCarStationWagonJeep,2009.0,CHEV,AVEO,SIL,False,,,,,,,,4,4.0,5.0,False