PartyId,CollisionId,PartyNumber,PartyType,IsAtFault,IsOnDutyEmergencyVehicle,IsHitAndRun,AirbagCode,AirbagDescription,SafetyEquipmentCode,SafetyEquipmentDescription,Special Information,Other Associate Factor,Inattention,DirectionOfTravel,StreetOrHighwayName,SpeedLimit,MovementPrecCollCode,MovementPrecCollDescription,SobrietyDrugPhysicalCode1,SobrietyDrugPhysicalDescription1,SobrietyDrugPhysicalCode2,SobrietyDrugPhysicalDescription2,GenderCode,GenderDescription,StatedAge,DriverLicenseClass,DriverLicenseStateCode,RaceCode,RaceDesc,Vehicle1TypeId, Vehicle1TypeDesc, Vehicle1Year,Vehicle1Make,Vehicle1Model,Vehicle1Color,V1IsVehicleTowed,Vehicle2TypeId, Vehicle2TypeDesc, Vehicle2Year,Vehicle2Make,Vehicle2Model,Vehicle2Color,V2IsVehicleTowed,Lane,ThruLanes,TotalLanes,IsDREConducted
9545569,2380554,1,Driver,True,False,False,M,AIR BAG NOT DEPLOYED,G,OCCUPANT LAP SHOULDER HARNESS USED,CELL PHONE NOT IN USE,NONE APPARENT,,N,SR-85 N/B TO SR-17 S/B,65.0,J,CHANGING LANES,A,HAD NOT BEEN DRINKING,,,F,FEMALE,31.0,C,CA,H,HISPANIC,7.0,SportUtilityVehicle,2023.0,HYUN,SANTA FE,GRY,False,,,,,,,,2,1.0,2.0,False
9545553,2380544,1,Driver,True,False,False,L,AIR BAG DEPLOYED,G,OCCUPANT LAP SHOULDER HARNESS USED,CELL PHONE NOT IN USE,NONE APPARENT,,N,I-280 N/B TO SARATOGA AVE W/B ,65.0,C,RAN OFF ROAD,A,HAD NOT BEEN DRINKING,,,M,MALE,42.0,C,CA,A,ASIAN,7.0,SportUtilityVehicle,2020.0,LEXS,RX350,BLK,True,,,,,,,,EXIT,0.0,1.0,False
9545528,2380530,2,Driver,,False,False,M,AIR BAG NOT DEPLOYED,G,OCCUPANT LAP SHOULDER HARNESS USED,CELL PHONE NOT IN USE,STOP & GO TRAFFIC,,N,US-101 N/B,65.0,A,STOPPED,A,HAD NOT BEEN DRINKING,,,F,FEMALE,37.0,C,CA,H,HISPANIC,7.0,SportUtilityVehicle,2023.0,TESL,3,WHI,False,,,,,,,,3,4.0,4.0,False
9545527,2380530,1,Driver,True,False,False,M,AIR BAG NOT DEPLOYED,G,OCCUPANT LAP SHOULDER HARNESS USED,CELL PHONE NOT IN USE,STOP & GO TRAFFIC,,N,US-101 N/B,65.0,B,PROCEEDING STRAIGHT,A,HAD NOT BEEN DRINKING,,,M,MALE,32.0,C,CA,H,HISPANIC,22.0,PickupsAndPanels,2021.0,GMC,SIERRA,WHI,False,35.0,UtilityTrailer,2024.0,NRST,IRONBULL,BLK,,3,4.0,4.0,False
9545514,2380522,2,Driver,,False,False,M,AIR BAG NOT DEPLOYED,G,OCCUPANT LAP SHOULDER HARNESS USED,CELL PHONE USE UNKNOWN,NONE APPARENT,,N,SR-85 N/B,65.0,A,STOPPED,G,IMPAIRMENT_NOT_KNOWN,,,F,FEMALE,18.0,C,CA,H,HISPANIC,22.0,PickupsAndPanels,2023.0,CHEV,COLORADO,WHI,False,,,,,,,,1,3.0,3.0,False
9545513,2380522,1,Driver,True,False,False,M,AIR BAG NOT DEPLOYED,G,OCCUPANT LAP SHOULDER HARNESS USED,CELL PHONE NOT IN USE,NONE APPARENT,,N,SR-85 N/B,65.0,B,PROCEEDING STRAIGHT,A,HAD NOT BEEN DRINKING,,,X,NON-BINARY,21.0,C,CA,H,HISPANIC,1.0,PassengerCarStationWagonJeep,2018.0,SUBA,OUTBACK,BLK,False,,,,,,,,1,3.0,3.0,False
9545500,2380514,3,Driver,,False,False,M,AIR BAG NOT DEPLOYED,G,OCCUPANT LAP SHOULDER HARNESS USED,CELL PHONE NOT IN USE,NONE APPARENT,,N,US-101 N/B,65.0,A,STOPPED,A,HAD NOT BEEN DRINKING,,,M,MALE,48.0,C,CA,A,ASIAN,22.0,PickupsAndPanels,2005.0,NISS,FRONTIER,BLK,False,,,,,,,,1,3.0,5.0,False
9545499,2380514,2,Driver,,False,False,M,AIR BAG NOT DEPLOYED,G,OCCUPANT LAP SHOULDER HARNESS USED,CELL PHONE NOT IN USE,NONE APPARENT,,N,US-101 N/B,65.0,A,STOPPED,A,HAD NOT BEEN DRINKING,,,M,MALE,22.0,F,SC,A,ASIAN,7.0,SportUtilityVehicle,2019.0,TOYT,RAV4,SIL,False,,,,,,,,1,3.0,5.0,False
9545498,2380514,1,Driver,True,False,False,L,AIR BAG DEPLOYED,G,OCCUPANT LAP SHOULDER HARNESS USED,CELL PHONE NOT IN USE,NONE APPARENT,,N,US-101 N/B,65.0,B,PROCEEDING STRAIGHT,A,HAD NOT BEEN DRINKING,,,M,MALE,61.0,C,CA,A,ASIAN,1.0,PassengerCarStationWagonJeep,2018.0,NISS,VERSA,RED,False,,,,,,,,1,3.0,5.0,False
9545484,2380508,2,Driver,,False,False,M,AIR BAG NOT DEPLOYED,G,OCCUPANT LAP SHOULDER HARNESS USED,CELL PHONE NOT IN USE,NONE APPARENT,,N,US-101 N/B,65.0,A,STOPPED,A,HAD NOT BEEN DRINKING,,,F,FEMALE,37.0,C,CA,H,HISPANIC,1.0,PassengerCarStationWagonJeep,2020.0,TOYT,PRIUS,GRY,False,,,,,,,,1,3.0,4.0,False
9545483,2380508,1,Driver,True,False,False,M,AIR BAG NOT DEPLOYED,G,OCCUPANT LAP SHOULDER HARNESS USED,CELL PHONE NOT IN USE,NONE APPARENT,,N,US-101 N/B,65.0,B,PROCEEDING STRAIGHT,A,HAD NOT BEEN DRINKING,,,M,MALE,39.0,C,CA,W,WHITE,22.0,PickupsAndPanels,2016.0,FORD,F150,SIL,False,,,,,,,,1,3.0,4.0,False
9545475,2380504,2,Driver,,False,False,M,AIR BAG NOT DEPLOYED,G,OCCUPANT LAP SHOULDER HARNESS USED,CELL PHONE NOT IN USE,NONE APPARENT,,S,US-101 S/B,65.0,B,PROCEEDING STRAIGHT,A,HAD NOT BEEN DRINKING,,,M,MALE,44.0,C,CA,H,HISPANIC,22.0,PickupsAndPanels,2023.0,TOYT,TUNDRA,GRY,False,,,,,,,,5,6.0,6.0,False
9545474,2380504,1,Driver,True,False,False,P,NOT REQUIRED,G,OCCUPANT LAP SHOULDER HARNESS USED,CELL PHONE NOT IN USE,NONE APPARENT,,S,US-101 S/B,55.0,R,OTHER,A,HAD NOT BEEN DRINKING,,,M,MALE,48.0,A,CA,H,HISPANIC,25.0,TruckTractor,2015.0,PTRB,TRACTOR,WHI,False,31.0,SemiTrailer,2006.0,DRAGON,END DUMP,WHI,,5,6.0,6.0,False
9545422,2380479,1,Driver,True,False,True,L,AIR BAG DEPLOYED,H,OCCUPANT LAP SHOULDER HARNESS NOT USED,CELL PHONE USE UNKNOWN,NONE APPARENT,,S,I-880 S/B,65.0,R,OTHER,G,IMPAIRMENT_NOT_KNOWN,,,,,,,,,,1.0,PassengerCarStationWagonJeep,2016.0,FORD,FOCUS,BLK,True,,,,,,,,4,3.0,4.0,False
9545258,2380390,3,Driver,,False,False,M,AIR BAG NOT DEPLOYED,G,OCCUPANT LAP SHOULDER HARNESS USED,CELL PHONE NOT IN USE,NONE APPARENT,,N,I-280 N/B,65.0,B,PROCEEDING STRAIGHT,A,HAD NOT BEEN DRINKING,,,M,MALE,58.0,C,CA,O,OTHER,7.0,SportUtilityVehicle,2004.0,HOND,PILOT,SIL,False,,,,,,,,4,4.0,4.0,False
9545257,2380390,2,Driver,,False,False,M,AIR BAG NOT DEPLOYED,G,OCCUPANT LAP SHOULDER HARNESS USED,CELL PHONE NOT IN USE,NONE APPARENT,,N,I-280 N/B,65.0,B,PROCEEDING STRAIGHT,A,HAD NOT BEEN DRINKING,,,F,FEMALE,35.0,C,CA,H,HISPANIC,1.0,PassengerCarStationWagonJeep,2022.0,SUBA,WRX,DBL,True,,,,,,,,1,4.0,4.0,False
9545256,2380390,1,Driver,True,False,True,B,UNKNOWN,B,OCCUPANT UNKNOWN,CELL PHONE USE UNKNOWN,NONE APPARENT,,N,I-280 N/B,65.0,R,OTHER,G,IMPAIRMENT_NOT_KNOWN,,,,,,,,,,99.0,OtherUnknownHitAndRunDriver,,,,,False,,,,,,,,2,4.0,4.0,False
9545233,2380379,3,Driver,,False,False,M,AIR BAG NOT DEPLOYED,G,OCCUPANT LAP SHOULDER HARNESS USED,CELL PHONE NOT IN USE,NONE APPARENT,,S,I-680 S/B,65.0,B,PROCEEDING STRAIGHT,A,HAD NOT BEEN DRINKING,,,M,MALE,33.0,U,,H,HISPANIC,1.0,PassengerCarStationWagonJeep,2013.0,VOLK,GOLF,GRY,False,,,,,,,,4,6.0,6.0,False
9545232,2380379,2,Driver,,False,False,M,AIR BAG NOT DEPLOYED,G,OCCUPANT LAP SHOULDER HARNESS USED,CELL PHONE NOT IN USE,NONE APPARENT,,S,I-680 S/B,65.0,B,PROCEEDING STRAIGHT,A,HAD NOT BEEN DRINKING,,,F,FEMALE,60.0,C,CA,W,WHITE,1.0,PassengerCarStationWagonJeep,2012.0,HOND,ACCORD,SIL,True,,,,,,,,2,6.0,6.0,False
9545231,2380379,1,Driver,True,False,False,M,AIR BAG NOT DEPLOYED,G,OCCUPANT LAP SHOULDER HARNESS USED,CELL PHONE NOT IN USE,NONE APPARENT,,S,I-680 S/B,65.0,J,CHANGING LANES,A,HAD NOT BEEN DRINKING,,,M,MALE,28.0,C,CA,H,HISPANIC,1.0,PassengerCarStationWagonJeep,2006.0,TOYT,COROLLA,GRY,True,,,,,,,,1,6.0,6.0,False
9545179,2380352,2,Driver,,False,False,L,AIR BAG DEPLOYED,E,OCCUPANT SHOULDER HARNESS USED,CELL PHONE NOT IN USE,VC SECTION VIOLATED - VC 22400(a),,S,SR-85 S/B,65.0,A,STOPPED,A,HAD NOT BEEN DRINKING,,,F,FEMALE,53.0,U,,H,HISPANIC,1.0,PassengerCarStationWagonJeep,1993.0,HOND,ACCORD,TAN,False,,,,,,,,1,3.0,3.0,False
9545178,2380352,1,Driver,True,False,False,L,AIR BAG DEPLOYED,G,OCCUPANT LAP SHOULDER HARNESS USED,CELL PHONE NOT IN USE,NONE APPARENT,,S,SR-85 S/B,65.0,B,PROCEEDING STRAIGHT,A,HAD NOT BEEN DRINKING,,,F,FEMALE,30.0,C,CA,W,WHITE,7.0,SportUtilityVehicle,2016.0,SUBA,ASCENT,SIL,False,,,,,,,,1,3.0,3.0,False
9544951,2380230,2,ParkedVehicle,,False,False,P,NOT REQUIRED,P,NOT REQUIRED,CELL PHONE NOT IN USE / SCHOOL BUS RELATED,NONE APPARENT,,E,PARK AVE,25.0,O,PARKED,H,NOT APPLICABLE,,,,,,,,,,13.0,SchoolBusPublicTypeI,2017.0,,THOMAS-BUILT E450,YEL,False,,,,,,,,E/B,1.0,2.0,False
9544950,2380230,1,Driver,True,False,False,M,AIR BAG NOT DEPLOYED,G,OCCUPANT LAP SHOULDER HARNESS USED,CELL PHONE NOT IN USE,NONE APPARENT,,E,PARK AVE,25.0,G,BACKING,A,HAD NOT BEEN DRINKING,,,M,MALE,49.0,C,CA,B,BLACK,8.0,MiniVan,2018.0,CHEV,EXPRESS,WHI,False,,,,,,,,E/B,1.0,2.0,False
9544880,2380196,2,ParkedVehicle,,False,False,M,AIR BAG NOT DEPLOYED,G,OCCUPANT LAP SHOULDER HARNESS USED,CELL PHONE NOT IN USE,NONE APPARENT,,S,300 EL CAJON DR (DRIVEWAY),15.0,A,STOPPED,H,NOT APPLICABLE,,,,,,,,,,13.0,SchoolBusPublicTypeI,2023.0,GMC,SAVANNA,YEL,False,,,,,,,,OTHER,1.0,1.0,False
9544879,2380196,1,Driver,True,False,False,M,AIR BAG NOT DEPLOYED,G,OCCUPANT LAP SHOULDER HARNESS USED,CELL PHONE NOT IN USE,NONE APPARENT,,W,300 EL CAJON DR (DRIVEWAY),15.0,G,BACKING,A,HAD NOT BEEN DRINKING,,,F,FEMALE,46.0,C,CA,O,OTHER,7.0,SportUtilityVehicle,2021.0,HOND,CRV,WHI,False,,,,,,,,OTHER,1.0,1.0,False
9544172,2379831,2,Driver,,False,False,M,AIR BAG NOT DEPLOYED,G,OCCUPANT LAP SHOULDER HARNESS USED,CELL PHONE NOT IN USE,NONE APPARENT,,S,SR-87 S/B ,65.0,B,PROCEEDING STRAIGHT,A,HAD NOT BEEN DRINKING,,,F,FEMALE,48.0,C,CA,A,ASIAN,7.0,SportUtilityVehicle,2016.0,ACUR,MDX,GRY,False,,,,,,,,3,3.0,3.0,False
9544171,2379831,1,Driver,,False,True,B,UNKNOWN,B,OCCUPANT UNKNOWN,CELL PHONE USE UNKNOWN,NONE APPARENT,,S,SR-87 S/B,65.0,B,PROCEEDING STRAIGHT,G,IMPAIRMENT_NOT_KNOWN,,,,,,,,,,99.0,OtherUnknownHitAndRunDriver,,,,,False,35.0,UtilityTrailer,,,,,,3,3.0,3.0,False
9544134,2379812,2,Driver,,False,False,M,AIR BAG NOT DEPLOYED,G,OCCUPANT LAP SHOULDER HARNESS USED,CELL PHONE NOT IN USE,NONE APPARENT,,N,SR-85 N/B,65.0,H,SLOWING/STOPPING,A,HAD NOT BEEN DRINKING,,,F,FEMALE,52.0,C,CA,O,OTHER,7.0,SportUtilityVehicle,2022.0,HYUN,SANTA FE,GRY,False,,,,,,,,1,3.0,3.0,False
9544133,2379812,1,Driver,True,False,False,M,AIR BAG NOT DEPLOYED,G,OCCUPANT LAP SHOULDER HARNESS USED,CELL PHONE NOT IN USE,NONE APPARENT,,N,SR-85 N/B,65.0,B,PROCEEDING STRAIGHT,A,HAD NOT BEEN DRINKING,,,F,FEMALE,43.0,C,CA,W,WHITE,7.0,SportUtilityVehicle,2018.0,CHEV,TRAX,WHI,False,,,,,,,,1,3.0,3.0,False
9544102,2379797,2,Driver,,False,False,L,AIR BAG DEPLOYED,G,OCCUPANT LAP SHOULDER HARNESS USED,CELL PHONE NOT IN USE,NONE APPARENT,,N,I-880 N/B TO US-101 S/B,65.0,B,PROCEEDING STRAIGHT,A,HAD NOT BEEN DRINKING,,,M,MALE,35.0,C,CA,H,HISPANIC,1.0,PassengerCarStationWagonJeep,2020.0,TOYT,CAMRY,GRY,True,,,,,,,,N/B,1.0,1.0,False
9544101,2379797,1,Driver,True,False,False,M,AIR BAG NOT DEPLOYED,G,OCCUPANT LAP SHOULDER HARNESS USED,CELL PHONE NOT IN USE,NONE APPARENT,,S,US-101 S/B TO I-880 N/B,65.0,B,PROCEEDING STRAIGHT,A,HAD NOT BEEN DRINKING,,,M,MALE,23.0,C,CA,A,ASIAN,7.0,SportUtilityVehicle,2019.0,MAZD,CX5,BLU,True,,,,,,,,S/B,1.0,1.0,False
9544006,2379752,2,Driver,,False,False,M,AIR BAG NOT DEPLOYED,G,OCCUPANT LAP SHOULDER HARNESS USED,CELL PHONE NOT IN USE,NONE APPARENT,,S,SR-87 S/B,65.0,H,SLOWING/STOPPING,A,HAD NOT BEEN DRINKING,,,F,FEMALE,47.0,C,CA,H,HISPANIC,1.0,PassengerCarStationWagonJeep,2023.0,HOND,CIVIC,WHI,False,,,,,,,,1,4.0,4.0,False
9544005,2379752,1,Driver,True,False,True,B,UNKNOWN,B,OCCUPANT UNKNOWN,CELL PHONE USE UNKNOWN,NONE APPARENT,,S,SR-87 S/B,65.0,B,PROCEEDING STRAIGHT,G,IMPAIRMENT_NOT_KNOWN,,,,,,,,,,99.0,OtherUnknownHitAndRunDriver,,,,,False,,,,,,,,1,4.0,4.0,False
9543907,2379702,2,Driver,,False,False,M,AIR BAG NOT DEPLOYED,G,OCCUPANT LAP SHOULDER HARNESS USED,CELL PHONE NOT IN USE,NONE APPARENT,,S,I-280 S/B,65.0,B,PROCEEDING STRAIGHT,A,HAD NOT BEEN DRINKING,,,F,FEMALE,24.0,C,CA,H,HISPANIC,1.0,PassengerCarStationWagonJeep,2013.0,HOND,ACCORD,GLD,False,,,,,,,,1,4.0,5.0,False
9543906,2379702,1,Driver,True,False,False,L,AIR BAG DEPLOYED,G,OCCUPANT LAP SHOULDER HARNESS USED,CELL PHONE NOT IN USE,NONE APPARENT,,S,I-280 S/B,65.0,R,OTHER,A,HAD NOT BEEN DRINKING,,,M,MALE,50.0,C,CA,O,OTHER,7.0,SportUtilityVehicle,2016.0,TOYT,4-RUNNER,GRY,True,,,,,,,,2,4.0,5.0,False
9543802,2379649,2,Driver,,False,False,M,AIR BAG NOT DEPLOYED,G,OCCUPANT LAP SHOULDER HARNESS USED,CELL PHONE NOT IN USE,NONE APPARENT,,N,US-101 N/B TO DE LA CRUZ BLVD,65.0,B,PROCEEDING STRAIGHT,A,HAD NOT BEEN DRINKING,,,F,FEMALE,54.0,U,MX,H,HISPANIC,1.0,PassengerCarStationWagonJeep,2009.0,JEEP,LIBERTY,BGE,False,,,,,,,,EXIT-1,0.0,2.0,False
9543801,2379649,1,Driver,True,False,False,M,AIR BAG NOT DEPLOYED,G,OCCUPANT LAP SHOULDER HARNESS USED,CELL PHONE NOT IN USE,NONE APPARENT,,N,US-101 N/B TO DE LA CRUZ BLVD,65.0,R,OTHER,A,HAD NOT BEEN DRINKING,,,M,MALE,39.0,C,CA,A,ASIAN,7.0,SportUtilityVehicle,2023.0,TSMR,Y,BLK,False,,,,,,,,EXIT-2,0.0,2.0,False
9543768,2379633,1,Driver,True,False,False,L,AIR BAG DEPLOYED,G,OCCUPANT LAP SHOULDER HARNESS USED,,NONE APPARENT,,S,I-880 S/B TO US-101 S/B,65.0,B,PROCEEDING STRAIGHT,A,HAD NOT BEEN DRINKING,,,M,MALE,20.0,C,CA,A,ASIAN,7.0,SportUtilityVehicle,2022.0,SUBA,OUTBACK,GRY,False,,,,,,,,S/B,1.0,1.0,False
9543735,2379618,2,Driver,,False,False,M,AIR BAG NOT DEPLOYED,G,OCCUPANT LAP SHOULDER HARNESS USED,CELL PHONE NOT IN USE,NONE APPARENT,,S,I-680 S/B TO US-101 S/B,65.0,B,PROCEEDING STRAIGHT,A,HAD NOT BEEN DRINKING,,,M,MALE,5.0,U,CA,H,HISPANIC,22.0,PickupsAndPanels,2017.0,FORD,F150,GRY,False,,,,,,,,1,2.0,2.0,False
9543734,2379618,1,Driver,True,False,False,M,AIR BAG NOT DEPLOYED,G,OCCUPANT LAP SHOULDER HARNESS USED,CELL PHONE NOT IN USE,NONE APPARENT,,S,I-680 S/B TO US-101 S/B,65.0,J,CHANGING LANES,A,HAD NOT BEEN DRINKING,,,M,MALE,23.0,C,CA,H,HISPANIC,1.0,PassengerCarStationWagonJeep,2010.0,TOYT,COROLLA,GRY,True,,,,,,,,2,2.0,2.0,False
9543723,2379612,3,Driver,,False,False,M,AIR BAG NOT DEPLOYED,G,OCCUPANT LAP SHOULDER HARNESS USED,CELL PHONE NOT IN USE,VC SECTION VIOLATED - VC 22350,,S,US-101 S/B ,65.0,B,PROCEEDING STRAIGHT,A,HAD NOT BEEN DRINKING,,,F,FEMALE,37.0,C,CA,O,OTHER,1.0,PassengerCarStationWagonJeep,2021.0,CHEV,BOLT,SIL,False,,,,,,,,3,4.0,4.0,False
9543722,2379612,2,Driver,,False,False,M,AIR BAG NOT DEPLOYED,G,OCCUPANT LAP SHOULDER HARNESS USED,CELL PHONE NOT IN USE,NONE APPARENT,,S,US-101 S/B ,65.0,H,SLOWING/STOPPING,A,HAD NOT BEEN DRINKING,,,F,FEMALE,66.0,C,CA,A,ASIAN,1.0,PassengerCarStationWagonJeep,2013.0,NISS,ALTIMA,WHI,False,,,,,,,,3,4.0,4.0,False
9543721,2379612,1,Driver,True,False,False,M,AIR BAG NOT DEPLOYED,G,OCCUPANT LAP SHOULDER HARNESS USED,CELL PHONE NOT IN USE,NONE APPARENT,,S,US-101 S/B ,65.0,B,PROCEEDING STRAIGHT,A,HAD NOT BEEN DRINKING,,,M,MALE,66.0,,CA,H,HISPANIC,22.0,PickupsAndPanels,2004.0,DODG,DAKOTA,GRY,False,,,,,,,,3,4.0,4.0,False
9543694,2379597,2,Driver,,False,False,M,AIR BAG NOT DEPLOYED,G,OCCUPANT LAP SHOULDER HARNESS USED,CELL PHONE NOT IN USE,STOP & GO TRAFFIC,,S,US-101 S/B,65.0,A,STOPPED,A,HAD NOT BEEN DRINKING,,,F,FEMALE,22.0,C,CA,H,HISPANIC,7.0,SportUtilityVehicle,2022.0,HOND,CRV,GRY,False,,,,,,,,2,5.0,5.0,False
9543693,2379597,1,Driver,True,False,True,B,UNKNOWN,B,OCCUPANT UNKNOWN,CELL PHONE USE UNKNOWN,STOP & GO TRAFFIC,,S,US-101 S/B,65.0,B,PROCEEDING STRAIGHT,G,IMPAIRMENT_NOT_KNOWN,,,,,,,,,,99.0,OtherUnknownHitAndRunDriver,,,,,False,,,,,,,,2,5.0,5.0,False
9543557,2379526,2,Driver,,False,False,M,AIR BAG NOT DEPLOYED,G,OCCUPANT LAP SHOULDER HARNESS USED,CELL PHONE NOT IN USE,NONE APPARENT,,W,SR-237 W/B,65.0,B,PROCEEDING STRAIGHT,A,HAD NOT BEEN DRINKING,,,M,MALE,31.0,C,CA,W,WHITE,22.0,PickupsAndPanels,2020.0,CHEV,SILVERADO,WHI,False,,,,,,,,1,3.0,4.0,False
9543556,2379526,1,Driver,True,False,False,M,AIR BAG NOT DEPLOYED,G,OCCUPANT LAP SHOULDER HARNESS USED,CELL PHONE NOT IN USE,NONE APPARENT,,W,SR-237 W/B,65.0,J,CHANGING LANES,A,HAD NOT BEEN DRINKING,,,F,FEMALE,40.0,C,CA,A,ASIAN,1.0,PassengerCarStationWagonJeep,2023.0,TSMR,3,BLU,False,,,,,,,,2,3.0,4.0,False
9543523,2379507,2,Driver,,False,False,M,AIR BAG NOT DEPLOYED,G,OCCUPANT LAP SHOULDER HARNESS USED,CELL PHONE NOT IN USE,NONE APPARENT,,N,SR-85 N/B,65.0,H,SLOWING/STOPPING,A,HAD NOT BEEN DRINKING,,,F,FEMALE,23.0,C,CA,A,ASIAN,1.0,PassengerCarStationWagonJeep,2015.0,SUBA,IMPREZA,RED,False,,,,,,,,1,2.0,3.0,False
9543522,2379507,1,Driver,True,False,False,M,AIR BAG NOT DEPLOYED,G,OCCUPANT LAP SHOULDER HARNESS USED,CELL PHONE NOT IN USE,NONE APPARENT,,N,SR-85 N/B,65.0,B,PROCEEDING STRAIGHT,A,HAD NOT BEEN DRINKING,,,M,MALE,42.0,C,CA,O,OTHER,7.0,SportUtilityVehicle,2016.0,HOND,CRV,GRY,False,,,,,,,,1,2.0,3.0,False
9543499,2379494,2,Driver,,False,False,M,AIR BAG NOT DEPLOYED,G,OCCUPANT LAP SHOULDER HARNESS USED,CELL PHONE NOT IN USE,NONE APPARENT,,N,SR-87 N/B,65.0,B,PROCEEDING STRAIGHT,A,HAD NOT BEEN DRINKING,,,M,MALE,36.0,C,CA,W,WHITE,1.0,PassengerCarStationWagonJeep,2006.0,TOYT,COROLLA,BLU,False,,,,,,,,3,3.0,4.0,False
9543498,2379494,1,Driver,True,False,False,M,AIR BAG NOT DEPLOYED,G,OCCUPANT LAP SHOULDER HARNESS USED,CELL PHONE NOT IN USE,NONE APPARENT,,N,SR-87 N/B,65.0,J,CHANGING LANES,A,HAD NOT BEEN DRINKING,,,F,FEMALE,26.0,C,CA,O,OTHER,1.0,PassengerCarStationWagonJeep,2014.0,FORD,FESTIVA,SIL,False,,,,,,,,2,3.0,4.0,False
9543481,2379484,2,Driver,,False,False,M,AIR BAG NOT DEPLOYED,G,OCCUPANT LAP SHOULDER HARNESS USED,CELL PHONE NOT IN USE,NONE APPARENT,,W,SR-237 W/B,65.0,A,STOPPED,A,HAD NOT BEEN DRINKING,,,F,FEMALE,26.0,C,CA,W,WHITE,7.0,SportUtilityVehicle,2017.0,HOND,CRV,GRY,False,,,,,,,,1,3.0,4.0,False
9543480,2379484,1,Driver,True,False,False,L,AIR BAG DEPLOYED,G,OCCUPANT LAP SHOULDER HARNESS USED,CELL PHONE NOT IN USE,NONE APPARENT,,W,SR-237 W/B,65.0,B,PROCEEDING STRAIGHT,A,HAD NOT BEEN DRINKING,,,M,MALE,37.0,F,BA,H,HISPANIC,1.0,PassengerCarStationWagonJeep,2016.0,TOYT,COROLLA,WHI,True,,,,,,,,1,3.0,4.0,False
9543364,2379422,2,Driver,,False,False,M,AIR BAG NOT DEPLOYED,G,OCCUPANT LAP SHOULDER HARNESS USED,CELL PHONE NOT IN USE,NONE APPARENT,,N,US-101 N/B,65.0,B,PROCEEDING STRAIGHT,A,HAD NOT BEEN DRINKING,,,M,MALE,46.0,C,CA,H,HISPANIC,22.0,PickupsAndPanels,2019.0,CHEV,SILVERADO,WHI,False,,,,,,,,5,5.0,5.0,False
9543363,2379422,1,Driver,True,False,False,M,AIR BAG NOT DEPLOYED,G,OCCUPANT LAP SHOULDER HARNESS USED,CELL PHONE NOT IN USE,NONE APPARENT,,N,US-101 N/B,65.0,R,OTHER,A,HAD NOT BEEN DRINKING,,,M,MALE,68.0,C,CA,A,ASIAN,7.0,SportUtilityVehicle,2016.0,SUBA,OUTBACK,SIL,False,,,,,,,,4,54.0,5.0,False
9543225,2379350,3,Driver,,False,False,M,AIR BAG NOT DEPLOYED,G,OCCUPANT LAP SHOULDER HARNESS USED,CELL PHONE NOT IN USE,NONE APPARENT,,S,I-880 S/B,65.0,B,PROCEEDING STRAIGHT,A,HAD NOT BEEN DRINKING,,,M,MALE,30.0,C,CA,B,BLACK,7.0,SportUtilityVehicle,2006.0,TOYT,4-RUNNER,GRY,False,,,,,,,,3,4.0,5.0,False
9543224,2379350,2,Driver,,False,False,L,AIR BAG DEPLOYED,G,OCCUPANT LAP SHOULDER HARNESS USED,CELL PHONE NOT IN USE,NONE APPARENT,,S,I-880 S/B,65.0,A,STOPPED,A,HAD NOT BEEN DRINKING,,,M,MALE,54.0,C,CA,H,HISPANIC,1.0,PassengerCarStationWagonJeep,2018.0,HOND,ACCORD,RED,True,,,,,,,,4,4.0,5.0,False
9543223,2379350,1,Driver,True,False,False,L,AIR BAG DEPLOYED,G,OCCUPANT LAP SHOULDER HARNESS USED,CELL PHONE NOT IN USE,VC SECTION VIOLATED - VC 22350,,S,I-880 S/B,65.0,B,PROCEEDING STRAIGHT,B,HBD-UNDER INFLUENCE,,,M,MALE,38.0,U,,H,HISPANIC,1.0,PassengerCarStationWagonJeep,2016.0,HOND,ACCORD,BLK,True,,,,,,,,4,4.0,5.0,False
9541938,2378681,2,Driver,,False,False,M,AIR BAG NOT DEPLOYED,G,OCCUPANT LAP SHOULDER HARNESS USED,CELL PHONE NOT IN USE / SCHOOL BUS RELATED,NONE APPARENT,,S,2243 MCLAUGHLIN AVE.,35.0,A,STOPPED,A,HAD NOT BEEN DRINKING,,,M,MALE,62.0,C,CA,A,ASIAN,17.0,SchoolBusContractualTypeI,2012.0,THOB,SCHOOL BUS,YEL,False,,,,,,,,2,2.0,2.0,False
9541937,2378681,1,Driver,True,False,False,M,AIR BAG NOT DEPLOYED,G,OCCUPANT LAP SHOULDER HARNESS USED,CELL PHONE NOT IN USE,NONE APPARENT,,S,2243 MCLAUGHLIN AVE,35.0,B,PROCEEDING STRAIGHT,A,HAD NOT BEEN DRINKING,,,F,FEMALE,29.0,C,CA,H,HISPANIC,7.0,SportUtilityVehicle,2007.0,HOND,CRV,SIL,False,,,,,,,,2,2.0,2.0,False