PartyId,CollisionId,PartyNumber,PartyType,IsAtFault,IsOnDutyEmergencyVehicle,IsHitAndRun,AirbagCode,AirbagDescription,SafetyEquipmentCode,SafetyEquipmentDescription,Special Information,Other Associate Factor,Inattention,DirectionOfTravel,StreetOrHighwayName,SpeedLimit,MovementPrecCollCode,MovementPrecCollDescription,SobrietyDrugPhysicalCode1,SobrietyDrugPhysicalDescription1,SobrietyDrugPhysicalCode2,SobrietyDrugPhysicalDescription2,GenderCode,GenderDescription,StatedAge,DriverLicenseClass,DriverLicenseStateCode,RaceCode,RaceDesc,Vehicle1TypeId, Vehicle1TypeDesc, Vehicle1Year,Vehicle1Make,Vehicle1Model,Vehicle1Color,V1IsVehicleTowed,Vehicle2TypeId, Vehicle2TypeDesc, Vehicle2Year,Vehicle2Make,Vehicle2Model,Vehicle2Color,V2IsVehicleTowed,Lane,ThruLanes,TotalLanes,IsDREConducted
9695189,2457500,1,Driver,True,False,,L,AIR BAG DEPLOYED,B,OCCUPANT UNKNOWN,,NONE APPARENT,,E,,,B,PROCEEDING STRAIGHT,A,HAD NOT BEEN DRINKING,,,M,MALE,,C,CA,,,,,2007.0,INFINITI,,,,,,,,,,,,,,
9695188,2457499,2,ParkedVehicle,,False,,,,,,,NONE APPARENT,,,,,O,PARKED,H,NOT APPLICABLE,,,,,,,,,,,,2006.0,TOYOTA,,,,,,,,,,,,,,
9695187,2457499,1,Driver,True,False,,B,UNKNOWN,,,,NONE APPARENT,,S,,,A,STOPPED,D,HBD-IMPAIRMENT UNKNOWN,,,F,FEMALE,,C,CA,,,,,2018.0,NISSAN,,,,,,,,,,,,,,
9695186,2457498,3,Driver,,False,,M,AIR BAG NOT DEPLOYED,W,MOTOR BICYCLE DRIVER WITH HELMET,,STOP & GO TRAFFIC,,N,,,A,STOPPED,A,HAD NOT BEEN DRINKING,,,F,FEMALE,,C,CA,,,,,2024.0,MINI,,,,,,,,,,,,,,
9695185,2457498,2,Driver,,False,,M,AIR BAG NOT DEPLOYED,W,MOTOR BICYCLE DRIVER WITH HELMET,,STOP & GO TRAFFIC,,N,,,A,STOPPED,A,HAD NOT BEEN DRINKING,,,F,FEMALE,,C,CA,,,,,2003.0,LEXUS,,,,,,,,,,,,,,
9695184,2457498,1,Driver,True,False,,M,AIR BAG NOT DEPLOYED,V,MOTOR BICYCLE DRIVER NO HELMET,,STOP & GO TRAFFIC,,N,,,B,PROCEEDING STRAIGHT,A,HAD NOT BEEN DRINKING,,,M,MALE,,C,CA,,,,,2008.0,INFINITI,,,,,,,,,,,,,,
9695183,2457497,2,Driver,,False,,M,AIR BAG NOT DEPLOYED,G,OCCUPANT LAP SHOULDER HARNESS USED,,VISION OBSCUREMENT,,W,,,B,PROCEEDING STRAIGHT,A,HAD NOT BEEN DRINKING,,,M,MALE,,,CA,W,WHITE,1.0,PassengerCarStationWagonJeep,2019.0,NISSAN,,,,,,,,,,,,,,
9695182,2457497,1,Bicyclist,True,False,,,,,,,VISION OBSCUREMENT,,N,,,E,MAKING LEFT TURN,A,HAD NOT BEEN DRINKING,,,M,MALE,,,,,,4.0,Bicycle,,,,,,,,,,,,,,,,
9695181,2457496,2,Driver,,False,,,,,,,NONE APPARENT,,S,,,A,STOPPED,A,HAD NOT BEEN DRINKING,,,F,FEMALE,,,,,,,,2012.0,TOYOTA,,,,,,,,,,,,,,
9695180,2457496,1,Driver,True,False,,B,UNKNOWN,,,,NONE APPARENT,,S,,,D,MAKING RIGHT TURN,G,IMPAIRMENT_NOT_KNOWN,,,,,,,,,,,,2007.0,NISSAN,,,,,,,,,,,,,,
9695166,2457487,2,Driver,,False,,,,,,,,,,,,,,,,,,F,FEMALE,,,CA,H,HISPANIC,,,2016.0,FORD,,,,,,,,,,,,,,
9695165,2457487,1,Driver,,False,,,,,,CELL PHONE NOT IN USE,,,,,,E,MAKING LEFT TURN,,,,,U,UNKNOWN,,,,A,ASIAN,,,,HONDA,,,,,,,,,,,,,,
9695161,2457484,2,Driver,,False,,M,AIR BAG NOT DEPLOYED,G,OCCUPANT LAP SHOULDER HARNESS USED,CELL PHONE NOT IN USE,NONE APPARENT,,N,,,B,PROCEEDING STRAIGHT,A,HAD NOT BEEN DRINKING,,,M,MALE,,,CA,B,BLACK,,,2007.0,TOYOTA,,,,,,,,,,,,,,
9695160,2457484,1,Driver,True,False,,M,AIR BAG NOT DEPLOYED,G,OCCUPANT LAP SHOULDER HARNESS USED,CELL PHONE NOT IN USE,NONE APPARENT,,N,,,E,MAKING LEFT TURN,A,HAD NOT BEEN DRINKING,,,M,MALE,,,CA,W,WHITE,,,2019.0,FORD,,,,,,,,,,,,,,
9695077,2457440,2,Driver,,False,,,,,,,,,N,,,B,PROCEEDING STRAIGHT,A,HAD NOT BEEN DRINKING,,,F,FEMALE,,,CA,,,,,2023.0,MINI,,,,,,,,,,,,,,
9695076,2457440,1,Driver,True,False,,,,,,,,,W,,,B,PROCEEDING STRAIGHT,A,HAD NOT BEEN DRINKING,,,M,MALE,,,CA,,,,,2019.0,NISSAN,,,,,,,,,,,,,,
9694315,2457071,2,Pedestrian,,False,,,,,,,NONE APPARENT,,E,,,R,OTHER,H,NOT APPLICABLE,,,F,FEMALE,,,,,,60.0,Pedestrian,,,,,,,,,,,,,,,,
9694314,2457071,1,Driver,True,False,,M,AIR BAG NOT DEPLOYED,G,OCCUPANT LAP SHOULDER HARNESS USED,,NONE APPARENT,,S,,,E,MAKING LEFT TURN,H,NOT APPLICABLE,,,F,FEMALE,,,CA,,,,,2008.0,TOYOTA,,,,,,,,,,,,,,
9694282,2457054,3,ParkedVehicle,,False,,,,,,,,,,,,,,,,,,,,,,,,,,,2016.0,FORD,,,,,,,,,,,,,,
9694281,2457054,2,Pedestrian,,False,,,,,,,,,,,,O,PARKED,,,,,M,MALE,,,,,,60.0,Pedestrian,,,,,,,,,,,,,,,,
9694280,2457054,1,Driver,True,False,,M,AIR BAG NOT DEPLOYED,E,OCCUPANT SHOULDER HARNESS USED,,,,N,,,B,PROCEEDING STRAIGHT,A,HAD NOT BEEN DRINKING,,,F,FEMALE,,,CA,,,,,2018.0,CHRYSLER,,,,,,,,,,,,,,
9693305,2456557,2,Bicyclist,,False,,,,,,,,,E,,,B,PROCEEDING STRAIGHT,A,HAD NOT BEEN DRINKING,,,F,FEMALE,,,,,,4.0,Bicycle,,,,,,,,,,,,,,,,
9693304,2456557,1,Driver,True,False,,,,,,,,,S,,,D,MAKING RIGHT TURN,A,HAD NOT BEEN DRINKING,,,M,MALE,,,CA,,,,,2016.0,JEEP,,,,,,,,,,,,,,
9693301,2456555,1,Driver,True,False,,L,AIR BAG DEPLOYED,C,OCCUPANT LAP BELT USED,,NONE APPARENT,,E,,,B,PROCEEDING STRAIGHT,A,HAD NOT BEEN DRINKING,,,M,MALE,,,CA,B,BLACK,1.0,PassengerCarStationWagonJeep,2020.0,HONDA,,,,,,,,,,,,,,
9693300,2456554,2,Driver,,False,,L,AIR BAG DEPLOYED,G,OCCUPANT LAP SHOULDER HARNESS USED,,NONE APPARENT,,N,,,D,MAKING RIGHT TURN,A,HAD NOT BEEN DRINKING,,,M,MALE,,,CA,B,BLACK,,,2004.0,BUICK,,,,,,,,,,,,,,
9693299,2456554,1,Driver,True,False,,M,AIR BAG NOT DEPLOYED,G,OCCUPANT LAP SHOULDER HARNESS USED,,NONE APPARENT,,S,,,E,MAKING LEFT TURN,A,HAD NOT BEEN DRINKING,,,M,MALE,,,CA,,,22.0,PickupsAndPanels,2007.0,TOYOTA,,,,,,,,,,,,,,
9693298,2456553,1,Driver,True,False,,L,AIR BAG DEPLOYED,C,OCCUPANT LAP BELT USED,CELL PHONE NOT IN USE,UNFAMILIAR WITH ROAD,,E,,,B,PROCEEDING STRAIGHT,A,HAD NOT BEEN DRINKING,,,M,MALE,,,,,,,,2017.0,MERCEDES-BENZ,,,,,,,,,,,,,,
9693295,2456551,2,Driver,,False,,M,AIR BAG NOT DEPLOYED,G,OCCUPANT LAP SHOULDER HARNESS USED,,,,E,,,B,PROCEEDING STRAIGHT,A,HAD NOT BEEN DRINKING,,,M,MALE,,,CA,,,22.0,PickupsAndPanels,2007.0,CHEVROLET,,,,,,,,,,,,,,
9693294,2456551,1,Driver,True,False,,L,AIR BAG DEPLOYED,G,OCCUPANT LAP SHOULDER HARNESS USED,,,,N,,,B,PROCEEDING STRAIGHT,A,HAD NOT BEEN DRINKING,,,F,FEMALE,,,CA,,,1.0,PassengerCarStationWagonJeep,2008.0,NISSAN,,,,,,,,,,,,,,
9693250,2456528,2,Driver,,False,,,,,,,,,E,,,B,PROCEEDING STRAIGHT,A,HAD NOT BEEN DRINKING,,,F,FEMALE,,,CA,,,,,2012.0,HONDA,,,,,,,,,,,,,,
9693249,2456528,1,Driver,True,False,,,,,,,ENTERING OR LEAVING RAMP,,S,,,D,MAKING RIGHT TURN,A,HAD NOT BEEN DRINKING,,,F,FEMALE,,,CA,,,,,2014.0,DODGE,,,,,,,,,,,,,,
9693200,2456501,3,ParkedVehicle,,False,,,,,,,,,,,,O,PARKED,H,NOT APPLICABLE,,,,,,,,,,1.0,PassengerCarStationWagonJeep,2016.0,TOYOTA,,,,,,,,,,,,,,
9693199,2456501,2,Driver,,False,,M,AIR BAG NOT DEPLOYED,G,OCCUPANT LAP SHOULDER HARNESS USED,,,,N,,,B,PROCEEDING STRAIGHT,A,HAD NOT BEEN DRINKING,,,F,FEMALE,,,CA,,,1.0,PassengerCarStationWagonJeep,2001.0,TOYOTA,,,,,,,,,,,,,,
9693198,2456501,1,Driver,True,False,,M,AIR BAG NOT DEPLOYED,B,OCCUPANT UNKNOWN,,VC SECTION VIOLATED - 23152 A,,S,,,B,PROCEEDING STRAIGHT,B,HBD-UNDER INFLUENCE,,,M,MALE,,,CA,,,1.0,PassengerCarStationWagonJeep,2017.0,GMC,,,,,,,,,,,,,,
9693197,2456500,1,Driver,True,False,,M,AIR BAG NOT DEPLOYED,B,OCCUPANT UNKNOWN,,NONE APPARENT,,S,,,B,PROCEEDING STRAIGHT,B,HBD-UNDER INFLUENCE,,,M,MALE,,,CA,,,,,2004.0,MINI,,,,,,,,,,,,,,
9693056,2456429,2,Driver,,False,,M,AIR BAG NOT DEPLOYED,B,OCCUPANT UNKNOWN,,NONE APPARENT,,S,,,E,MAKING LEFT TURN,H,NOT APPLICABLE,,,F,FEMALE,,,,,,1.0,PassengerCarStationWagonJeep,2016.0,TOYOTA,,,,,,,,,,,,,,
9693055,2456429,1,Driver,True,False,,M,AIR BAG NOT DEPLOYED,G,OCCUPANT LAP SHOULDER HARNESS USED,,NONE APPARENT,,S,,,B,PROCEEDING STRAIGHT,H,NOT APPLICABLE,,,F,FEMALE,,,,,,1.0,PassengerCarStationWagonJeep,2018.0,NISSAN,,,,,,,,,,,,,,
9693054,2456428,4,ParkedVehicle,,False,,,,,,,NONE APPARENT,,,,,O,PARKED,H,NOT APPLICABLE,,,,,,,,,,,,2018.0,TOYOTA,,,,,,,,,,,,,,
9693053,2456428,3,ParkedVehicle,,False,,,,,,CELL PHONE NOT IN USE,NONE APPARENT,,,,,O,PARKED,H,NOT APPLICABLE,,,,,,,,,,1.0,PassengerCarStationWagonJeep,2001.0,VOLKSWAGEN,,,,,,,,,,,,,,
9693052,2456428,2,ParkedVehicle,,False,,,,,,CELL PHONE NOT IN USE,NONE APPARENT,,,,,O,PARKED,H,NOT APPLICABLE,,,,,,,,,,1.0,PassengerCarStationWagonJeep,2006.0,HONDA,,,,,,,,,,,,,,
9693051,2456428,1,Driver,True,False,,L,AIR BAG DEPLOYED,B,OCCUPANT UNKNOWN,CELL PHONE NOT IN USE,VC SECTION VIOLATED - 22350,,W,,,B,PROCEEDING STRAIGHT,A,HAD NOT BEEN DRINKING,E,UNDER_DRUG_INFLUENCE,M,MALE,,,CA,,,1.0,PassengerCarStationWagonJeep,2022.0,HONDA,,,,,,,,,,,,,,
9693050,2456427,2,Driver,,False,,M,AIR BAG NOT DEPLOYED,G,OCCUPANT LAP SHOULDER HARNESS USED,,NONE APPARENT,,N,,,B,PROCEEDING STRAIGHT,C,HBD-NOT UNDER INFLUENCE,,,F,FEMALE,,,CA,,,,,2003.0,HONDA,,,,,,,,,,,,,,
9693049,2456427,1,Driver,True,False,,M,AIR BAG NOT DEPLOYED,G,OCCUPANT LAP SHOULDER HARNESS USED,,NONE APPARENT,,N,,,B,PROCEEDING STRAIGHT,C,HBD-NOT UNDER INFLUENCE,,,F,FEMALE,,,CA,W,WHITE,,,2009.0,KIA,,,,,,,,,,,,,,
9693048,2456425,2,Driver,,False,,M,AIR BAG NOT DEPLOYED,G,OCCUPANT LAP SHOULDER HARNESS USED,,NONE APPARENT,,S,,,B,PROCEEDING STRAIGHT,A,HAD NOT BEEN DRINKING,,,M,MALE,,,,,,,,2014.0,VOLKSWAGEN,,,,,,,,,,,,,,
9693047,2456426,2,Driver,,False,,M,AIR BAG NOT DEPLOYED,G,OCCUPANT LAP SHOULDER HARNESS USED,CELL PHONE NOT IN USE,NONE APPARENT,,E,,,B,PROCEEDING STRAIGHT,A,HAD NOT BEEN DRINKING,,,M,MALE,,,CA,,,,,2019.0,TESLA,,,,,,,,,,,,,,
9693046,2456425,1,Driver,True,False,,M,AIR BAG NOT DEPLOYED,G,OCCUPANT LAP SHOULDER HARNESS USED,,VISION OBSCUREMENT / UNINVOLVED VEHICLE,,N,,,E,MAKING LEFT TURN,A,HAD NOT BEEN DRINKING,,,M,MALE,,,CA,,,,,2022.0,TOYOTA,,,,,,,,,,,,,,
9693045,2456426,1,Driver,True,False,,M,AIR BAG NOT DEPLOYED,G,OCCUPANT LAP SHOULDER HARNESS USED,CELL PHONE NOT IN USE,NONE APPARENT,,E,,,J,CHANGING LANES,A,HAD NOT BEEN DRINKING,,,F,FEMALE,,,CA,,,,,2018.0,TESLA,,,,,,,,,,,,,,
9693034,2456419,2,Driver,,False,,,,,,,,,W,,,B,PROCEEDING STRAIGHT,G,IMPAIRMENT_NOT_KNOWN,,,M,MALE,,,,B,BLACK,,,2016.0,FORD,,,,,,,,,,,,,,
9693033,2456419,1,Driver,,False,,L,AIR BAG DEPLOYED,B,OCCUPANT UNKNOWN,,,,N,,,E,MAKING LEFT TURN,G,IMPAIRMENT_NOT_KNOWN,,,F,FEMALE,,,,,,,,,LEXUS,,,,,,,,,,,,,,
9693023,2456413,2,Pedestrian,,False,,,,,,,NONE APPARENT,,N,,,B,PROCEEDING STRAIGHT,A,HAD NOT BEEN DRINKING,,,M,MALE,,,,,,60.0,Pedestrian,,,,,,,,,,,,,,,,
9693022,2456413,1,Driver,True,False,,M,AIR BAG NOT DEPLOYED,G,OCCUPANT LAP SHOULDER HARNESS USED,,NONE APPARENT,,S,,,E,MAKING LEFT TURN,A,HAD NOT BEEN DRINKING,,,M,MALE,,C,CA,,,,,2017.0,TOYOTA,,,,,,,,,,,,,,
9693021,2456412,2,Other,,False,,,,,,CELL PHONE NOT IN USE,NONE APPARENT,,N,,,B,PROCEEDING STRAIGHT,H,NOT APPLICABLE,,,,,,,,,,,,,,,,,,,,,,,,,,,
9693020,2456412,1,Driver,True,False,,M,AIR BAG NOT DEPLOYED,G,OCCUPANT LAP SHOULDER HARNESS USED,CELL PHONE NOT IN USE,ENTERING OR LEAVING RAMP,,W,,,L,ENTERING TRAFFICD,H,NOT APPLICABLE,,,F,FEMALE,,C,CA,,,,,2015.0,HYUNDAI,,,,,,,,,,,,,,
9693019,2456411,2,Driver,,False,,M,AIR BAG NOT DEPLOYED,G,OCCUPANT LAP SHOULDER HARNESS USED,CELL PHONE NOT IN USE,NONE APPARENT,,S,,,B,PROCEEDING STRAIGHT,A,HAD NOT BEEN DRINKING,,,M,MALE,,U,,,,,,2003.0,INFINITI,,,,,,,,,,,,,,
9693018,2456411,1,Driver,True,False,,L,AIR BAG DEPLOYED,G,OCCUPANT LAP SHOULDER HARNESS USED,CELL PHONE NOT IN USE,,,S,,,F,MAKING U TURN,A,HAD NOT BEEN DRINKING,,,F,FEMALE,,C,CA,,,,,2007.0,HONDA,,,,,,,,,,,,,,
9693017,2456410,2,Driver,,False,,M,AIR BAG NOT DEPLOYED,G,OCCUPANT LAP SHOULDER HARNESS USED,CELL PHONE NOT IN USE,NONE APPARENT,,E,,,A,STOPPED,A,HAD NOT BEEN DRINKING,,,M,MALE,,C,CA,,,,,2017.0,CHEVROLET,,,,,,,,,,,,,,
9693016,2456410,1,Driver,True,False,,M,AIR BAG NOT DEPLOYED,G,OCCUPANT LAP SHOULDER HARNESS USED,CELL PHONE NOT IN USE,NONE APPARENT,,E,,,B,PROCEEDING STRAIGHT,A,HAD NOT BEEN DRINKING,,,M,MALE,,C,CA,,,,,2011.0,FORD,,,,,,,,,,,,,,
9693015,2456409,2,Driver,,False,,M,AIR BAG NOT DEPLOYED,W,MOTOR BICYCLE DRIVER WITH HELMET,,NONE APPARENT,,S,,,B,PROCEEDING STRAIGHT,H,NOT APPLICABLE,,,M,MALE,,,CA,,,1.0,PassengerCarStationWagonJeep,2000.0,HONDA,,,,,,,,,,,,,,
9693014,2456409,1,Driver,True,False,,M,AIR BAG NOT DEPLOYED,W,MOTOR BICYCLE DRIVER WITH HELMET,,NONE APPARENT,,S,,,F,MAKING U TURN,H,NOT APPLICABLE,,,M,MALE,,C,CA,,,1.0,PassengerCarStationWagonJeep,2018.0,TOYOTA,,,,,,,,,,,,,,
9693013,2456408,2,Driver,,False,,B,UNKNOWN,W,MOTOR BICYCLE DRIVER WITH HELMET,,NONE APPARENT,,N,,,E,MAKING LEFT TURN,A,HAD NOT BEEN DRINKING,,,F,FEMALE,,C,CA,,,,,2020.0,HONDA,,,,,,,,,,,,,,
9693012,2456408,1,Driver,True,False,,B,UNKNOWN,W,MOTOR BICYCLE DRIVER WITH HELMET,,NONE APPARENT,,E,,,B,PROCEEDING STRAIGHT,A,HAD NOT BEEN DRINKING,,,M,MALE,,C,CA,,,,,2000.0,LEXUS,,,,,,,,,,,,,,
9693011,2456407,2,Other,,False,,,,,,,,,,,,,,,,,,,,,,,,,,,,,,,,,,,,,,,,,,
9693010,2456407,1,Driver,True,False,,L,AIR BAG DEPLOYED,G,OCCUPANT LAP SHOULDER HARNESS USED,,INATTENTION / NONE APPARENT,,E,,,B,PROCEEDING STRAIGHT,A,HAD NOT BEEN DRINKING,I,SLEEPY/FATIGUED,M,MALE,,C,CA,,,1.0,PassengerCarStationWagonJeep,2023.0,HONDA,,,,,,,,,,,,,,
9693009,2456406,1,Driver,,False,,,,,,CELL PHONE NOT IN USE,NONE APPARENT,,E,,,E,MAKING LEFT TURN,H,NOT APPLICABLE,,,F,FEMALE,,C,CA,,,,,2024.0,TESLA,,,,,,,,,,,,,,
9693008,2456405,2,Driver,,False,,M,AIR BAG NOT DEPLOYED,G,OCCUPANT LAP SHOULDER HARNESS USED,,,,N,,,B,PROCEEDING STRAIGHT,G,IMPAIRMENT_NOT_KNOWN,,,M,MALE,,C,CA,,,1.0,PassengerCarStationWagonJeep,2012.0,HONDA,,,,,,,,,,,,,,
9693007,2456405,1,Driver,,False,,L,AIR BAG DEPLOYED,G,OCCUPANT LAP SHOULDER HARNESS USED,,,,N,,,B,PROCEEDING STRAIGHT,A,HAD NOT BEEN DRINKING,,,M,MALE,,C,CA,,,1.0,PassengerCarStationWagonJeep,2016.0,TOYOTA,,,,,,,,,,,,,,
9693006,2456404,2,Driver,,False,,M,AIR BAG NOT DEPLOYED,E,OCCUPANT SHOULDER HARNESS USED,,,,N,,,,,,,,,F,FEMALE,,C,CA,W,WHITE,,,2013.0,HONA,,,,,,,,,,,,,,
9693005,2456404,1,Driver,True,False,,M,AIR BAG NOT DEPLOYED,A,OCCUPANT NONE IN VEHICLE,,NONE APPARENT,,W,,,B,PROCEEDING STRAIGHT,,,,,M,MALE,,C,CA,,,,,2023.0,YAMAHA,,,,,,,,,,,,,,
9693004,2456403,2,Driver,,False,,M,AIR BAG NOT DEPLOYED,G,OCCUPANT LAP SHOULDER HARNESS USED,,NONE APPARENT,,S,,,B,PROCEEDING STRAIGHT,A,HAD NOT BEEN DRINKING,,,M,MALE,,C,CA,,,,,2010.0,MAZDA,,,,,,,,,,,,,,
9693003,2456403,1,Driver,True,False,,M,AIR BAG NOT DEPLOYED,B,OCCUPANT UNKNOWN,,NONE APPARENT,,N,,,E,MAKING LEFT TURN,A,HAD NOT BEEN DRINKING,,,M,MALE,,U,CA,,,,,2016.0,HYUNDAI,,,,,,,,,,,,,,
9693002,2456402,2,Driver,,False,,L,AIR BAG DEPLOYED,G,OCCUPANT LAP SHOULDER HARNESS USED,,NONE APPARENT,,E,,,B,PROCEEDING STRAIGHT,A,HAD NOT BEEN DRINKING,,,M,MALE,,A,CA,,,,,2000.0,HONDA,,,,,,,,,,,,,,
9693001,2456402,1,Driver,True,False,,L,AIR BAG DEPLOYED,G,OCCUPANT LAP SHOULDER HARNESS USED,,NONE APPARENT,,N,,,E,MAKING LEFT TURN,A,HAD NOT BEEN DRINKING,,,F,FEMALE,,C,CA,W,WHITE,,,2017.0,BMW,,,,,,,,,,,,,,
9693000,2456401,1,Driver,,False,,L,AIR BAG DEPLOYED,E,OCCUPANT SHOULDER HARNESS USED,CELL PHONE NOT IN USE,,,S,,,C,RAN OFF ROAD,B,HBD-UNDER INFLUENCE,,,F,FEMALE,,C,CA,W,WHITE,,,2009.0,HONDA,,,,,,,,,,,,,,
9692999,2456400,1,Driver,True,False,,P,NOT REQUIRED,A,OCCUPANT NONE IN VEHICLE,CELL PHONE NOT IN USE,RUNAWAY VEHICLE,,N,,,B,PROCEEDING STRAIGHT,A,HAD NOT BEEN DRINKING,,,M,MALE,,C,CA,,,,,2019.0,SUZUKI,,,,,,,,,,,,,,
9692998,2456399,3,ParkedVehicle,,False,,,,,,,,,S,,,,,,,,,,,,,,,,,,2007.0,TOYOTA,,,,,,,,,,,,,,
9692997,2456399,2,ParkedVehicle,,False,,,,,,,,,,,,,,,,,,,,,,,,,,,2005.0,GMC,,,,,,,,,,,,,,
9692996,2456399,1,Driver,,False,,L,AIR BAG DEPLOYED,B,OCCUPANT UNKNOWN,,OTHER,,S,,,B,PROCEEDING STRAIGHT,B,HBD-UNDER INFLUENCE,,,M,MALE,,U,,,,,,2007.0,HONDA,,,,,,,,,,,,,,
9692995,2456398,3,Driver,,False,,M,AIR BAG NOT DEPLOYED,B,OCCUPANT UNKNOWN,CELL PHONE NOT IN USE,,,N,,,B,PROCEEDING STRAIGHT,H,NOT APPLICABLE,,,F,FEMALE,,C,CA,W,WHITE,,,2018.0,JEEP,,,,,,,,,,,,,,
9692994,2456398,2,Driver,,False,,L,AIR BAG DEPLOYED,B,OCCUPANT UNKNOWN,CELL PHONE NOT IN USE,ENTERING OR LEAVING RAMP,,E,,,E,MAKING LEFT TURN,H,NOT APPLICABLE,,,F,FEMALE,,C,CA,,,,,2020.0,TESLA,,,,,,,,,,,,,,
9692993,2456398,1,Driver,True,False,,L,AIR BAG DEPLOYED,B,OCCUPANT UNKNOWN,CELL PHONE NOT IN USE,,,S,,,B,PROCEEDING STRAIGHT,H,NOT APPLICABLE,,,M,MALE,,U,CA,,,,,2023.0,MERCEDES-BENZ,,,,,,,,,,,,,,
9692992,2456397,2,Driver,,False,,M,AIR BAG NOT DEPLOYED,G,OCCUPANT LAP SHOULDER HARNESS USED,,NONE APPARENT,,S,,,D,MAKING RIGHT TURN,A,HAD NOT BEEN DRINKING,,,M,MALE,,C,CA,W,WHITE,,,2014.0,MERCEDES-BENZ,,,,,,,,,,,,,,
9692991,2456397,1,Bicyclist,True,False,,,,,,,NONE APPARENT,,S,,,D,MAKING RIGHT TURN,D,HBD-IMPAIRMENT UNKNOWN,,,M,MALE,,,,W,WHITE,4.0,Bicycle,,,,,,,,,,,,,,,,
9692990,2456396,2,Driver,,False,,M,AIR BAG NOT DEPLOYED,G,OCCUPANT LAP SHOULDER HARNESS USED,CELL PHONE NOT IN USE,NONE APPARENT,,S,,,B,PROCEEDING STRAIGHT,A,HAD NOT BEEN DRINKING,,,F,FEMALE,,C,CA,B,BLACK,,,2017.0,HONDA,,,,,,,,,,,,,,
9692989,2456396,1,Driver,True,False,,M,AIR BAG NOT DEPLOYED,G,OCCUPANT LAP SHOULDER HARNESS USED,CELL PHONE NOT IN USE,NONE APPARENT,,S,,,B,PROCEEDING STRAIGHT,A,HAD NOT BEEN DRINKING,,,M,MALE,,C,CA,,,,,2013.0,BMW,,,,,,,,,,,,,,
9692988,2456395,2,Driver,,False,,L,AIR BAG DEPLOYED,G,OCCUPANT LAP SHOULDER HARNESS USED,,NONE APPARENT,,S,,,E,MAKING LEFT TURN,A,HAD NOT BEEN DRINKING,,,M,MALE,,U,,,,8.0,MiniVan,1999.0,DODGE,,,,,,,,,,,,,,
9692987,2456395,1,Driver,True,False,,L,AIR BAG DEPLOYED,G,OCCUPANT LAP SHOULDER HARNESS USED,,NONE APPARENT,,N,,,B,PROCEEDING STRAIGHT,A,HAD NOT BEEN DRINKING,,,M,MALE,,C,CA,,,1.0,PassengerCarStationWagonJeep,2015.0,HONDA,,,,,,,,,,,,,,
9710755,2465173,1,Driver,True,False,,L,AIR BAG DEPLOYED,G,OCCUPANT LAP SHOULDER HARNESS USED,CELL PHONE NOT IN USE,NONE APPARENT,,N,,,B,PROCEEDING STRAIGHT,A,HAD NOT BEEN DRINKING,,,M,MALE,,C,CA,,,1.0,PassengerCarStationWagonJeep,2009.0,TOYOTA,,,,,,,,,,,,,,
9710753,2465171,2,Driver,,False,,L,AIR BAG DEPLOYED,G,OCCUPANT LAP SHOULDER HARNESS USED,,,,E,,,,,A,HAD NOT BEEN DRINKING,,,F,FEMALE,,,CA,,,,,2016.0,FORD,,,,,,,,,,,,,,
9710752,2465171,1,Driver,True,False,,L,AIR BAG DEPLOYED,G,OCCUPANT LAP SHOULDER HARNESS USED,,VISION OBSCUREMENT,,E,,,B,PROCEEDING STRAIGHT,A,HAD NOT BEEN DRINKING,,,M,MALE,,,CA,,,,,2015.0,CHEVROLET,,,,,,,,,,,,,,
9710751,2465170,2,Driver,,False,,L,AIR BAG DEPLOYED,G,OCCUPANT LAP SHOULDER HARNESS USED,,NONE APPARENT,,W,,,,,A,HAD NOT BEEN DRINKING,,,F,FEMALE,,,,,,,,2011.0,TOYOTA,,,,,,,,,,,,,,
9710750,2465170,1,Driver,True,False,,L,AIR BAG DEPLOYED,G,OCCUPANT LAP SHOULDER HARNESS USED,,NONE APPARENT,,E,,,B,PROCEEDING STRAIGHT,A,HAD NOT BEEN DRINKING,,,M,MALE,,,,,,,,2016.0,TOYOTA,,,,,,,,,,,,,,
9710749,2465169,2,Driver,,False,,P,NOT REQUIRED,,,CELL PHONE NOT IN USE,NONE APPARENT,,N,,,A,STOPPED,A,HAD NOT BEEN DRINKING,,,F,FEMALE,,,CA,,,1.0,PassengerCarStationWagonJeep,2011.0,LEXUS,,,,,,,,,,,,,,
9710748,2465169,1,Pedestrian,True,False,,,,,,CELL PHONE NOT IN USE,NONE APPARENT,,E,,,B,PROCEEDING STRAIGHT,A,HAD NOT BEEN DRINKING,,,M,MALE,,,,,,60.0,Pedestrian,,,,,,,,,,,,,,,,
9710747,2465168,2,ParkedVehicle,,False,,,,,,CELL PHONE NOT IN USE,,,S,,,O,PARKED,D,HBD-IMPAIRMENT UNKNOWN,,,,,,,,,,,,2022.0,CHEVROLET,,,,,,,,,,,,,,
9710746,2465168,1,Driver,True,False,,L,AIR BAG DEPLOYED,G,OCCUPANT LAP SHOULDER HARNESS USED,CELL PHONE HANDHELD IN USE,,,S,,,B,PROCEEDING STRAIGHT,D,HBD-IMPAIRMENT UNKNOWN,,,M,MALE,,,CA,,,,,2017.0,ACURA,,,,,,,,,,,,,,
9710745,2465166,2,Driver,,False,,M,AIR BAG NOT DEPLOYED,C,OCCUPANT LAP BELT USED,CELL PHONE NOT IN USE,NONE APPARENT,,N,,,B,PROCEEDING STRAIGHT,A,HAD NOT BEEN DRINKING,,,M,MALE,,,CA,,,,,2014.0,LEXUS,,,,,,,,,,,,,,
9710744,2465166,1,Driver,True,False,,M,AIR BAG NOT DEPLOYED,C,OCCUPANT LAP BELT USED,CELL PHONE NOT IN USE,VC SECTION VIOLATED - 22107 / NONE APPARENT,,N,,,P,MERGING,A,HAD NOT BEEN DRINKING,,,M,MALE,,,CA,,,,,2014.0,LEXUS,,,,,,,,,,,,,,
9710743,2465167,2,Pedestrian,,False,,,,,,,,,W,,,B,PROCEEDING STRAIGHT,A,HAD NOT BEEN DRINKING,,,M,MALE,,,,,,60.0,Pedestrian,,,,,,,,,,,,,,,,