PartyId,CollisionId,PartyNumber,PartyType,IsAtFault,IsOnDutyEmergencyVehicle,IsHitAndRun,AirbagCode,AirbagDescription,SafetyEquipmentCode,SafetyEquipmentDescription,Special Information,Other Associate Factor,Inattention,DirectionOfTravel,StreetOrHighwayName,SpeedLimit,MovementPrecCollCode,MovementPrecCollDescription,SobrietyDrugPhysicalCode1,SobrietyDrugPhysicalDescription1,SobrietyDrugPhysicalCode2,SobrietyDrugPhysicalDescription2,GenderCode,GenderDescription,StatedAge,DriverLicenseClass,DriverLicenseStateCode,RaceCode,RaceDesc,Vehicle1TypeId, Vehicle1TypeDesc, Vehicle1Year,Vehicle1Make,Vehicle1Model,Vehicle1Color,V1IsVehicleTowed,Vehicle2TypeId, Vehicle2TypeDesc, Vehicle2Year,Vehicle2Make,Vehicle2Model,Vehicle2Color,V2IsVehicleTowed,Lane,ThruLanes,TotalLanes,IsDREConducted
9987040,2602064,1,Driver,True,False,False,L,AIR BAG DEPLOYED,G,OCCUPANT LAP SHOULDER HARNESS USED,CELL PHONE NOT IN USE,NONE APPARENT,,N,I-880 N/B,65.0,B,PROCEEDING STRAIGHT,A,HAD NOT BEEN DRINKING,,,M,MALE,54.0,C,CA,H,HISPANIC,22.0,PickupsAndPanels,1997.0,CHEV,CHEYENNE,WHI,False,,,,,,,,4,3.0,4.0,False
9987038,2602062,2,Driver,True,False,False,M,AIR BAG NOT DEPLOYED,G,OCCUPANT LAP SHOULDER HARNESS USED,CELL PHONE NOT IN USE,NONE APPARENT,,N,I-280 N/B,65.0,B,PROCEEDING STRAIGHT,A,HAD NOT BEEN DRINKING,,,F,FEMALE,22.0,C,CA,W,WHITE,1.0,PassengerCarStationWagonJeep,2003.0,MAZD,PROTEGE,GRN,False,,,,,,,,3,4.0,5.0,False
9987037,2602062,1,Driver,,False,True,B,UNKNOWN,B,OCCUPANT UNKNOWN,CELL PHONE USE UNKNOWN,NONE APPARENT,,N,I-280 N/B,65.0,B,PROCEEDING STRAIGHT,G,IMPAIRMENT_NOT_KNOWN,,,,,,,,,,99.0,OtherUnknownHitAndRunDriver,,,,,False,,,,,,,,3,4.0,5.0,False
9987030,2602057,2,Driver,,False,False,M,AIR BAG NOT DEPLOYED,G,OCCUPANT LAP SHOULDER HARNESS USED,CELL PHONE NOT IN USE,NONE APPARENT,,S,I-880 S/B,65.0,H,SLOWING/STOPPING,A,HAD NOT BEEN DRINKING,,,M,MALE,41.0,C,CA,W,WHITE,7.0,SportUtilityVehicle,2021.0,TOYT,RAV4,WHI,False,,,,,,,,5,4.0,5.0,False
9987029,2602057,1,Driver,True,False,True,B,UNKNOWN,B,OCCUPANT UNKNOWN,CELL PHONE USE UNKNOWN,NONE APPARENT,,S,I-880 S/B,65.0,B,PROCEEDING STRAIGHT,G,IMPAIRMENT_NOT_KNOWN,,,,,,,,,,99.0,OtherUnknownHitAndRunDriver,,,,,False,,,,,,,,5,4.0,5.0,False
9987022,2602052,2,Driver,,False,False,M,AIR BAG NOT DEPLOYED,G,OCCUPANT LAP SHOULDER HARNESS USED,CELL PHONE NOT IN USE,NONE APPARENT,,S,I-680 S/B,65.0,H,SLOWING/STOPPING,A,HAD NOT BEEN DRINKING,,,M,MALE,21.0,C,CA,H,HISPANIC,1.0,PassengerCarStationWagonJeep,2016.0,NISS,SENTRA,WHI,False,,,,,,,,4,4.0,5.0,False
9987021,2602052,1,Driver,True,False,False,M,AIR BAG NOT DEPLOYED,G,OCCUPANT LAP SHOULDER HARNESS USED,CELL PHONE NOT IN USE,NONE APPARENT,,S,I-680 S/B,65.0,B,PROCEEDING STRAIGHT,A,HAD NOT BEEN DRINKING,,,F,FEMALE,49.0,C,CA,H,HISPANIC,22.0,PickupsAndPanels,2003.0,HUMM,HUMMER,GLD,False,,,,,,,,4,4.0,5.0,False
9987012,2602048,2,Driver,,False,False,M,AIR BAG NOT DEPLOYED,G,OCCUPANT LAP SHOULDER HARNESS USED,CELL PHONE NOT IN USE,NONE APPARENT,,N,I-680 N/B,65.0,B,PROCEEDING STRAIGHT,A,HAD NOT BEEN DRINKING,,,M,MALE,50.0,C,CA,A,ASIAN,7.0,SportUtilityVehicle,2021.0,AUDI,Q5,WHI,False,,,,,,,,4,4.0,4.0,False
9987011,2602048,1,Driver,True,False,True,B,UNKNOWN,B,OCCUPANT UNKNOWN,CELL PHONE USE UNKNOWN,NONE APPARENT,,N,I-680 N/B,65.0,B,PROCEEDING STRAIGHT,G,IMPAIRMENT_NOT_KNOWN,,,,,,,,,,99.0,OtherUnknownHitAndRunDriver,,,,,False,,,,,,,,4,4.0,4.0,False
9986982,2602033,4,Driver,,False,False,L,AIR BAG DEPLOYED,G,OCCUPANT LAP SHOULDER HARNESS USED,CELL PHONE NOT IN USE,VC SECTION VIOLATED - VC 22350,,N,SR-87 N/B,65.0,B,PROCEEDING STRAIGHT,A,HAD NOT BEEN DRINKING,,,M,MALE,39.0,C,CA,H,HISPANIC,1.0,PassengerCarStationWagonJeep,2014.0,TOYT,PRIUS,SIL,False,,,,,,,,1,3.0,3.0,False
9986981,2602033,3,Driver,,False,False,M,AIR BAG NOT DEPLOYED,G,OCCUPANT LAP SHOULDER HARNESS USED,CELL PHONE NOT IN USE,NONE APPARENT,,N,SR-87 N/B,65.0,B,PROCEEDING STRAIGHT,A,HAD NOT BEEN DRINKING,,,M,MALE,31.0,C,CA,A,ASIAN,1.0,PassengerCarStationWagonJeep,2023.0,SUBA,WRX,BLK,False,,,,,,,,1,3.0,3.0,False
9986980,2602033,2,Driver,,False,False,L,AIR BAG DEPLOYED,G,OCCUPANT LAP SHOULDER HARNESS USED,CELL PHONE NOT IN USE,NONE APPARENT,,N,SR-87 N/B,65.0,B,PROCEEDING STRAIGHT,A,HAD NOT BEEN DRINKING,,,F,FEMALE,30.0,C,CA,A,ASIAN,1.0,PassengerCarStationWagonJeep,2020.0,HOND,INSIGHT,WHI,False,,,,,,,,1,3.0,3.0,False
9986979,2602033,1,Driver,True,False,False,M,AIR BAG NOT DEPLOYED,G,OCCUPANT LAP SHOULDER HARNESS USED,CELL PHONE NOT IN USE,NONE APPARENT,,N,SR-87 N/B,65.0,B,PROCEEDING STRAIGHT,A,HAD NOT BEEN DRINKING,,,F,FEMALE,28.0,C,CA,W,WHITE,1.0,PassengerCarStationWagonJeep,2014.0,TOYT,COROLLA,GRY,False,,,,,,,,1,3.0,3.0,False
9986954,2602019,1,Driver,,False,False,M,AIR BAG NOT DEPLOYED,G,OCCUPANT LAP SHOULDER HARNESS USED,CELL PHONE NOT IN USE,NONE APPARENT,,S,US-101 S/B,65.0,B,PROCEEDING STRAIGHT,A,HAD NOT BEEN DRINKING,,,M,MALE,47.0,C,CA,H,HISPANIC,1.0,PassengerCarStationWagonJeep,2024.0,TOYT,CAMRY,GRY,False,,,,,,,,3,4.0,4.0,False
9986942,2602012,1,Driver,True,False,False,L,AIR BAG DEPLOYED,G,OCCUPANT LAP SHOULDER HARNESS USED,CELL PHONE USE UNKNOWN,VC SECTION VIOLATED - VC 22350,,S,I-680 S/B TO ALUM ROCK AVE,65.0,B,PROCEEDING STRAIGHT,B,HBD-UNDER INFLUENCE,,,M,MALE,36.0,U,CA,O,OTHER,1.0,PassengerCarStationWagonJeep,2022.0,TOYT,CAMRY,WHI,False,,,,,,,,EXIT,0.0,1.0,False
9986822,2601953,2,Driver,,False,False,M,AIR BAG NOT DEPLOYED,G,OCCUPANT LAP SHOULDER HARNESS USED,CELL PHONE NOT IN USE,NONE APPARENT,,S,SR-87 S/B,65.0,B,PROCEEDING STRAIGHT,A,HAD NOT BEEN DRINKING,,,F,FEMALE,51.0,C,CA,W,WHITE,1.0,PassengerCarStationWagonJeep,2023.0,VOLK,PASSAT,RED,False,,,,,,,,3,3.0,3.0,False
9986821,2601953,1,Driver,True,False,False,L,AIR BAG DEPLOYED,B,OCCUPANT UNKNOWN,CELL PHONE USE UNKNOWN,NONE APPARENT,,S,SR-87 S/B,65.0,B,PROCEEDING STRAIGHT,D,HBD-IMPAIRMENT UNKNOWN,,,M,MALE,17.0,U,CA,W,WHITE,8.0,MiniVan,2001.0,HOND,ODYSSEY,SIL,False,,,,,,,,3,3.0,3.0,False
9986776,2601933,1,Driver,True,False,True,B,UNKNOWN,B,OCCUPANT UNKNOWN,CELL PHONE USE UNKNOWN,NONE APPARENT,,N,I-680 N/B TO ALUM ROCK AVE,65.0,R,OTHER,G,IMPAIRMENT_NOT_KNOWN,,,,,,,,,,22.0,PickupsAndPanels,2003.0,FORD,RANGER,WHI,True,,,,,,,,EXIT,0.0,1.0,False
9986747,2601920,1,Driver,True,False,False,L,AIR BAG DEPLOYED,G,OCCUPANT LAP SHOULDER HARNESS USED,CELL PHONE USE UNKNOWN,NONE APPARENT,,N,US-101 N/B TO I-880 N/B,65.0,R,OTHER,G,IMPAIRMENT_NOT_KNOWN,,,M,MALE,44.0,C,CA,H,HISPANIC,7.0,SportUtilityVehicle,2009.0,GMC,YUKON,WHI,True,,,,,,,,N/B,1.0,1.0,False
9985831,2601444,4,Driver,,False,False,M,AIR BAG NOT DEPLOYED,G,OCCUPANT LAP SHOULDER HARNESS USED,CELL PHONE NOT IN USE,NONE APPARENT,,E,SR-237 E/B,65.0,H,SLOWING/STOPPING,A,HAD NOT BEEN DRINKING,,,M,MALE,52.0,C,CA,O,OTHER,7.0,SportUtilityVehicle,2018.0,TESL,MODEL X,BLK,False,,,,,,,,2,2.0,4.0,False
9985830,2601444,3,Driver,,False,False,M,AIR BAG NOT DEPLOYED,G,OCCUPANT LAP SHOULDER HARNESS USED,CELL PHONE NOT IN USE,NONE APPARENT,,E,SR-237 E/B,65.0,H,SLOWING/STOPPING,A,HAD NOT BEEN DRINKING,,,M,MALE,31.0,C,CA,O,OTHER,1.0,PassengerCarStationWagonJeep,2010.0,ACUR,TL,WHI,False,,,,,,,,2,2.0,4.0,False
9985829,2601444,2,Driver,,False,False,L,AIR BAG DEPLOYED,G,OCCUPANT LAP SHOULDER HARNESS USED,CELL PHONE NOT IN USE,NONE APPARENT,,E,SR-237 E/B,65.0,H,SLOWING/STOPPING,A,HAD NOT BEEN DRINKING,,,M,MALE,23.0,C,CA,O,OTHER,1.0,PassengerCarStationWagonJeep,2018.0,BMW,320I,WHI,False,,,,,,,,2,2.0,4.0,False
9985828,2601444,1,Driver,True,False,False,M,AIR BAG NOT DEPLOYED,G,OCCUPANT LAP SHOULDER HARNESS USED,CELL PHONE NOT IN USE,NONE APPARENT,,E,SR-237 E/B,65.0,B,PROCEEDING STRAIGHT,A,HAD NOT BEEN DRINKING,,,M,MALE,24.0,C,CA,O,OTHER,1.0,PassengerCarStationWagonJeep,2013.0,TOYT,CAMRY,GRY,False,,,,,,,,2,2.0,4.0,False
9985824,2601442,2,Driver,,False,False,L,AIR BAG DEPLOYED,G,OCCUPANT LAP SHOULDER HARNESS USED,CELL PHONE NOT IN USE,NONE APPARENT,,N,I-880 N/B,65.0,B,PROCEEDING STRAIGHT,A,HAD NOT BEEN DRINKING,,,M,MALE,64.0,C,CA,W,WHITE,1.0,PassengerCarStationWagonJeep,2018.0,MERZ,E400,BLK,False,,,,,,,,2,3.0,4.0,False
9985823,2601442,1,Driver,True,False,False,M,AIR BAG NOT DEPLOYED,G,OCCUPANT LAP SHOULDER HARNESS USED,CELL PHONE NOT IN USE,NONE APPARENT,,N,I-880 N/B,65.0,R,OTHER,A,HAD NOT BEEN DRINKING,,,F,FEMALE,63.0,C,CA,A,ASIAN,7.0,SportUtilityVehicle,2016.0,LEXS,450H,WHI,False,,,,,,,,3,3.0,4.0,False
9985822,2601441,4,Driver,,False,False,M,AIR BAG NOT DEPLOYED,G,OCCUPANT LAP SHOULDER HARNESS USED,CELL PHONE NOT IN USE,NONE APPARENT,,S,I-680 S/B,65.0,A,STOPPED,A,HAD NOT BEEN DRINKING,,,M,MALE,44.0,C,CA,W,WHITE,7.0,SportUtilityVehicle,2023.0,TSMR,X,WHI,False,,,,,,,,4,4.0,5.0,False
9985821,2601441,3,Driver,,False,False,M,AIR BAG NOT DEPLOYED,G,OCCUPANT LAP SHOULDER HARNESS USED,CELL PHONE NOT IN USE,NONE APPARENT,,S,I-680 S/B,65.0,A,STOPPED,A,HAD NOT BEEN DRINKING,,,M,MALE,27.0,C,CA,H,HISPANIC,1.0,PassengerCarStationWagonJeep,2017.0,CHEV,CRUZE,BLK,False,,,,,,,,4,4.0,5.0,False
9985820,2601441,2,Driver,,False,False,M,AIR BAG NOT DEPLOYED,G,OCCUPANT LAP SHOULDER HARNESS USED,CELL PHONE NOT IN USE,NONE APPARENT,,S,I-680 S/B,65.0,H,SLOWING/STOPPING,A,HAD NOT BEEN DRINKING,,,F,FEMALE,64.0,C,CA,H,HISPANIC,1.0,PassengerCarStationWagonJeep,2010.0,TOYT,CAMRY,BLK,False,,,,,,,,4,4.0,5.0,False
9985819,2601441,1,Driver,True,False,False,M,AIR BAG NOT DEPLOYED,G,OCCUPANT LAP SHOULDER HARNESS USED,CELL PHONE NOT IN USE,NONE APPARENT,,S,I-680 S/B,65.0,B,PROCEEDING STRAIGHT,A,HAD NOT BEEN DRINKING,,,F,FEMALE,32.0,C,CA,A,ASIAN,1.0,PassengerCarStationWagonJeep,2007.0,TOYT,CAMRY,WHI,False,,,,,,,,4,4.0,5.0,False
9985817,2601439,2,Driver,,False,False,M,AIR BAG NOT DEPLOYED,G,OCCUPANT LAP SHOULDER HARNESS USED,CELL PHONE NOT IN USE,VC SECTION VIOLATED - VC 22350,,N,LAUMER AVE,25.0,B,PROCEEDING STRAIGHT,A,HAD NOT BEEN DRINKING,,,F,FEMALE,35.0,U,CA,H,HISPANIC,1.0,PassengerCarStationWagonJeep,2014.0,TOYT,PRIUS,GRY,False,,,,,,,,N/B,1.0,1.0,False
9985816,2601439,1,Driver,True,False,False,M,AIR BAG NOT DEPLOYED,G,OCCUPANT LAP SHOULDER HARNESS USED,CELL PHONE NOT IN USE,NONE APPARENT,,N,LAUMER AVE,25.0,L,ENTERING TRAFFICD,A,HAD NOT BEEN DRINKING,,,F,FEMALE,48.0,U,,H,HISPANIC,1.0,PassengerCarStationWagonJeep,2017.0,TOYT,YARIS,BLK,False,,,,,,,,N/B,1.0,1.0,False
9985799,2601428,2,Driver,,False,False,M,AIR BAG NOT DEPLOYED,G,OCCUPANT LAP SHOULDER HARNESS USED,CELL PHONE NOT IN USE,NONE APPARENT,,N,I-680 N/B,65.0,A,STOPPED,A,HAD NOT BEEN DRINKING,,,M,MALE,38.0,C,CA,A,ASIAN,1.0,PassengerCarStationWagonJeep,2018.0,HOND,CIVIC,GRY,False,,,,,,,,EXIT,0.0,1.0,False
9985798,2601428,1,Driver,True,False,False,M,AIR BAG NOT DEPLOYED,G,OCCUPANT LAP SHOULDER HARNESS USED,CELL PHONE NOT IN USE,NONE APPARENT,,N,I-680 N/B,65.0,B,PROCEEDING STRAIGHT,A,HAD NOT BEEN DRINKING,,,F,FEMALE,18.0,U,CA,H,HISPANIC,1.0,PassengerCarStationWagonJeep,2000.0,FORD,MUSTANG,SIL,False,,,,,,,,EXIT,0.0,1.0,False
9976746,2596900,5,Driver,,False,,M,AIR BAG NOT DEPLOYED,G,OCCUPANT LAP SHOULDER HARNESS USED,,NONE APPARENT,,N,,,A,STOPPED,A,HAD NOT BEEN DRINKING,,,M,MALE,,,CA,,,1.0,PassengerCarStationWagonJeep,2019.0,MERCEDES-BENZ,,,,,,,,,,,,,,
9976745,2596900,4,Driver,,False,,M,AIR BAG NOT DEPLOYED,G,OCCUPANT LAP SHOULDER HARNESS USED,,NONE APPARENT,,N,,,A,STOPPED,A,HAD NOT BEEN DRINKING,,,M,MALE,,,CA,,,22.0,PickupsAndPanels,2024.0,FORD,,,,,,,,,,,,,,
9976744,2596900,3,Driver,,False,,M,AIR BAG NOT DEPLOYED,G,OCCUPANT LAP SHOULDER HARNESS USED,,NONE APPARENT,,N,,,A,STOPPED,A,HAD NOT BEEN DRINKING,,,M,MALE,,,CA,,,8.0,MiniVan,2000.0,HONDA,,,,,,,,,,,,,,
9976743,2596900,2,Driver,,False,,M,AIR BAG NOT DEPLOYED,G,OCCUPANT LAP SHOULDER HARNESS USED,,NONE APPARENT,,N,,,A,STOPPED,A,HAD NOT BEEN DRINKING,,,F,FEMALE,,,CA,,,1.0,PassengerCarStationWagonJeep,2024.0,ACURA,,,,,,,,,,,,,,
9976742,2596900,1,Driver,True,False,,L,AIR BAG DEPLOYED,G,OCCUPANT LAP SHOULDER HARNESS USED,,NONE APPARENT,,N,,,B,PROCEEDING STRAIGHT,A,HAD NOT BEEN DRINKING,,,M,MALE,,,CA,W,WHITE,22.0,PickupsAndPanels,2006.0,DODGE,,,,,,,,,,,,,,
9976707,2596881,2,Driver,,False,True,B,UNKNOWN,B,OCCUPANT UNKNOWN,CELL PHONE USE UNKNOWN,NONE APPARENT,,S,I-280 S/B,65.0,H,SLOWING/STOPPING,G,IMPAIRMENT_NOT_KNOWN,,,,,,,,,,99.0,OtherUnknownHitAndRunDriver,,,,,False,,,,,,,,4,4.0,5.0,False
9976706,2596881,1,Driver,True,False,False,M,AIR BAG NOT DEPLOYED,G,OCCUPANT LAP SHOULDER HARNESS USED,CELL PHONE NOT IN USE,NONE APPARENT,,S,I-280 S/B,65.0,B,PROCEEDING STRAIGHT,A,HAD NOT BEEN DRINKING,,,M,MALE,37.0,C,CA,A,ASIAN,1.0,PassengerCarStationWagonJeep,2008.0,HOND,CIVIC,SIL,False,,,,,,,,4,4.0,5.0,False
9976383,2596718,3,Driver,,False,,M,AIR BAG NOT DEPLOYED,B,OCCUPANT UNKNOWN,HAZARDOUS MATERIAL,NONE APPARENT,,E,,,B,PROCEEDING STRAIGHT,A,HAD NOT BEEN DRINKING,,,F,FEMALE,,,CA,W,WHITE,,,2022.0,SUBARU,,,,,,,,,,,,,,
9976382,2596718,2,Driver,,False,,M,AIR BAG NOT DEPLOYED,B,OCCUPANT UNKNOWN,HAZARDOUS MATERIAL,,,E,,,E,MAKING LEFT TURN,A,HAD NOT BEEN DRINKING,,,F,FEMALE,,,CA,,,,,2023.0,TESLA,,,,,,,,,,,,,,
9976381,2596718,1,Driver,True,False,,L,AIR BAG DEPLOYED,B,OCCUPANT UNKNOWN,HAZARDOUS MATERIAL,,,S,,,B,PROCEEDING STRAIGHT,A,HAD NOT BEEN DRINKING,,,F,FEMALE,,,CA,,,,,2000.0,TOYOTA,,,,,,,,,,,,,,
9976370,2596713,2,Driver,,False,,L,AIR BAG DEPLOYED,G,OCCUPANT LAP SHOULDER HARNESS USED,CELL PHONE NOT IN USE,VC SECTION VIOLATED - 22350 / NONE APPARENT,,S,,,A,STOPPED,A,HAD NOT BEEN DRINKING,,,M,MALE,,,CA,,,1.0,PassengerCarStationWagonJeep,2022.0,HONDA,,,,,,,,,,,,,,
9976369,2596713,1,Driver,True,False,,M,AIR BAG NOT DEPLOYED,G,OCCUPANT LAP SHOULDER HARNESS USED,CELL PHONE NOT IN USE,VC SECTION VIOLATED - 22350 / NONE APPARENT,,S,,,A,STOPPED,A,HAD NOT BEEN DRINKING,,,F,FEMALE,,,CA,,,1.0,PassengerCarStationWagonJeep,2014.0,MERCEDES-BENZ,,,,,,,,,,,,,,
9976239,2596648,2,Driver,,False,False,M,AIR BAG NOT DEPLOYED,G,OCCUPANT LAP SHOULDER HARNESS USED,CELL PHONE NOT IN USE,NONE APPARENT,,S,US-101 S/B,65.0,R,OTHER,A,HAD NOT BEEN DRINKING,,,F,FEMALE,21.0,C,CA,H,HISPANIC,1.0,PassengerCarStationWagonJeep,2009.0,TOYT,COROLLA,WHI,False,,,,,,,,4,5.0,6.0,False
9976238,2596648,1,Driver,,False,False,M,AIR BAG NOT DEPLOYED,G,OCCUPANT LAP SHOULDER HARNESS USED,CELL PHONE NOT IN USE,NONE APPARENT,,S,US-101 S/B ,65.0,R,OTHER,A,HAD NOT BEEN DRINKING,,,M,MALE,40.0,C,CA,H,HISPANIC,26.0,TwoAxleTruck,2020.0,HINO,268,WHI,True,,,,,,,,4,5.0,6.0,False
9976091,2596577,2,Driver,,False,False,M,AIR BAG NOT DEPLOYED,G,OCCUPANT LAP SHOULDER HARNESS USED,CELL PHONE NOT IN USE,ENTERING OR LEAVING RAMP,,N,I-280 N/B TO SR-17 S/B,65.0,B,PROCEEDING STRAIGHT,A,HAD NOT BEEN DRINKING,,,M,MALE,56.0,C,CA,H,HISPANIC,22.0,PickupsAndPanels,2017.0,CHEV,SILVERADO,GRY,False,,,,,,,,2,2.0,2.0,False
9976090,2596577,1,Driver,True,False,True,B,UNKNOWN,B,OCCUPANT UNKNOWN,CELL PHONE USE UNKNOWN,ENTERING OR LEAVING RAMP,,N,I-280 N/B TO SR-17 S/B,65.0,R,OTHER,G,IMPAIRMENT_NOT_KNOWN,,,,,,,,,,99.0,OtherUnknownHitAndRunDriver,,,,,False,,,,,,,,1,2.0,2.0,False
9975993,2596525,2,Driver,,False,False,M,AIR BAG NOT DEPLOYED,G,OCCUPANT LAP SHOULDER HARNESS USED,CELL PHONE NOT IN USE,NONE APPARENT,,N,SR-87 N/B,65.0,B,PROCEEDING STRAIGHT,A,HAD NOT BEEN DRINKING,,,F,FEMALE,28.0,C,CA,H,HISPANIC,1.0,PassengerCarStationWagonJeep,2013.0,HOND,CIVIC,GRY,False,,,,,,,,3,3.0,4.0,False
9975992,2596525,1,Driver,True,False,False,M,AIR BAG NOT DEPLOYED,G,OCCUPANT LAP SHOULDER HARNESS USED,CELL PHONE NOT IN USE,NONE APPARENT,,N,SR-87 N/B,65.0,J,CHANGING LANES,A,HAD NOT BEEN DRINKING,,,F,FEMALE,35.0,C,CA,B,BLACK,7.0,SportUtilityVehicle,2013.0,FORD,EXPLORER,WHI,False,,,,,,,,2,3.0,4.0,False
9975939,2596494,2,Driver,,False,False,M,AIR BAG NOT DEPLOYED,G,OCCUPANT LAP SHOULDER HARNESS USED,CELL PHONE NOT IN USE,NONE APPARENT,,S,SR-85 S/B,65.0,A,STOPPED,A,HAD NOT BEEN DRINKING,,,M,MALE,17.0,C,CA,A,ASIAN,1.0,PassengerCarStationWagonJeep,2001.0,LEXS,GS300,GLD,True,,,,,,,,3,4.0,4.0,False
9975938,2596494,1,Driver,True,False,False,L,AIR BAG DEPLOYED,G,OCCUPANT LAP SHOULDER HARNESS USED,CELL PHONE NOT IN USE,NONE APPARENT,,S,SR-85 S/B,65.0,B,PROCEEDING STRAIGHT,A,HAD NOT BEEN DRINKING,,,M,MALE,39.0,C,CA,H,HISPANIC,1.0,PassengerCarStationWagonJeep,2021.0,TOYT,COROLLA,BLU,True,,,,,,,,3,4.0,4.0,False
9975913,2596479,2,Bicyclist,,False,,,,,,CELL PHONE NOT IN USE,NONE APPARENT,,N,,,B,PROCEEDING STRAIGHT,A,HAD NOT BEEN DRINKING,,,M,MALE,,,,,,4.0,Bicycle,,,,,,,,,,,,,,,,
9975912,2596479,1,Driver,True,False,,M,AIR BAG NOT DEPLOYED,G,OCCUPANT LAP SHOULDER HARNESS USED,CELL PHONE NOT IN USE,NONE APPARENT,,W,,,E,MAKING LEFT TURN,A,HAD NOT BEEN DRINKING,,,M,MALE,,,CA,,,,,2016.0,TOYOTA,,,,,,,,,,,,,,
9975739,2596394,1,Driver,True,False,False,L,AIR BAG DEPLOYED,G,OCCUPANT LAP SHOULDER HARNESS USED,CELL PHONE NOT IN USE,VC SECTION VIOLATED - VC 22350,,S,I-280 S/B TO MOORPARK AVE,65.0,B,PROCEEDING STRAIGHT,B,HBD-UNDER INFLUENCE,,,M,MALE,23.0,C,CA,A,ASIAN,1.0,PassengerCarStationWagonJeep,2019.0,AUDI,A6,DBL,False,,,,,,,,LT,0.0,3.0,False
9975648,2596353,2,Driver,,False,False,M,AIR BAG NOT DEPLOYED,G,OCCUPANT LAP SHOULDER HARNESS USED,CELL PHONE NOT IN USE,NONE APPARENT,,N,US-101 N/B,65.0,B,PROCEEDING STRAIGHT,A,HAD NOT BEEN DRINKING,,,M,MALE,55.0,C,CA,H,HISPANIC,22.0,PickupsAndPanels,2004.0,CHEV,AVALANCHE,ONG,False,,,,,,,,3,4.0,5.0,False
9975647,2596353,1,Driver,True,False,False,M,AIR BAG NOT DEPLOYED,G,OCCUPANT LAP SHOULDER HARNESS USED,CELL PHONE NOT IN USE,NONE APPARENT,,N,US-101 N/B,65.0,R,OTHER,A,HAD NOT BEEN DRINKING,,,M,MALE,33.0,C,CA,A,ASIAN,7.0,SportUtilityVehicle,2020.0,HOND,CRV,SIL,True,,,,,,,,4,4.0,5.0,False
9975604,2596331,2,Driver,,False,False,M,AIR BAG NOT DEPLOYED,G,OCCUPANT LAP SHOULDER HARNESS USED,CELL PHONE NOT IN USE,NONE APPARENT,,S,SR-85 S/B,65.0,A,STOPPED,A,HAD NOT BEEN DRINKING,,,M,MALE,37.0,C,CA,H,HISPANIC,22.0,PickupsAndPanels,2023.0,FORD,F250,BLU,False,,,,,,,,1,3.0,4.0,False
9975603,2596331,1,Driver,True,False,False,L,AIR BAG DEPLOYED,G,OCCUPANT LAP SHOULDER HARNESS USED,CELL PHONE NOT IN USE,NONE APPARENT,,S,SR-85 S/B,65.0,B,PROCEEDING STRAIGHT,I,SLEEPY/FATIGUED,,,M,MALE,33.0,C,CA,H,HISPANIC,1.0,PassengerCarStationWagonJeep,2009.0,TOYT,COROLLA,BLK,True,,,,,,,,1,3.0,4.0,False
9974901,2595970,1,Driver,True,True,,M,AIR BAG NOT DEPLOYED,G,OCCUPANT LAP SHOULDER HARNESS USED,CELL PHONE NOT IN USE,VC SECTION VIOLATED - 22107,,N,,,D,MAKING RIGHT TURN,A,HAD NOT BEEN DRINKING,,,M,MALE,,C,CA,H,HISPANIC,48.0,PoliceCar,2015.0,FORD,,,,,,,,,,,,,,
9974530,2595785,2,Driver,,False,,M,AIR BAG NOT DEPLOYED,G,OCCUPANT LAP SHOULDER HARNESS USED,,NONE APPARENT,,N,WINCHESTER BLVD,0.0,A,STOPPED,A,HAD NOT BEEN DRINKING,,,M,MALE,54.0,C,CA,H,HISPANIC,1.0,PassengerCarStationWagonJeep,2015.0,HONDA,CIVIC,Gray,,,,,,,,,Lane,1.0,4.0,
9974529,2595785,1,Driver,True,False,,M,AIR BAG NOT DEPLOYED,G,OCCUPANT LAP SHOULDER HARNESS USED,,NONE APPARENT,,N,WINCHESTER BLVD,5.0,B,PROCEEDING STRAIGHT,A,HAD NOT BEEN DRINKING,,,U,UNKNOWN,28.0,C,CA,O,OTHER,1.0,PassengerCarStationWagonJeep,2024.0,CHEVROLET,EQUINOX,White,,,,,,,,,Lane,2.0,4.0,
9974305,2595673,2,Driver,,False,False,M,AIR BAG NOT DEPLOYED,G,OCCUPANT LAP SHOULDER HARNESS USED,CELL PHONE NOT IN USE,NONE APPARENT,,N,I-880 N/B,65.0,B,PROCEEDING STRAIGHT,A,HAD NOT BEEN DRINKING,,,F,FEMALE,67.0,C,CA,W,WHITE,7.0,SportUtilityVehicle,2001.0,CHEV,TAHOE,BLK,False,,,,,,,,3,3.0,3.0,False
9974304,2595673,1,Driver,True,False,True,B,UNKNOWN,B,OCCUPANT UNKNOWN,CELL PHONE USE UNKNOWN,NONE APPARENT,,N,I-880 N/B,65.0,B,PROCEEDING STRAIGHT,G,IMPAIRMENT_NOT_KNOWN,,,,,,,,,,99.0,OtherUnknownHitAndRunDriver,,,,,False,,,,,,,,3,3.0,3.0,False