PartyId,CollisionId,PartyNumber,PartyType,IsAtFault,IsOnDutyEmergencyVehicle,IsHitAndRun,AirbagCode,AirbagDescription,SafetyEquipmentCode,SafetyEquipmentDescription,Special Information,Other Associate Factor,Inattention,DirectionOfTravel,StreetOrHighwayName,SpeedLimit,MovementPrecCollCode,MovementPrecCollDescription,SobrietyDrugPhysicalCode1,SobrietyDrugPhysicalDescription1,SobrietyDrugPhysicalCode2,SobrietyDrugPhysicalDescription2,GenderCode,GenderDescription,StatedAge,DriverLicenseClass,DriverLicenseStateCode,RaceCode,RaceDesc,Vehicle1TypeId, Vehicle1TypeDesc, Vehicle1Year,Vehicle1Make,Vehicle1Model,Vehicle1Color,V1IsVehicleTowed,Vehicle2TypeId, Vehicle2TypeDesc, Vehicle2Year,Vehicle2Make,Vehicle2Model,Vehicle2Color,V2IsVehicleTowed,Lane,ThruLanes,TotalLanes,IsDREConducted
10541511,2877133,2,Driver,,False,,N,OTHER,G,OCCUPANT LAP SHOULDER HARNESS USED,CELL PHONE NOT IN USE,NONE APPARENT,,W,,,B,PROCEEDING STRAIGHT,C,HBD-NOT UNDER INFLUENCE,,,F,FEMALE,,,CA,,,,,2012.0,HONDA,,,,,,,,,,,,,,
10541510,2877133,1,Driver,True,False,,N,OTHER,G,OCCUPANT LAP SHOULDER HARNESS USED,CELL PHONE NOT IN USE,NONE APPARENT,,S,,,B,PROCEEDING STRAIGHT,C,HBD-NOT UNDER INFLUENCE,,,F,FEMALE,,,CA,,,,,2007.0,LEXUS,,,,,,,,,,,,,,
10541507,2877130,2,Pedestrian,,False,,,,,,,,,N,,,R,OTHER,H,NOT APPLICABLE,,,M,MALE,,,,B,BLACK,60.0,Pedestrian,,,,,,,,,,,,,,,,
10541506,2877130,1,Driver,True,False,,M,AIR BAG NOT DEPLOYED,C,OCCUPANT LAP BELT USED,,VC SECTION VIOLATED,,N,,,E,MAKING LEFT TURN,A,HAD NOT BEEN DRINKING,,,F,FEMALE,,C,CA,,,,,2004.0,GMC,,,,,,,,,,,,,,
10541492,2877123,2,Bicyclist,,False,,,,,,,,,E,,,B,PROCEEDING STRAIGHT,A,HAD NOT BEEN DRINKING,,,M,MALE,,,,,,,,,,,,,,,,,,,,,,,
10541491,2877123,1,Driver,True,False,,M,AIR BAG NOT DEPLOYED,B,OCCUPANT UNKNOWN,,,,S,,,E,MAKING LEFT TURN,A,HAD NOT BEEN DRINKING,,,M,MALE,,,CA,,,,,,TOYOTA,,,,,,,,,,,,,,
10541460,2877108,2,Bicyclist,,False,,,,,,,,,W,,,B,PROCEEDING STRAIGHT,A,HAD NOT BEEN DRINKING,,,M,MALE,,,,,,4.0,Bicycle,,,,,,,,,,,,,,,,
10541459,2877108,1,Driver,True,False,,M,AIR BAG NOT DEPLOYED,G,OCCUPANT LAP SHOULDER HARNESS USED,,VISION OBSCUREMENT,,E,,,D,MAKING RIGHT TURN,A,HAD NOT BEEN DRINKING,,,M,MALE,,,CA,W,WHITE,,,2020.0,CHEVROLET,,,,,,,,,,,,,,
10541441,2877096,2,Driver,,False,,,,,,CELL PHONE NOT IN USE,ENTERING OR LEAVING RAMP,,S,,,E,MAKING LEFT TURN,H,NOT APPLICABLE,,,M,MALE,,C,CA,B,BLACK,1.0,PassengerCarStationWagonJeep,2018.0,FORD,,,,,,,,,,,,,,
10541440,2877096,1,Driver,True,False,,M,AIR BAG NOT DEPLOYED,G,OCCUPANT LAP SHOULDER HARNESS USED,CELL PHONE NOT IN USE,ENTERING OR LEAVING RAMP,,W,,,Q,TRAVELLING WRONG WAY,G,IMPAIRMENT_NOT_KNOWN,,,M,MALE,,C,CA,,,1.0,PassengerCarStationWagonJeep,2023.0,TESLA,,,,,,,,,,,,,,
10541439,2877095,2,Driver,,False,,,,,,CELL PHONE NOT IN USE,NONE APPARENT,,W,,,E,MAKING LEFT TURN,A,HAD NOT BEEN DRINKING,,,F,FEMALE,,,CA,,,,,2010.0,TOYOTA,,,,,,,,,,,,,,
10541438,2877095,1,Driver,True,False,,M,AIR BAG NOT DEPLOYED,B,OCCUPANT UNKNOWN,CELL PHONE NOT IN USE,NONE APPARENT,,N,,,L,ENTERING TRAFFICD,A,HAD NOT BEEN DRINKING,,,F,FEMALE,,,CA,W,WHITE,,,1998.0,TOYOTA,,,,,,,,,,,,,,
10541418,2877087,1,Driver,True,False,,M,AIR BAG NOT DEPLOYED,H,OCCUPANT LAP SHOULDER HARNESS NOT USED,CELL PHONE NOT IN USE,NONE APPARENT,,W,,,B,PROCEEDING STRAIGHT,I,SLEEPY/FATIGUED,,,F,FEMALE,,,CA,W,WHITE,,,2004.0,FORD,,,,,,,,,,,,,,
10541413,2877084,2,Driver,,False,,L,AIR BAG DEPLOYED,G,OCCUPANT LAP SHOULDER HARNESS USED,,NONE APPARENT,,S,,,B,PROCEEDING STRAIGHT,A,HAD NOT BEEN DRINKING,,,M,MALE,,,CA,,,,,2020.0,NISSAN,,,,,,,,,,,,,,
10541412,2877084,1,Driver,True,False,,,,,,,NONE APPARENT,,N,,,E,MAKING LEFT TURN,G,IMPAIRMENT_NOT_KNOWN,,,M,MALE,,,,,,,,,DODGE,,,,,,,,,,,,,,
10541390,2877074,2,Driver,,False,,L,AIR BAG DEPLOYED,C,OCCUPANT LAP BELT USED,,NONE APPARENT,,W,,,D,MAKING RIGHT TURN,A,HAD NOT BEEN DRINKING,,,F,FEMALE,,C,CA,W,WHITE,,,2013.0,BMW,,,,,,,,,,,,,,
10541389,2877074,1,Pedestrian,True,False,,,,,,,NONE APPARENT,,E,,,B,PROCEEDING STRAIGHT,H,NOT APPLICABLE,,,M,MALE,,,,W,WHITE,60.0,Pedestrian,,,,,,,,,,,,,,,,
10541370,2877063,2,Other,,False,,,,,,,,,W,,,,,,,,,,,,,,,,,,,,,,,,,,,,,,,,,
10541369,2877063,1,Driver,True,False,,L,AIR BAG DEPLOYED,G,OCCUPANT LAP SHOULDER HARNESS USED,,VC SECTION VIOLATED - 12500 A,,W,,,D,MAKING RIGHT TURN,A,HAD NOT BEEN DRINKING,,,M,MALE,,,,,,,,2008.0,NISSAN,,,,,,,,,,,,,,
10541366,2877061,2,Pedestrian,,False,,,,,,,NONE APPARENT,,,,,A,STOPPED,G,IMPAIRMENT_NOT_KNOWN,,,F,FEMALE,,,,W,WHITE,60.0,Pedestrian,,,,,,,,,,,,,,,,
10541365,2877061,1,Driver,,False,,B,UNKNOWN,,,,NONE APPARENT,,E,,,B,PROCEEDING STRAIGHT,G,IMPAIRMENT_NOT_KNOWN,,,,,,,,,,,,,ACURA,,,,,,,,,,,,,,
10541335,2877045,2,Bicyclist,,False,,,,,,CELL PHONE NOT IN USE,NONE APPARENT,,W,,,B,PROCEEDING STRAIGHT,H,NOT APPLICABLE,,,M,MALE,,,,,,4.0,Bicycle,,,,,,,,,,,,,,,,
10541334,2877045,1,Driver,True,False,,M,AIR BAG NOT DEPLOYED,W,MOTOR BICYCLE DRIVER WITH HELMET,CELL PHONE NOT IN USE,NONE APPARENT,,S,,,G,BACKING,H,NOT APPLICABLE,,,F,FEMALE,,,CA,,,,,2015.0,MAZDA,,,,,,,,,,,,,,
10541333,2877044,2,Pedestrian,,False,,,,,,,,,,,,,,,,,,F,FEMALE,,,,,,60.0,Pedestrian,,,,,,,,,,,,,,,,
10541332,2877044,1,Driver,True,False,,M,AIR BAG NOT DEPLOYED,B,OCCUPANT UNKNOWN,,NONE APPARENT,,W,,,D,MAKING RIGHT TURN,H,NOT APPLICABLE,,,M,MALE,,,CA,,,,,2014.0,MASERATI,,,,,,,,,,,,,,
10541326,2877040,1,Driver,True,False,,M,AIR BAG NOT DEPLOYED,B,OCCUPANT UNKNOWN,,VC SECTION VIOLATED - 20001,,W,,,B,PROCEEDING STRAIGHT,G,IMPAIRMENT_NOT_KNOWN,,,,,,,,,,,,1991.0,TOYOTA,,,,,,,,,,,,,,
10541325,2877039,2,Driver,,False,,M,AIR BAG NOT DEPLOYED,G,OCCUPANT LAP SHOULDER HARNESS USED,CELL PHONE NOT IN USE,NONE APPARENT,,S,,,B,PROCEEDING STRAIGHT,H,NOT APPLICABLE,,,F,FEMALE,,,CA,,,,,2016.0,TOYOTA,,,,,,,,,,,,,,
10541324,2877039,1,Driver,True,False,,M,AIR BAG NOT DEPLOYED,G,OCCUPANT LAP SHOULDER HARNESS USED,CELL PHONE NOT IN USE,NONE APPARENT,,S,,,E,MAKING LEFT TURN,H,NOT APPLICABLE,,,M,MALE,,,,,,,,2005.0,TOYOTA,,,,,,,,,,,,,,
10541311,2877031,2,Driver,,False,,P,NOT REQUIRED,U,CHILD RESTRAINT NONE IN VEHICLE,,,,W,,,B,PROCEEDING STRAIGHT,G,IMPAIRMENT_NOT_KNOWN,,,M,MALE,,,CA,,,,,2004.0,HONDA,,,,,,,,,,,,,,
10541309,2877031,1,Driver,True,False,,M,AIR BAG NOT DEPLOYED,G,OCCUPANT LAP SHOULDER HARNESS USED,,VC SECTION VIOLATED - 22107,,W,,,J,CHANGING LANES,G,IMPAIRMENT_NOT_KNOWN,,,F,FEMALE,,,CA,,,,,2021.0,AUDI,,,,,,,,,,,,,,
10541296,2877025,2,Driver,,False,,L,AIR BAG DEPLOYED,B,OCCUPANT UNKNOWN,,,,N,,,B,PROCEEDING STRAIGHT,A,HAD NOT BEEN DRINKING,,,M,MALE,,,,,,,,2023.0,HONDA,,,,,,,,,,,,,,
10541295,2877025,1,Driver,True,False,,L,AIR BAG DEPLOYED,B,OCCUPANT UNKNOWN,,,,E,,,E,MAKING LEFT TURN,A,HAD NOT BEEN DRINKING,,,M,MALE,,,,,,,,2007.0,FORD,,,,,,,,,,,,,,
10541283,2877017,3,Driver,,False,,M,AIR BAG NOT DEPLOYED,,,CELL PHONE NOT IN USE,NONE APPARENT,,W,,,A,STOPPED,A,HAD NOT BEEN DRINKING,,,M,MALE,,,CA,,,,,2018.0,NISSAN,,,,,,,,,,,,,,
10541282,2877017,2,Driver,,False,,,,,,CELL PHONE NOT IN USE,NONE APPARENT,,W,,,A,STOPPED,A,HAD NOT BEEN DRINKING,,,M,MALE,,,CA,,,,,2017.0,TOYOTA,,,,,,,,,,,,,,
10541281,2877017,1,Driver,True,False,,M,AIR BAG NOT DEPLOYED,C,OCCUPANT LAP BELT USED,CELL PHONE NOT IN USE,NONE APPARENT,,W,,,B,PROCEEDING STRAIGHT,A,HAD NOT BEEN DRINKING,,,M,MALE,,,CA,,,,,2018.0,FORD,,,,,,,,,,,,,,
10541278,2877016,2,Driver,,False,,L,AIR BAG DEPLOYED,G,OCCUPANT LAP SHOULDER HARNESS USED,,NONE APPARENT,,N,,,B,PROCEEDING STRAIGHT,A,HAD NOT BEEN DRINKING,,,F,FEMALE,,,CA,,,,,2023.0,TESLA,,,,,,,,,,,,,,
10541277,2877016,1,Driver,True,False,,L,AIR BAG DEPLOYED,G,OCCUPANT LAP SHOULDER HARNESS USED,,INATTENTION,OTHER,W,,,D,MAKING RIGHT TURN,A,HAD NOT BEEN DRINKING,,,F,FEMALE,,,CA,,,,,2017.0,TOYOTA,,,,,,,,,,,,,,
10541254,2877002,2,Driver,,False,,L,AIR BAG DEPLOYED,G,OCCUPANT LAP SHOULDER HARNESS USED,CELL PHONE NOT IN USE,NONE APPARENT,,N,,,E,MAKING LEFT TURN,A,HAD NOT BEEN DRINKING,,,M,MALE,,,CA,,,1.0,PassengerCarStationWagonJeep,2015.0,TOYOTA,,,,,,,,,,,,,,
10541253,2877002,1,Driver,True,False,,B,UNKNOWN,,,,NONE APPARENT,,E,,,B,PROCEEDING STRAIGHT,D,HBD-IMPAIRMENT UNKNOWN,,,,,,,,,,1.0,PassengerCarStationWagonJeep,2007.0,BMW,,,,,,,,,,,,,,
10541248,2876999,2,Driver,,False,,,,,,,NONE APPARENT,,,,,R,OTHER,G,IMPAIRMENT_NOT_KNOWN,,,,,,,,,,99.0,OtherUnknownHitAndRunDriver,,,,,,,,,,,,,,,,
10541247,2876999,1,Bicyclist,True,False,,,,,,,NONE APPARENT,,,,,R,OTHER,G,IMPAIRMENT_NOT_KNOWN,,,M,MALE,,,,,,4.0,Bicycle,,,,,,,,,,,,,,,,
10541222,2876987,2,Driver,,False,,L,AIR BAG DEPLOYED,G,OCCUPANT LAP SHOULDER HARNESS USED,,NONE APPARENT,,S,,,B,PROCEEDING STRAIGHT,H,NOT APPLICABLE,,,M,MALE,,,CA,,,1.0,PassengerCarStationWagonJeep,2008.0,HONDA,,,,,,,,,,,,,,
10541221,2876987,1,Driver,True,False,,M,AIR BAG NOT DEPLOYED,G,OCCUPANT LAP SHOULDER HARNESS USED,,NONE APPARENT,,E,,,B,PROCEEDING STRAIGHT,H,NOT APPLICABLE,,,F,FEMALE,,,CA,,,1.0,PassengerCarStationWagonJeep,2013.0,FORD,,,,,,,,,,,,,,
10541212,2876983,2,Driver,,False,,M,AIR BAG NOT DEPLOYED,H,OCCUPANT LAP SHOULDER HARNESS NOT USED,,NONE APPARENT,,N,,,A,STOPPED,,,,,F,FEMALE,,,CA,W,WHITE,,,2022.0,HONDA,,,,,,,,,,,,,,
10541211,2876983,1,Driver,True,False,,L,AIR BAG DEPLOYED,G,OCCUPANT LAP SHOULDER HARNESS USED,,NONE APPARENT,,N,,,B,PROCEEDING STRAIGHT,,,,,M,MALE,,,CA,,,,,2000.0,HONDA,,,,,,,,,,,,,,
10540953,2876855,2,Pedestrian,,False,,,,,,,NONE APPARENT,,,,,B,PROCEEDING STRAIGHT,,,,,M,MALE,,,,,,60.0,Pedestrian,,,,,,,,,,,,,,,,
10540952,2876855,1,Driver,True,False,,M,AIR BAG NOT DEPLOYED,B,OCCUPANT UNKNOWN,,NONE APPARENT,,S,,,D,MAKING RIGHT TURN,,,,,M,MALE,,,CA,,,27.0,ThreeOrMoreAxleTruck,2020.0,,,,,,,,,,,,,,,
10540883,2876820,2,Driver,,False,,M,AIR BAG NOT DEPLOYED,G,OCCUPANT LAP SHOULDER HARNESS USED,CELL PHONE NOT IN USE,NONE APPARENT,,W,,,B,PROCEEDING STRAIGHT,A,HAD NOT BEEN DRINKING,,,M,MALE,,,CA,,,,,2019.0,FORD,,,,,,,,,,,,,,
10540882,2876820,1,Driver,True,False,,M,AIR BAG NOT DEPLOYED,G,OCCUPANT LAP SHOULDER HARNESS USED,CELL PHONE NOT IN USE,NONE APPARENT,,W,,,A,STOPPED,A,HAD NOT BEEN DRINKING,,,M,MALE,,,CA,,,,,2014.0,TOYOTA,,,,,,,,,,,,,,
10514645,2863721,1,Driver,True,False,True,L,AIR BAG DEPLOYED,B,OCCUPANT UNKNOWN,CELL PHONE USE UNKNOWN,NONE APPARENT,,N,I-680 N/B,65.0,R,OTHER,G,IMPAIRMENT_NOT_KNOWN,,,,,,,,,,1.0,PassengerCarStationWagonJeep,2024.0,NISS,SENTRA,MAR,True,,,,,,,,4,4.0,4.0,False
10495525,2854173,2,Driver,,False,False,M,AIR BAG NOT DEPLOYED,G,OCCUPANT LAP SHOULDER HARNESS USED,CELL PHONE NOT IN USE,PREVIOUS COLLISION,,S,US-101 S/B,65.0,A,STOPPED,A,HAD NOT BEEN DRINKING,,,M,MALE,48.0,C,CA,W,WHITE,22.0,PickupsAndPanels,2024.0,DODG,RAM 3500 PU,WHI,False,,,,,,,,1,4.0,4.0,False
10495524,2854173,1,Driver,True,False,True,L,AIR BAG DEPLOYED,B,OCCUPANT UNKNOWN,CELL PHONE USE UNKNOWN,PREVIOUS COLLISION,,S,US-101 S/B,64.0,I,PASSING OTHER VEHICLE,G,IMPAIRMENT_NOT_KNOWN,,,,,,,,,,7.0,SportUtilityVehicle,2007.0,CHEV,TAHOE,DBL,True,,,,,,,,LT-SHLD,4.0,4.0,False
10387854,2800878,1,Driver,True,False,False,L,AIR BAG DEPLOYED,G,OCCUPANT LAP SHOULDER HARNESS USED,CELL PHONE USE UNKNOWN,NONE APPARENT,,S,US-101 S/B,65.0,C,RAN OFF ROAD,G,IMPAIRMENT_NOT_KNOWN,,,M,MALE,45.0,U,CA,H,HISPANIC,1.0,PassengerCarStationWagonJeep,2000.0,HOND,ACCORD,RED,True,,,,,,,,4,4.0,4.0,False
10387789,2800842,2,Driver,,False,False,M,AIR BAG NOT DEPLOYED,G,OCCUPANT LAP SHOULDER HARNESS USED,CELL PHONE NOT IN USE,ENTERING OR LEAVING RAMP,,S,US-101 S/B TO OAKLAND ROAD,65.0,B,PROCEEDING STRAIGHT,A,HAD NOT BEEN DRINKING,,,F,FEMALE,24.0,C,CA,H,HISPANIC,1.0,PassengerCarStationWagonJeep,2024.0,HOND,CIVIC,RED,False,,,,,,,,S/B,0.0,3.0,False
10387788,2800842,1,Pedestrian,True,False,False,P,NOT REQUIRED,P,NOT REQUIRED,CELL PHONE NOT IN USE,ENTERING OR LEAVING RAMP,,S,US-101 S/B TO OAKLAND ROAD,65.0,,,D,HBD-IMPAIRMENT UNKNOWN,,,M,MALE,35.0,,,H,HISPANIC,60.0,Pedestrian,,,,,False,,,,,,,,S/B,0.0,3.0,False
10387562,2800717,2,Driver,,False,False,M,AIR BAG NOT DEPLOYED,G,OCCUPANT LAP SHOULDER HARNESS USED,CELL PHONE NOT IN USE,NONE APPARENT,,S,US-101 S/B,65.0,H,SLOWING/STOPPING,A,HAD NOT BEEN DRINKING,,,M,MALE,35.0,C,CA,A,ASIAN,1.0,PassengerCarStationWagonJeep,2022.0,TESL,MODEL 3,GRY,False,,,,,,,,1,5.0,5.0,False
10387561,2800717,1,Driver,True,False,True,M,AIR BAG NOT DEPLOYED,B,OCCUPANT UNKNOWN,CELL PHONE USE UNKNOWN,NONE APPARENT,,S,US-101 S/B,65.0,B,PROCEEDING STRAIGHT,G,IMPAIRMENT_NOT_KNOWN,,,,,,,,,,1.0,PassengerCarStationWagonJeep,2019.0,HOND,ACCORD,GRY,False,,,,,,,,1,5.0,5.0,False
10387553,2800712,2,Driver,,False,False,M,AIR BAG NOT DEPLOYED,G,OCCUPANT LAP SHOULDER HARNESS USED,CELL PHONE NOT IN USE,NONE APPARENT,,N,US-101 N/B ,65.0,B,PROCEEDING STRAIGHT,A,HAD NOT BEEN DRINKING,,,M,MALE,52.0,C,CA,W,WHITE,22.0,PickupsAndPanels,2020.0,CHEV,COLORADO,WHI,False,,,,,,,,3,4.0,5.0,False
10387552,2800712,1,Driver,True,False,False,M,AIR BAG NOT DEPLOYED,G,OCCUPANT LAP SHOULDER HARNESS USED,CELL PHONE NOT IN USE,VC SECTION VIOLATED - VC 22350,,N,US-101 N/B,65.0,B,PROCEEDING STRAIGHT,B,HBD-UNDER INFLUENCE,,,M,MALE,29.0,C,CA,H,HISPANIC,7.0,SportUtilityVehicle,2022.0,CHEV,TRAIL BLAZER,WHI,False,,,,,,,,3,4.0,5.0,False
10387551,2800711,2,Driver,,False,False,M,AIR BAG NOT DEPLOYED,G,OCCUPANT LAP SHOULDER HARNESS USED,CELL PHONE NOT IN USE,NONE APPARENT,,N,US-101 N/B,65.0,B,PROCEEDING STRAIGHT,B,HBD-UNDER INFLUENCE,,,M,MALE,29.0,C,CA,H,HISPANIC,7.0,SportUtilityVehicle,2022.0,CHEV,TRAIL BLAZER,WHI,False,,,,,,,,3,5.0,6.0,False
10387550,2800711,1,Driver,True,False,False,M,AIR BAG NOT DEPLOYED,G,OCCUPANT LAP SHOULDER HARNESS USED,CELL PHONE NOT IN USE,NONE APPARENT,,N,US-101 N/B,65.0,R,OTHER,A,HAD NOT BEEN DRINKING,,,M,MALE,52.0,C,CA,W,WHITE,22.0,PickupsAndPanels,2020.0,CHEV,SILVERADO,WHI,False,,,,,,,,2,5.0,6.0,False
10387536,2800703,1,Driver,True,False,False,L,AIR BAG DEPLOYED,G,OCCUPANT LAP SHOULDER HARNESS USED,CELL PHONE NOT IN USE,NONE APPARENT,,S,US-101 N/B,65.0,B,PROCEEDING STRAIGHT,A,HAD NOT BEEN DRINKING,,,M,MALE,29.0,C,CA,A,ASIAN,7.0,SportUtilityVehicle,2023.0,TSMR,MODEL Y,WHI,False,,,,,,,,1,4.0,4.0,False
10385794,2799813,2,Driver,,False,False,M,AIR BAG NOT DEPLOYED,G,OCCUPANT LAP SHOULDER HARNESS USED,CELL PHONE NOT IN USE,NONE APPARENT,,N,I-880 N/B,65.0,B,PROCEEDING STRAIGHT,A,HAD NOT BEEN DRINKING,,,M,MALE,47.0,C,CA,A,ASIAN,1.0,PassengerCarStationWagonJeep,2023.0,TSMR,MODEL 3,WHI,False,,,,,,,,1,3.0,4.0,False
10385793,2799813,1,Driver,True,False,False,M,AIR BAG NOT DEPLOYED,G,OCCUPANT LAP SHOULDER HARNESS USED,CELL PHONE NOT IN USE,NONE APPARENT,,N,I-880 N/B,65.0,J,CHANGING LANES,A,HAD NOT BEEN DRINKING,,,M,MALE,22.0,C,CA,A,ASIAN,7.0,SportUtilityVehicle,2024.0,BMW,X6,BLK,False,,,,,,,,2,3.0,4.0,False
10385757,2799792,1,Driver,True,False,True,L,AIR BAG DEPLOYED,B,OCCUPANT UNKNOWN,CELL PHONE USE UNKNOWN,NONE APPARENT,,S,I-680 S/B FROM JACKSON AVENUE,65.0,R,OTHER,G,IMPAIRMENT_NOT_KNOWN,,,,,,,,,,1.0,PassengerCarStationWagonJeep,2002.0,MERZ,S430V,BLK,False,,,,,,,,3,2.0,3.0,False
10385752,2799789,2,Driver,,False,False,M,AIR BAG NOT DEPLOYED,G,OCCUPANT LAP SHOULDER HARNESS USED,CELL PHONE NOT IN USE,NONE APPARENT,,S,US-101 S/B,65.0,H,SLOWING/STOPPING,A,HAD NOT BEEN DRINKING,,,F,FEMALE,24.0,C,CA,H,HISPANIC,7.0,SportUtilityVehicle,2021.0,NISS,ROGUE,WHI,False,,,,,,,,4,4.0,4.0,False
10385751,2799789,1,Driver,True,False,False,L,AIR BAG DEPLOYED,G,OCCUPANT LAP SHOULDER HARNESS USED,CELL PHONE NOT IN USE,NONE APPARENT,,S,US-101 S/B,65.0,B,PROCEEDING STRAIGHT,A,HAD NOT BEEN DRINKING,,,M,MALE,23.0,C,CA,H,HISPANIC,7.0,SportUtilityVehicle,2019.0,JEEP,CHEROKEE,GRY,True,,,,,,,,4,4.0,4.0,False
10238415,2726476,2,Driver,,False,,L,AIR BAG DEPLOYED,Q,CHILD IN VEHICLE USED,,NONE APPARENT,,W,,,B,PROCEEDING STRAIGHT,H,NOT APPLICABLE,,,F,FEMALE,,,CA,,,,,2017.0,DODGE,,,,,,,,,,,,,,
10238414,2726476,1,Driver,True,False,,L,AIR BAG DEPLOYED,Q,CHILD IN VEHICLE USED,,VC SECTION VIOLATED - 12500 / NONE APPARENT,,N,,,E,MAKING LEFT TURN,H,NOT APPLICABLE,,,M,MALE,,,CA,,,,,1995.0,FORD,,,,,,,,,,,,,,
10238232,2726385,2,Driver,,False,False,M,AIR BAG NOT DEPLOYED,G,OCCUPANT LAP SHOULDER HARNESS USED,CELL PHONE NOT IN USE,NONE APPARENT,,N,I-280 N/B,65.0,B,PROCEEDING STRAIGHT,A,HAD NOT BEEN DRINKING,,,F,FEMALE,32.0,C,CA,H,HISPANIC,1.0,PassengerCarStationWagonJeep,2008.0,HOND,ACCORD,RED,False,,,,,,,,2,5.0,5.0,False
10238231,2726385,1,Driver,True,False,False,M,AIR BAG NOT DEPLOYED,G,OCCUPANT LAP SHOULDER HARNESS USED,CELL PHONE NOT IN USE,NONE APPARENT,,N,I-280 N/B,65.0,J,CHANGING LANES,A,HAD NOT BEEN DRINKING,,,F,FEMALE,38.0,C,CA,A,ASIAN,1.0,PassengerCarStationWagonJeep,2017.0,TOYT,CAMRY,WHI,False,,,,,,,,1,5.0,5.0,False
10238210,2726375,2,Driver,,False,False,M,AIR BAG NOT DEPLOYED,G,OCCUPANT LAP SHOULDER HARNESS USED,CELL PHONE NOT IN USE,NONE APPARENT,,N,I-280 N/B,65.0,B,PROCEEDING STRAIGHT,A,HAD NOT BEEN DRINKING,,,F,FEMALE,38.0,C,CA,O,OTHER,1.0,PassengerCarStationWagonJeep,2003.0,HOND,ACCORD,BLU,False,,,,,,,,3,4.0,5.0,False
10238209,2726375,1,Driver,True,False,True,B,UNKNOWN,B,OCCUPANT UNKNOWN,CELL PHONE USE UNKNOWN,NONE APPARENT,,N,I-280 N/B,65.0,R,OTHER,G,IMPAIRMENT_NOT_KNOWN,,,,,,,,,,99.0,OtherUnknownHitAndRunDriver,,,,,False,,,,,,,,2,4.0,5.0,False
10238023,2726281,2,Driver,,False,,M,AIR BAG NOT DEPLOYED,G,OCCUPANT LAP SHOULDER HARNESS USED,,NONE APPARENT,,W,,,B,PROCEEDING STRAIGHT,A,HAD NOT BEEN DRINKING,,,F,FEMALE,,C,CA,,,7.0,SportUtilityVehicle,2016.0,ACURA,,,,,,,,,,,,,,
10238022,2726281,1,Driver,True,False,,L,AIR BAG DEPLOYED,G,OCCUPANT LAP SHOULDER HARNESS USED,,NONE APPARENT,,S,,,E,MAKING LEFT TURN,A,HAD NOT BEEN DRINKING,,,F,FEMALE,,C,CA,,,7.0,SportUtilityVehicle,2007.0,HONDA,,,,,,,,,,,,,,
10238011,2726277,5,Driver,,False,,M,AIR BAG NOT DEPLOYED,G,OCCUPANT LAP SHOULDER HARNESS USED,,NONE APPARENT,,N,,,A,STOPPED,A,HAD NOT BEEN DRINKING,,,F,FEMALE,,,CA,W,WHITE,1.0,PassengerCarStationWagonJeep,2011.0,MERCEDES-BENZ,,,,,,,,,,,,,,
10238010,2726277,4,Driver,,False,,M,AIR BAG NOT DEPLOYED,G,OCCUPANT LAP SHOULDER HARNESS USED,,NONE APPARENT,,N,,,A,STOPPED,A,HAD NOT BEEN DRINKING,,,M,MALE,,,CA,,,7.0,SportUtilityVehicle,2023.0,TOYOTA,,,,,,,,,,,,,,
10238009,2726277,3,Driver,,False,,M,AIR BAG NOT DEPLOYED,G,OCCUPANT LAP SHOULDER HARNESS USED,,NONE APPARENT,,N,,,A,STOPPED,A,HAD NOT BEEN DRINKING,,,F,FEMALE,,,CA,,,1.0,PassengerCarStationWagonJeep,2012.0,TOYOTA,,,,,,,,,,,,,,
10238008,2726277,2,Driver,,False,,M,AIR BAG NOT DEPLOYED,G,OCCUPANT LAP SHOULDER HARNESS USED,,NONE APPARENT,,N,,,A,STOPPED,A,HAD NOT BEEN DRINKING,,,F,FEMALE,,,CA,,,7.0,SportUtilityVehicle,2004.0,NISSAN,,,,,,,,,,,,,,
10238007,2726277,1,Driver,True,False,,M,AIR BAG NOT DEPLOYED,G,OCCUPANT LAP SHOULDER HARNESS USED,,NONE APPARENT,,N,,,B,PROCEEDING STRAIGHT,A,HAD NOT BEEN DRINKING,,,F,FEMALE,,,CA,,,1.0,PassengerCarStationWagonJeep,2007.0,TOYOTA,,,,,,,,,,,,,,
10237989,2726268,2,ParkedVehicle,,False,,,,,,,NONE APPARENT,,N,,,O,PARKED,D,HBD-IMPAIRMENT UNKNOWN,,,,,,,,,,7.0,SportUtilityVehicle,2011.0,LEXUS,,,,,,,,,,,,,,
10237988,2726268,1,Driver,True,False,,L,AIR BAG DEPLOYED,G,OCCUPANT LAP SHOULDER HARNESS USED,,NONE APPARENT,,N,,,B,PROCEEDING STRAIGHT,B,HBD-UNDER INFLUENCE,,,M,MALE,,,,W,WHITE,7.0,SportUtilityVehicle,2018.0,HONDA,,,,,,,,,,,,,,
10237982,2726264,2,Driver,,False,,M,AIR BAG NOT DEPLOYED,G,OCCUPANT LAP SHOULDER HARNESS USED,,NONE APPARENT,,E,,,H,SLOWING/STOPPING,A,HAD NOT BEEN DRINKING,,,F,FEMALE,,C,CA,,,7.0,SportUtilityVehicle,2019.0,TOYOTA,,,,,,,,,,,,,,
10237981,2726264,1,Driver,True,False,,M,AIR BAG NOT DEPLOYED,G,OCCUPANT LAP SHOULDER HARNESS USED,,OTHER,,W,,,N,XING INTO OPPOSING LANE,A,HAD NOT BEEN DRINKING,,,M,MALE,,C,CA,B,BLACK,1.0,PassengerCarStationWagonJeep,2008.0,HONDA,,,,,,,,,,,,,,