PartyId,CollisionId,PartyNumber,PartyType,IsAtFault,IsOnDutyEmergencyVehicle,IsHitAndRun,AirbagCode,AirbagDescription,SafetyEquipmentCode,SafetyEquipmentDescription,Special Information,Other Associate Factor,Inattention,DirectionOfTravel,StreetOrHighwayName,SpeedLimit,MovementPrecCollCode,MovementPrecCollDescription,SobrietyDrugPhysicalCode1,SobrietyDrugPhysicalDescription1,SobrietyDrugPhysicalCode2,SobrietyDrugPhysicalDescription2,GenderCode,GenderDescription,StatedAge,DriverLicenseClass,DriverLicenseStateCode,RaceCode,RaceDesc,Vehicle1TypeId, Vehicle1TypeDesc, Vehicle1Year,Vehicle1Make,Vehicle1Model,Vehicle1Color,V1IsVehicleTowed,Vehicle2TypeId, Vehicle2TypeDesc, Vehicle2Year,Vehicle2Make,Vehicle2Model,Vehicle2Color,V2IsVehicleTowed,Lane,ThruLanes,TotalLanes,IsDREConducted
13532774,4353520,2,Driver,,False,,M,AIR BAG NOT DEPLOYED,G,OCCUPANT LAP SHOULDER HARNESS USED,,NONE APPARENT,,N,,,A,STOPPED,H,NOT APPLICABLE,,,M,MALE,,C,CA,,,1.0,PassengerCarStationWagonJeep,2022.0,HONDA,,,,,,,,,,,,,,
13532773,4353520,1,Driver,True,False,,,,,,,VC SECTION VIOLATED - 20001,,,,,B,PROCEEDING STRAIGHT,G,IMPAIRMENT_NOT_KNOWN,,,,,,,,,,,,,,,,,,,,,,,,,,,
13532760,4353513,2,Driver,,False,,L,AIR BAG DEPLOYED,G,OCCUPANT LAP SHOULDER HARNESS USED,CELL PHONE NOT IN USE,NONE APPARENT,,E,,,B,PROCEEDING STRAIGHT,A,HAD NOT BEEN DRINKING,,,F,FEMALE,,C,CA,,,,,2019.0,DODGE,,,,,,,,,,,,,,
13532759,4353513,1,Driver,True,False,,L,AIR BAG DEPLOYED,G,OCCUPANT LAP SHOULDER HARNESS USED,CELL PHONE NOT IN USE,NONE APPARENT,,N,,,E,MAKING LEFT TURN,B,HBD-UNDER INFLUENCE,,,M,MALE,,C,CA,,,,,2011.0,HONDA,,,,,,,,,,,,,,
13532749,4353506,2,Driver,,False,,M,AIR BAG NOT DEPLOYED,G,OCCUPANT LAP SHOULDER HARNESS USED,,,,N,,,B,PROCEEDING STRAIGHT,A,HAD NOT BEEN DRINKING,,,M,MALE,,U,CA,B,BLACK,,,2019.0,TOYOTA,,,,,,,,,,,,,,
13532748,4353506,1,Driver,True,False,,M,AIR BAG NOT DEPLOYED,G,OCCUPANT LAP SHOULDER HARNESS USED,,,,E,,,B,PROCEEDING STRAIGHT,A,HAD NOT BEEN DRINKING,,,M,MALE,,C,CA,,,,,2021.0,TOYOTA,,,,,,,,,,,,,,
13532747,4353505,2,ParkedVehicle,,False,,,,,,,NONE APPARENT,,,,,O,PARKED,H,NOT APPLICABLE,,,,,,,,,,,,2006.0,TOYOTA,,,,,,,,,,,,,,
13532746,4353505,1,Driver,True,False,,L,AIR BAG DEPLOYED,G,OCCUPANT LAP SHOULDER HARNESS USED,,NONE APPARENT,,E,,,B,PROCEEDING STRAIGHT,A,HAD NOT BEEN DRINKING,,,M,MALE,,C,CA,,,,,2001.0,TOYOTA,,,,,,,,,,,,,,
13532737,4353498,1,Driver,True,False,,L,AIR BAG DEPLOYED,G,OCCUPANT LAP SHOULDER HARNESS USED,CELL PHONE NOT IN USE,NONE APPARENT,,W,,,C,RAN OFF ROAD,A,HAD NOT BEEN DRINKING,,,M,MALE,,C,CA,W,WHITE,1.0,PassengerCarStationWagonJeep,2019.0,HYUNDAI,,,,,,,,,,,,,,
13532727,4353493,2,Driver,,False,,M,AIR BAG NOT DEPLOYED,G,OCCUPANT LAP SHOULDER HARNESS USED,CELL PHONE NOT IN USE,,,S,,,A,STOPPED,H,NOT APPLICABLE,,,F,FEMALE,,C,CA,W,WHITE,,,2024.0,LEXUS,,,,,,,,,,,,,,
13532726,4353493,1,Driver,True,False,,M,AIR BAG NOT DEPLOYED,G,OCCUPANT LAP SHOULDER HARNESS USED,CELL PHONE HANDHELD IN USE,INATTENTION,CELL PHONE HANDHELD,S,,,B,PROCEEDING STRAIGHT,H,NOT APPLICABLE,,,F,FEMALE,,C,CA,W,WHITE,,,2009.0,TOYOTA,,,,,,,,,,,,,,
13532725,4353492,2,Pedestrian,,False,,,,,,,NONE APPARENT,,E,,,B,PROCEEDING STRAIGHT,H,NOT APPLICABLE,,,M,MALE,,,,,,60.0,Pedestrian,,,,,,,,,,,,,,,,
13532724,4353492,1,Driver,True,False,,B,UNKNOWN,,,,NONE APPARENT,,N,,,E,MAKING LEFT TURN,G,IMPAIRMENT_NOT_KNOWN,,,M,MALE,,,,,,,,,HONDA,,,,,,,,,,,,,,
13532721,4353490,2,Driver,,False,,M,AIR BAG NOT DEPLOYED,G,OCCUPANT LAP SHOULDER HARNESS USED,,NONE APPARENT,,W,,,J,CHANGING LANES,H,NOT APPLICABLE,,,F,FEMALE,,,,,,,,2023.0,GMC,,,,,,,,,,,,,,
13532720,4353490,1,Driver,True,False,,M,AIR BAG NOT DEPLOYED,G,OCCUPANT LAP SHOULDER HARNESS USED,,NONE APPARENT,,W,,,E,MAKING LEFT TURN,H,NOT APPLICABLE,,,M,MALE,,U,CA,,,,,2012.0,TOYOTA,,,,,,,,,,,,,,
13532717,4353488,2,Driver,,False,,M,AIR BAG NOT DEPLOYED,G,OCCUPANT LAP SHOULDER HARNESS USED,CELL PHONE NOT IN USE,NONE APPARENT,,W,,,B,PROCEEDING STRAIGHT,A,HAD NOT BEEN DRINKING,,,M,MALE,,C,CA,W,WHITE,,,2020.0,DODGE,,,,,,,,,,,,,,
13532716,4353488,1,Driver,True,False,,L,AIR BAG DEPLOYED,G,OCCUPANT LAP SHOULDER HARNESS USED,CELL PHONE NOT IN USE,NONE APPARENT,,S,,,B,PROCEEDING STRAIGHT,A,HAD NOT BEEN DRINKING,,,M,MALE,,C,CA,,,,,2014.0,NISSAN,,,,,,,,,,,,,,
13532551,4353408,2,Driver,,False,False,M,AIR BAG NOT DEPLOYED,G,OCCUPANT LAP SHOULDER HARNESS USED,CELL PHONE NOT IN USE,ENTERING OR LEAVING RAMP,,S,I-280 S/B TO US-101 S/B,65.0,B,PROCEEDING STRAIGHT,A,HAD NOT BEEN DRINKING,,,M,MALE,43.0,B,CA,H,HISPANIC,22.0,PickupsAndPanels,2022.0,FRHT,SWEEPER,WHI,False,,,,,,,,2,3.0,3.0,False
13532550,4353408,1,Driver,,False,False,M,AIR BAG NOT DEPLOYED,G,OCCUPANT LAP SHOULDER HARNESS USED,CELL PHONE NOT IN USE,ENTERING OR LEAVING RAMP,,S,I-680 S/B TO US-101 S/B,65.0,B,PROCEEDING STRAIGHT,A,HAD NOT BEEN DRINKING,,,F,FEMALE,46.0,F,TX,H,HISPANIC,7.0,SportUtilityVehicle,2018.0,TOYT,PRIUS,RED,False,,,,,,,,2,3.0,3.0,False
13532542,4353403,3,Driver,,False,False,M,AIR BAG NOT DEPLOYED,G,OCCUPANT LAP SHOULDER HARNESS USED,CELL PHONE NOT IN USE,NONE APPARENT,,S,I-280 S/B,65.0,H,SLOWING/STOPPING,A,HAD NOT BEEN DRINKING,,,M,MALE,39.0,C,CA,W,WHITE,7.0,SportUtilityVehicle,2023.0,TSMR,Y,BLK/,False,,,,,,,,3,4.0,5.0,False
13532541,4353403,2,Driver,,False,False,M,AIR BAG NOT DEPLOYED,G,OCCUPANT LAP SHOULDER HARNESS USED,CELL PHONE NOT IN USE,NONE APPARENT,,S,I-280 S/B,65.0,H,SLOWING/STOPPING,A,HAD NOT BEEN DRINKING,,,F,FEMALE,30.0,C,CA,H,HISPANIC,1.0,PassengerCarStationWagonJeep,2013.0,HYUN,SONATA,RED,False,,,,,,,,3,4.0,5.0,False
13532540,4353403,1,Driver,True,False,False,M,AIR BAG NOT DEPLOYED,G,OCCUPANT LAP SHOULDER HARNESS USED,CELL PHONE NOT IN USE,NONE APPARENT,,S,I-280 S/B,65.0,B,PROCEEDING STRAIGHT,A,HAD NOT BEEN DRINKING,,,F,FEMALE,31.0,U,CA,H,HISPANIC,7.0,SportUtilityVehicle,2016.0,MAZD,CX-5,SIL/,False,,,,,,,,3,4.0,5.0,False
13531868,4353057,2,Driver,,False,,B,UNKNOWN,,,,,,E,,,A,STOPPED,,,,,M,MALE,,,CA,,,,,2019.0,TOYOTA,,,,,,,,,,,,,,
13531867,4353057,1,Driver,True,False,,B,UNKNOWN,,,,VC SECTION VIOLATED - 22350 / OTHER,,E,,,B,PROCEEDING STRAIGHT,B,HBD-UNDER INFLUENCE,,,M,MALE,,,CA,,,,,2017.0,GMC,,,,,,,,,,,,,,
13531812,4353027,2,Driver,,False,,M,AIR BAG NOT DEPLOYED,G,OCCUPANT LAP SHOULDER HARNESS USED,,,,,,,A,STOPPED,G,IMPAIRMENT_NOT_KNOWN,,,M,MALE,,C,CA,W,WHITE,1.0,PassengerCarStationWagonJeep,2019.0,NISSAN,,,,,,,,,,,,,,
13531811,4353027,1,Driver,True,False,,M,AIR BAG NOT DEPLOYED,G,OCCUPANT LAP SHOULDER HARNESS USED,,INATTENTION,OTHER,W,,,B,PROCEEDING STRAIGHT,G,IMPAIRMENT_NOT_KNOWN,,,F,FEMALE,,C,CA,,,7.0,SportUtilityVehicle,2002.0,JEEP,,,,,,,,,,,,,,
13531746,4352996,1,Driver,True,False,,M,AIR BAG NOT DEPLOYED,B,OCCUPANT UNKNOWN,,INATTENTION,OTHER,W,,,B,PROCEEDING STRAIGHT,G,IMPAIRMENT_NOT_KNOWN,,,F,FEMALE,,C,CA,,,1.0,PassengerCarStationWagonJeep,2014.0,HYUNDAI,,,,,,,,,,,,,,
13531736,4352988,2,Driver,,False,,M,AIR BAG NOT DEPLOYED,G,OCCUPANT LAP SHOULDER HARNESS USED,,,,E,,,B,PROCEEDING STRAIGHT,A,HAD NOT BEEN DRINKING,,,F,FEMALE,,C,CA,,,1.0,PassengerCarStationWagonJeep,2008.0,TOYOTA,,,,,,,,,,,,,,
13531735,4352988,1,Driver,True,False,,B,UNKNOWN,,,,,,N,,,E,MAKING LEFT TURN,G,IMPAIRMENT_NOT_KNOWN,,,,,,,,,,1.0,PassengerCarStationWagonJeep,,INFINITI,,,,,,,,,,,,,,
13531724,4352981,2,Pedestrian,,False,,,,V,MOTOR BICYCLE DRIVER NO HELMET,,NONE APPARENT,,N,,,B,PROCEEDING STRAIGHT,A,HAD NOT BEEN DRINKING,,,M,MALE,,,,B,BLACK,60.0,Pedestrian,2019.0,,,,,,,,,,,,,,,
13531723,4352981,1,Driver,True,False,,M,AIR BAG NOT DEPLOYED,W,MOTOR BICYCLE DRIVER WITH HELMET,,NONE APPARENT,,W,,,B,PROCEEDING STRAIGHT,A,HAD NOT BEEN DRINKING,,,F,FEMALE,,C,CA,,,1.0,PassengerCarStationWagonJeep,2019.0,TOYOTA,,,,,,,,,,,,,,
13531707,4352974,1,Driver,True,False,,M,AIR BAG NOT DEPLOYED,G,OCCUPANT LAP SHOULDER HARNESS USED,CELL PHONE NOT IN USE,VC SECTION VIOLATED - 22107,,W,,,B,PROCEEDING STRAIGHT,B,HBD-UNDER INFLUENCE,,,M,MALE,,C,CA,,,1.0,PassengerCarStationWagonJeep,2008.0,HYUNDAI,,,,,,,,,,,,,,
13531683,4352962,1,Driver,True,False,,L,AIR BAG DEPLOYED,H,OCCUPANT LAP SHOULDER HARNESS NOT USED,,VC SECTION VIOLATED - 22350,,E,,,C,RAN OFF ROAD,G,IMPAIRMENT_NOT_KNOWN,,,M,MALE,,C,CA,W,WHITE,1.0,PassengerCarStationWagonJeep,2015.0,BMW,,,,,,,,,,,,,,
13531658,4352949,2,Driver,,False,,M,AIR BAG NOT DEPLOYED,A,OCCUPANT NONE IN VEHICLE,CELL PHONE NOT IN USE,NONE APPARENT,,S,,,B,PROCEEDING STRAIGHT,G,IMPAIRMENT_NOT_KNOWN,,,F,FEMALE,,C,CA,,,1.0,PassengerCarStationWagonJeep,1963.0,VOLKSWAGEN,,,,,,,,,,,,,,
13531657,4352949,1,Driver,True,False,,M,AIR BAG NOT DEPLOYED,G,OCCUPANT LAP SHOULDER HARNESS USED,CELL PHONE NOT IN USE,VC SECTION VIOLATED - 16028 A / INATTENTION,OTHER,E,,,L,ENTERING TRAFFICD,A,HAD NOT BEEN DRINKING,,,F,FEMALE,,U,CA,,,1.0,PassengerCarStationWagonJeep,2006.0,LEXUS,,,,,,,,,,,,,,
13531652,4352946,3,Driver,,False,,L,AIR BAG DEPLOYED,G,OCCUPANT LAP SHOULDER HARNESS USED,CELL PHONE NOT IN USE,NONE APPARENT,,W,,,B,PROCEEDING STRAIGHT,G,IMPAIRMENT_NOT_KNOWN,,,M,MALE,,C,CA,,,7.0,SportUtilityVehicle,2014.0,NISSAN,,,,,,,,,,,,,,
13531651,4352946,2,Driver,,False,,M,AIR BAG NOT DEPLOYED,G,OCCUPANT LAP SHOULDER HARNESS USED,CELL PHONE NOT IN USE,NONE APPARENT,,W,,,B,PROCEEDING STRAIGHT,G,IMPAIRMENT_NOT_KNOWN,,,F,FEMALE,,C,CA,,,7.0,SportUtilityVehicle,2019.0,GMC,,,,,,,,,,,,,,
13531650,4352946,1,Driver,True,False,,L,AIR BAG DEPLOYED,G,OCCUPANT LAP SHOULDER HARNESS USED,CELL PHONE NOT IN USE,NONE APPARENT,,N,,,B,PROCEEDING STRAIGHT,G,IMPAIRMENT_NOT_KNOWN,,,M,MALE,,C,CA,,,1.0,PassengerCarStationWagonJeep,2024.0,TOYOTA,,,,,,,,,,,,,,
13531587,4352913,2,Pedestrian,,False,,,,,,,NONE APPARENT,,S,,,B,PROCEEDING STRAIGHT,A,HAD NOT BEEN DRINKING,,,M,MALE,,,,,,60.0,Pedestrian,,,,,,,,,,,,,,,,
13531586,4352913,1,Driver,True,False,,M,AIR BAG NOT DEPLOYED,G,OCCUPANT LAP SHOULDER HARNESS USED,,NONE APPARENT,,N,,,D,MAKING RIGHT TURN,A,HAD NOT BEEN DRINKING,,,M,MALE,,C,CA,,,,,2023.0,LINCOLN,,,,,,,,,,,,,,
13531582,4352910,2,Driver,,False,,,,,,,NONE APPARENT,,W,,,E,MAKING LEFT TURN,A,HAD NOT BEEN DRINKING,,,F,FEMALE,,C,CA,,,1.0,PassengerCarStationWagonJeep,2010.0,HONDA,,,,,,,,,,,,,,
13531581,4352910,1,Driver,True,False,,L,AIR BAG DEPLOYED,C,OCCUPANT LAP BELT USED,,VISION OBSCUREMENT,,S,,,B,PROCEEDING STRAIGHT,A,HAD NOT BEEN DRINKING,,,M,MALE,,C,CA,W,WHITE,,,2022.0,CHEVROLET,,,,,,,,,,,,,,
13531534,4352887,2,Driver,,False,,,,,,CELL PHONE NOT IN USE,NONE APPARENT,,,,,A,STOPPED,A,HAD NOT BEEN DRINKING,,,F,FEMALE,,C,CA,,,,,2013.0,HONDA,,,,,,,,,,,,,,
13531533,4352887,1,Driver,,False,,,,,,,INATTENTION,OTHER,,,,M,OTHER UNSAFE TURNING,G,IMPAIRMENT_NOT_KNOWN,,,,,,,,,,,,,FORD,,,,,,,,,,,,,,
13531526,4352884,2,Bicyclist,,False,,,,,,,NONE APPARENT,,N,,,B,PROCEEDING STRAIGHT,A,HAD NOT BEEN DRINKING,,,M,MALE,,,,,,4.0,Bicycle,,,,,,,,,,,,,,,,
13531525,4352884,1,Driver,,False,,M,AIR BAG NOT DEPLOYED,G,OCCUPANT LAP SHOULDER HARNESS USED,,NONE APPARENT,,N,,,B,PROCEEDING STRAIGHT,A,HAD NOT BEEN DRINKING,,,M,MALE,,,,,,,,2007.0,LEXUS,,,,,,,,,,,,,,
13531492,4352866,2,Driver,,False,,B,UNKNOWN,,,,,,N,,,L,ENTERING TRAFFICD,D,HBD-IMPAIRMENT UNKNOWN,,,,,,,,,,,,,,,,,,,,,,,,,,,
13531491,4352866,1,Bicyclist,True,False,,,,,,CELL PHONE NOT IN USE,VC SECTION VIOLATED - 21200 A,,E,,,B,PROCEEDING STRAIGHT,A,HAD NOT BEEN DRINKING,,,M,MALE,,,,W,WHITE,4.0,Bicycle,,,,,,,,,,,,,,,,
13531477,4352856,2,Driver,,False,,M,AIR BAG NOT DEPLOYED,C,OCCUPANT LAP BELT USED,,NONE APPARENT,,E,,,A,STOPPED,A,HAD NOT BEEN DRINKING,,,F,FEMALE,,,CA,B,BLACK,7.0,SportUtilityVehicle,2019.0,JEEP,,,,,,,,,,,,,,
13531476,4352856,1,Driver,True,True,,L,AIR BAG DEPLOYED,B,OCCUPANT UNKNOWN,,NONE APPARENT,,E,,,B,PROCEEDING STRAIGHT,A,HAD NOT BEEN DRINKING,,,M,MALE,,C,CA,,,48.0,PoliceCar,2021.0,DODGE,,,,,,,,,,,,,,
13531474,4352854,2,Driver,,False,,L,AIR BAG DEPLOYED,G,OCCUPANT LAP SHOULDER HARNESS USED,CELL PHONE NOT IN USE,NONE APPARENT,,W,,,B,PROCEEDING STRAIGHT,H,NOT APPLICABLE,,,F,FEMALE,,C,CA,,,,,2015.0,GMC,,,,,,,,,,,,,,
13531473,4352854,1,Driver,True,False,,L,AIR BAG DEPLOYED,G,OCCUPANT LAP SHOULDER HARNESS USED,CELL PHONE NOT IN USE,NONE APPARENT,,S,,,E,MAKING LEFT TURN,H,NOT APPLICABLE,,,M,MALE,,C,CA,,,,,2012.0,HONDA,,,,,,,,,,,,,,
13531464,4352849,2,Driver,,False,,L,AIR BAG DEPLOYED,C,OCCUPANT LAP BELT USED,CELL PHONE NOT IN USE,NONE APPARENT,,W,,,B,PROCEEDING STRAIGHT,H,NOT APPLICABLE,,,M,MALE,,C,CA,,,1.0,PassengerCarStationWagonJeep,2020.0,HONDA,,,,,,,,,,,,,,
13531463,4352849,1,Driver,True,False,,B,UNKNOWN,,,,VC SECTION VIOLATED - 20001 A / NONE APPARENT,,W,,,J,CHANGING LANES,G,IMPAIRMENT_NOT_KNOWN,,,,,,,,,,,,2004.0,FORD,,,,,,,,,,,,,,
13531462,4352848,2,Driver,,False,,,,,,,NONE APPARENT,,S,,,B,PROCEEDING STRAIGHT,A,HAD NOT BEEN DRINKING,,,M,MALE,,C,CA,B,BLACK,,,2014.0,HONDA,,,,,,,,,,,,,,
13531461,4352848,1,Driver,True,False,,M,AIR BAG NOT DEPLOYED,G,OCCUPANT LAP SHOULDER HARNESS USED,,NONE APPARENT,,S,,,J,CHANGING LANES,A,HAD NOT BEEN DRINKING,,,F,FEMALE,,C,CA,,,,,2015.0,HONDA,,,,,,,,,,,,,,
13531446,4352841,2,Driver,,False,,,,,,CELL PHONE NOT IN USE / SCHOOL BUS RELATED,NONE APPARENT,,S,,,B,PROCEEDING STRAIGHT,A,HAD NOT BEEN DRINKING,,,M,MALE,,C,CA,,,,,2023.0,KAWASAKI,,,,,,,,,,,,,,
13531445,4352841,1,Driver,True,False,,M,AIR BAG NOT DEPLOYED,B,OCCUPANT UNKNOWN,CELL PHONE NOT IN USE / SCHOOL BUS RELATED,,,N,,,F,MAKING U TURN,A,HAD NOT BEEN DRINKING,,,F,FEMALE,,,,,,,,2006.0,JEEP,,,,,,,,,,,,,,
13531438,4352837,2,Driver,,False,,B,UNKNOWN,C,OCCUPANT LAP BELT USED,,,,W,,,B,PROCEEDING STRAIGHT,A,HAD NOT BEEN DRINKING,,,M,MALE,,C,CA,,,,,2011.0,TOYOTA,,,,,,,,,,,,,,
13531437,4352837,1,Driver,True,False,,L,AIR BAG DEPLOYED,C,OCCUPANT LAP BELT USED,,,,W,,,B,PROCEEDING STRAIGHT,A,HAD NOT BEEN DRINKING,,,F,FEMALE,,C,CA,,,,,2014.0,FORD,,,,,,,,,,,,,,
13531410,4352826,2,Driver,,False,,L,AIR BAG DEPLOYED,C,OCCUPANT LAP BELT USED,,,,S,,,B,PROCEEDING STRAIGHT,,,,,M,MALE,,,,,,,,2012.0,NISSAN,,,,,,,,,,,,,,
13531409,4352826,1,Driver,True,False,,P,NOT REQUIRED,B,OCCUPANT UNKNOWN,,RUNAWAY VEHICLE,,N,,,C,RAN OFF ROAD,D,HBD-IMPAIRMENT UNKNOWN,,,M,MALE,,C,CA,,,,,2000.0,TOYOTA,,,,,,,,,,,,,,
13531389,4352815,1,Driver,True,False,,P,NOT REQUIRED,,,,,,W,,,B,PROCEEDING STRAIGHT,A,HAD NOT BEEN DRINKING,,,M,MALE,,C,CA,,,,,2017.0,KAWASAKI,,,,,,,,,,,,,,
13531388,4352814,2,Driver,,False,,M,AIR BAG NOT DEPLOYED,B,OCCUPANT UNKNOWN,,NONE APPARENT,,N,,,B,PROCEEDING STRAIGHT,A,HAD NOT BEEN DRINKING,,,M,MALE,,C,CA,,,,,2015.0,TOYOTA,,,,,,,,,,,,,,
13531387,4352814,1,Driver,True,False,,L,AIR BAG DEPLOYED,B,OCCUPANT UNKNOWN,,NONE APPARENT,,S,,,E,MAKING LEFT TURN,A,HAD NOT BEEN DRINKING,,,M,MALE,,C,CA,,,,,2015.0,VOLKSWAGEN,,,,,,,,,,,,,,
13531374,4352807,2,Driver,,False,,M,AIR BAG NOT DEPLOYED,G,OCCUPANT LAP SHOULDER HARNESS USED,,NONE APPARENT,,E,,,A,STOPPED,A,HAD NOT BEEN DRINKING,,,M,MALE,,C,CA,,,,,2017.0,HONDA,,,,,,,,,,,,,,
13531373,4352807,1,Driver,True,False,,M,AIR BAG NOT DEPLOYED,G,OCCUPANT LAP SHOULDER HARNESS USED,,INATTENTION,OTHER,E,,,B,PROCEEDING STRAIGHT,A,HAD NOT BEEN DRINKING,,,M,MALE,,C,CA,,,,,2004.0,TOYOTA,,,,,,,,,,,,,,
13531370,4352805,2,Driver,,False,,L,AIR BAG DEPLOYED,G,OCCUPANT LAP SHOULDER HARNESS USED,,,,W,,,B,PROCEEDING STRAIGHT,A,HAD NOT BEEN DRINKING,,,F,FEMALE,,C,CA,,,,,2008.0,HONDA,,,,,,,,,,,,,,
13531369,4352805,1,Driver,True,False,,M,AIR BAG NOT DEPLOYED,G,OCCUPANT LAP SHOULDER HARNESS USED,,,,W,,,J,CHANGING LANES,A,HAD NOT BEEN DRINKING,,,M,MALE,,C,CA,,,,,2006.0,TOYOTA,,,,,,,,,,,,,,
13531366,4352803,3,Driver,,False,,B,UNKNOWN,C,OCCUPANT LAP BELT USED,,NONE APPARENT,,W,,,E,MAKING LEFT TURN,A,HAD NOT BEEN DRINKING,,,M,MALE,,C,CA,W,WHITE,,,2021.0,LAND ROVER,,,,,,,,,,,,,,
13531365,4352803,2,Driver,,False,,B,UNKNOWN,,,,NONE APPARENT,,W,,,E,MAKING LEFT TURN,A,HAD NOT BEEN DRINKING,,,,,,,,,,,,2022.0,TOYOTA,,,,,,,,,,,,,,
13531364,4352803,1,Driver,True,False,,B,UNKNOWN,,,,VC SECTION VIOLATED - 21453 A / NONE APPARENT,,E,,,B,PROCEEDING STRAIGHT,D,HBD-IMPAIRMENT UNKNOWN,,,,,,,,,,,,,TOYOTA,,,,,,,,,,,,,,
13531311,4352776,2,Driver,,False,,M,AIR BAG NOT DEPLOYED,G,OCCUPANT LAP SHOULDER HARNESS USED,CELL PHONE NOT IN USE,NONE APPARENT,,S,,,E,MAKING LEFT TURN,A,HAD NOT BEEN DRINKING,,,F,FEMALE,,F,ID,,,1.0,PassengerCarStationWagonJeep,2015.0,DODGE,,,,,,,,,,,,,,
13531310,4352776,1,Driver,True,False,,M,AIR BAG NOT DEPLOYED,G,OCCUPANT LAP SHOULDER HARNESS USED,CELL PHONE NOT IN USE,NONE APPARENT,,E,,,B,PROCEEDING STRAIGHT,A,HAD NOT BEEN DRINKING,,,F,FEMALE,,C,CA,W,WHITE,7.0,SportUtilityVehicle,2024.0,TOYOTA,,,,,,,,,,,,,,
13531282,4352762,3,Driver,,False,,M,AIR BAG NOT DEPLOYED,G,OCCUPANT LAP SHOULDER HARNESS USED,,NONE APPARENT,,S,,,B,PROCEEDING STRAIGHT,A,HAD NOT BEEN DRINKING,,,M,MALE,,C,CA,,,22.0,PickupsAndPanels,2000.0,FORD,,,,,,,,,,,,,,
13531281,4352762,2,Driver,,False,,L,AIR BAG DEPLOYED,G,OCCUPANT LAP SHOULDER HARNESS USED,,NONE APPARENT,,S,,,B,PROCEEDING STRAIGHT,A,HAD NOT BEEN DRINKING,,,F,FEMALE,,F,TX,,,7.0,SportUtilityVehicle,2017.0,MAZDA,,,,,,,,,,,,,,
13531280,4352762,1,Driver,True,False,,L,AIR BAG DEPLOYED,G,OCCUPANT LAP SHOULDER HARNESS USED,,NONE APPARENT,,S,,,B,PROCEEDING STRAIGHT,A,HAD NOT BEEN DRINKING,,,M,MALE,,F,UT,W,WHITE,7.0,SportUtilityVehicle,2023.0,TOYOTA,,,,,,,,,,,,,,
13531266,4352756,2,ParkedVehicle,,False,,,,,,,NONE APPARENT,,,,,O,PARKED,H,NOT APPLICABLE,,,,,,,,,,1.0,PassengerCarStationWagonJeep,2013.0,HONDA,,,,,,,,,,,,,,
13531265,4352756,1,Driver,True,False,,M,AIR BAG NOT DEPLOYED,G,OCCUPANT LAP SHOULDER HARNESS USED,,NONE APPARENT,,E,,,B,PROCEEDING STRAIGHT,A,HAD NOT BEEN DRINKING,,,M,MALE,,C,CA,,,1.0,PassengerCarStationWagonJeep,2010.0,VOLKSWAGEN,,,,,,,,,,,,,,
13531262,4352755,2,Bicyclist,,False,,,,,,,,,W,,,A,STOPPED,,,,,M,MALE,,,,,,4.0,Bicycle,,,,,,,,,,,,,,,,
13531261,4352755,1,Driver,True,False,,M,AIR BAG NOT DEPLOYED,G,OCCUPANT LAP SHOULDER HARNESS USED,,,,N,,,D,MAKING RIGHT TURN,A,HAD NOT BEEN DRINKING,,,M,MALE,,C,CA,,,1.0,PassengerCarStationWagonJeep,2022.0,TOYOTA,,,,,,,,,,,,,,
13531249,4352748,2,ParkedVehicle,,False,,,,,,,NONE APPARENT,,,,,O,PARKED,H,NOT APPLICABLE,,,,,,,,,,1.0,PassengerCarStationWagonJeep,2008.0,HONDA,,,,,,,,,,,,,,
13531248,4352748,1,Driver,True,False,,L,AIR BAG DEPLOYED,W,MOTOR BICYCLE DRIVER WITH HELMET,,VC SECTION VIOLATED - 23152 B,,N,,,B,PROCEEDING STRAIGHT,B,HBD-UNDER INFLUENCE,,,M,MALE,,C,CA,,,7.0,SportUtilityVehicle,2011.0,ACURA,,,,,,,,,,,,,,
13531247,4352747,1,Driver,True,False,,L,AIR BAG DEPLOYED,G,OCCUPANT LAP SHOULDER HARNESS USED,,NONE APPARENT,,S,,,D,MAKING RIGHT TURN,A,HAD NOT BEEN DRINKING,,,M,MALE,,C,CA,,,1.0,PassengerCarStationWagonJeep,2009.0,DODGE,,,,,,,,,,,,,,
13531243,4352744,2,Pedestrian,,False,,,,,,,VISION OBSCUREMENT,,S,,,B,PROCEEDING STRAIGHT,A,HAD NOT BEEN DRINKING,,,F,FEMALE,,,,,,60.0,Pedestrian,,,,,,,,,,,,,,,,
13531242,4352744,1,Driver,True,False,,M,AIR BAG NOT DEPLOYED,G,OCCUPANT LAP SHOULDER HARNESS USED,,VC SECTION VIOLATED - 21950 A,,S,,,A,STOPPED,A,HAD NOT BEEN DRINKING,,,M,MALE,,C,CA,,,1.0,PassengerCarStationWagonJeep,2013.0,TESLA,,,,,,,,,,,,,,
13531239,4352742,2,Driver,,False,,P,NOT REQUIRED,U,CHILD RESTRAINT NONE IN VEHICLE,,NONE APPARENT,,S,,,B,PROCEEDING STRAIGHT,A,HAD NOT BEEN DRINKING,,,F,FEMALE,,C,CA,W,WHITE,2.0,Motorcycle,2003.0,HARLEY-DAVIDSON,,,,,,,,,,,,,,
13531238,4352742,1,Driver,True,False,,M,AIR BAG NOT DEPLOYED,Q,CHILD IN VEHICLE USED,,NONE APPARENT,,S,,,B,PROCEEDING STRAIGHT,A,HAD NOT BEEN DRINKING,,,F,FEMALE,,C,CA,,,1.0,PassengerCarStationWagonJeep,2002.0,HONDA,,,,,,,,,,,,,,
13531229,4352738,2,Driver,,False,,M,AIR BAG NOT DEPLOYED,G,OCCUPANT LAP SHOULDER HARNESS USED,CELL PHONE NOT IN USE,NONE APPARENT,,N,,,B,PROCEEDING STRAIGHT,A,HAD NOT BEEN DRINKING,,,M,MALE,,C,CA,,,1.0,PassengerCarStationWagonJeep,2023.0,SUBARU,,,,,,,,,,,,,,