PartyId,CollisionId,PartyNumber,PartyType,IsAtFault,IsOnDutyEmergencyVehicle,IsHitAndRun,AirbagCode,AirbagDescription,SafetyEquipmentCode,SafetyEquipmentDescription,Special Information,Other Associate Factor,Inattention,DirectionOfTravel,StreetOrHighwayName,SpeedLimit,MovementPrecCollCode,MovementPrecCollDescription,SobrietyDrugPhysicalCode1,SobrietyDrugPhysicalDescription1,SobrietyDrugPhysicalCode2,SobrietyDrugPhysicalDescription2,GenderCode,GenderDescription,StatedAge,DriverLicenseClass,DriverLicenseStateCode,RaceCode,RaceDesc,Vehicle1TypeId, Vehicle1TypeDesc, Vehicle1Year,Vehicle1Make,Vehicle1Model,Vehicle1Color,V1IsVehicleTowed,Vehicle2TypeId, Vehicle2TypeDesc, Vehicle2Year,Vehicle2Make,Vehicle2Model,Vehicle2Color,V2IsVehicleTowed,Lane,ThruLanes,TotalLanes,IsDREConducted
13641793,4409372,2,ParkedVehicle,,False,,,,,,,,,,,,O,PARKED,,,,,,,,,,,,,,2009.0,NISSAN,,,,,,,,,,,,,,
13641792,4409372,1,Driver,True,False,,L,AIR BAG DEPLOYED,B,OCCUPANT UNKNOWN,,,,N,,,B,PROCEEDING STRAIGHT,B,HBD-UNDER INFLUENCE,,,M,MALE,,,,,,,,1998.0,HONDA,,,,,,,,,,,,,,
13641775,4409362,5,Driver,,False,,M,AIR BAG NOT DEPLOYED,B,OCCUPANT UNKNOWN,,NONE APPARENT,,S,,,A,STOPPED,A,HAD NOT BEEN DRINKING,,,M,MALE,,,CA,,,,,2021.0,,,,,,,,,,,,,,,
13641774,4409362,4,Driver,,False,,M,AIR BAG NOT DEPLOYED,B,OCCUPANT UNKNOWN,,NONE APPARENT,,S,,,A,STOPPED,A,HAD NOT BEEN DRINKING,,,M,MALE,,,CA,,,,,2015.0,HONDA,,,,,,,,,,,,,,
13641773,4409362,3,Driver,,False,,L,AIR BAG DEPLOYED,B,OCCUPANT UNKNOWN,,NONE APPARENT,,S,,,A,STOPPED,A,HAD NOT BEEN DRINKING,,,U,UNKNOWN,,C,CA,,,,,2016.0,HONDA,,,,,,,,,,,,,,
13641772,4409362,2,Driver,,False,,L,AIR BAG DEPLOYED,B,OCCUPANT UNKNOWN,,NONE APPARENT,,E,,,B,PROCEEDING STRAIGHT,A,HAD NOT BEEN DRINKING,,,M,MALE,,U,CA,,,,,2020.0,HONDA,,,,,,,,,,,,,,
13641771,4409362,1,Driver,True,False,,L,AIR BAG DEPLOYED,B,OCCUPANT UNKNOWN,,VC SECTION VIOLATED - 21453 / NONE APPARENT,,S,,,B,PROCEEDING STRAIGHT,B,HBD-UNDER INFLUENCE,,,F,FEMALE,,U,CA,,,,,2004.0,HONDA,,,,,,,,,,,,,,
13641726,4409340,2,Driver,,False,,L,AIR BAG DEPLOYED,G,OCCUPANT LAP SHOULDER HARNESS USED,,VC SECTION VIOLATED - 21806 / NONE APPARENT,,E,,,B,PROCEEDING STRAIGHT,A,HAD NOT BEEN DRINKING,,,M,MALE,,,CA,W,WHITE,1.0,PassengerCarStationWagonJeep,2019.0,HONDA,,,,,,,,,,,,,,
13641725,4409340,1,Driver,True,True,,L,AIR BAG DEPLOYED,G,OCCUPANT LAP SHOULDER HARNESS USED,,NONE APPARENT,,N,,,E,MAKING LEFT TURN,A,HAD NOT BEEN DRINKING,,,M,MALE,,,CA,W,WHITE,48.0,PoliceCar,2021.0,FORD,,,,,,,,,,,,,,
13641700,4409328,2,Driver,,False,,L,AIR BAG DEPLOYED,C,OCCUPANT LAP BELT USED,,NONE APPARENT,,S,,,B,PROCEEDING STRAIGHT,A,HAD NOT BEEN DRINKING,,,M,MALE,,C,CA,B,BLACK,,,2006.0,TOYOTA,,,,,,,,,,,,,,
13641699,4409328,1,Driver,True,False,,L,AIR BAG DEPLOYED,C,OCCUPANT LAP BELT USED,,VC SECTION VIOLATED - 22350 / INATTENTION,OTHER,W,,,B,PROCEEDING STRAIGHT,A,HAD NOT BEEN DRINKING,,,F,FEMALE,,C,CA,W,WHITE,,,2014.0,FORD,,,,,,,,,,,,,,
13641692,4409324,2,Driver,,False,,,,,,,,,E,,,B,PROCEEDING STRAIGHT,A,HAD NOT BEEN DRINKING,,,F,FEMALE,,C,CA,W,WHITE,,,2014.0,NISSAN,,,,,,,,,,,,,,
13641691,4409324,1,Driver,,False,,,,,,,,,,,,E,MAKING LEFT TURN,G,IMPAIRMENT_NOT_KNOWN,,,F,FEMALE,,C,CA,A,ASIAN,,,2011.0,TOYOTA,,,,,,,,,,,,,,
13641683,4409320,3,Driver,,False,False,M,AIR BAG NOT DEPLOYED,G,OCCUPANT LAP SHOULDER HARNESS USED,CELL PHONE NOT IN USE,NONE APPARENT,,N,SR-87 N/B TO I-280 S/B,65.0,A,STOPPED,A,HAD NOT BEEN DRINKING,,,F,FEMALE,22.0,C,CA,H,HISPANIC,1.0,PassengerCarStationWagonJeep,2017.0,HOND,ACCORD,GRY,False,,,,,,,,2,2.0,2.0,False
13641682,4409320,2,Driver,,False,False,M,AIR BAG NOT DEPLOYED,G,OCCUPANT LAP SHOULDER HARNESS USED,CELL PHONE NOT IN USE,NONE APPARENT,,N,SR-87 N/B TO I-280 S/B,65.0,A,STOPPED,A,HAD NOT BEEN DRINKING,,,M,MALE,27.0,C,CA,A,ASIAN,1.0,PassengerCarStationWagonJeep,2018.0,TSMR,3,BLK,True,,,,,,,,2,2.0,2.0,False
13641681,4409320,1,Driver,True,False,False,M,AIR BAG NOT DEPLOYED,G,OCCUPANT LAP SHOULDER HARNESS USED,CELL PHONE NOT IN USE,NONE APPARENT,,N,SR-87 N/B TO I-280 S/B ,65.0,B,PROCEEDING STRAIGHT,A,HAD NOT BEEN DRINKING,,,F,FEMALE,37.0,B,CA,W,WHITE,7.0,SportUtilityVehicle,2015.0,AUDI, Q5,WHI,True,,,,,,,,2,2.0,2.0,False
13641664,4409310,2,Driver,,False,,M,AIR BAG NOT DEPLOYED,C,OCCUPANT LAP BELT USED,,NONE APPARENT,,W,,,B,PROCEEDING STRAIGHT,A,HAD NOT BEEN DRINKING,,,F,FEMALE,,C,CA,W,WHITE,,,2011.0,TOYOTA,,,,,,,,,,,,,,
13641663,4409310,1,Driver,True,False,,M,AIR BAG NOT DEPLOYED,C,OCCUPANT LAP BELT USED,,VC SECTION VIOLATED - 20001 / NONE APPARENT,,W,,,D,MAKING RIGHT TURN,A,HAD NOT BEEN DRINKING,,,M,MALE,,U,CA,,,,,2003.0,FORD,,,,,,,,,,,,,,
13641660,4409307,2,Driver,,False,,L,AIR BAG DEPLOYED,C,OCCUPANT LAP BELT USED,,,,S,,,B,PROCEEDING STRAIGHT,A,HAD NOT BEEN DRINKING,,,M,MALE,,C,CA,,,,,2012.0,FORD,,,,,,,,,,,,,,
13641659,4409307,1,Driver,True,False,,L,AIR BAG DEPLOYED,C,OCCUPANT LAP BELT USED,,,,S,,,E,MAKING LEFT TURN,A,HAD NOT BEEN DRINKING,,,M,MALE,,C,CA,,,,,2021.0,TOYOTA,,,,,,,,,,,,,,
13641480,4409214,1,Driver,True,False,False,L,AIR BAG DEPLOYED,G,OCCUPANT LAP SHOULDER HARNESS USED,CELL PHONE NOT IN USE,VC SECTION VIOLATED - VC 22107,,S,US-101 S/B,65.0,R,OTHER,B,HBD-UNDER INFLUENCE,,,F,FEMALE,22.0,C,CA,O,OTHER,1.0,PassengerCarStationWagonJeep,2002.0,MERZ,CL600,BLK,True,,,,,,,,4,4.0,4.0,False
13641224,4409087,4,Driver,,False,False,M,AIR BAG NOT DEPLOYED,G,OCCUPANT LAP SHOULDER HARNESS USED,CELL PHONE NOT IN USE,NONE APPARENT,,N,I-880 N/B,65.0,B,PROCEEDING STRAIGHT,A,HAD NOT BEEN DRINKING,,,M,MALE,59.0,C,CA,O,OTHER,7.0,SportUtilityVehicle,2023.0,BMW,X7,WHI,False,,,,,,,,2,4.0,4.0,False
13641223,4409087,3,Driver,,False,False,M,AIR BAG NOT DEPLOYED,G,OCCUPANT LAP SHOULDER HARNESS USED,CELL PHONE NOT IN USE,NONE APPARENT,,N,I-880 N/B,65.0,B,PROCEEDING STRAIGHT,A,HAD NOT BEEN DRINKING,,,M,MALE,29.0,C,CA,H,HISPANIC,8.0,MiniVan,2023.0,CHEV,EXPRESS,WHI,False,,,,,,,,4,4.0,4.0,False
13641222,4409087,2,Driver,,False,False,M,AIR BAG NOT DEPLOYED,G,OCCUPANT LAP SHOULDER HARNESS USED,CELL PHONE NOT IN USE,NONE APPARENT,,N,I-880 N/B,65.0,J,CHANGING LANES,A,HAD NOT BEEN DRINKING,,,M,MALE,23.0,C,CA,H,HISPANIC,1.0,PassengerCarStationWagonJeep,2008.0,BMW,528I,WHI,True,,,,,,,,4,4.0,4.0,False
13641221,4409087,1,Driver,True,False,False,L,AIR BAG DEPLOYED,G,OCCUPANT LAP SHOULDER HARNESS USED,CELL PHONE NOT IN USE,NONE APPARENT,,N,I-880 N/B,65.0,B,PROCEEDING STRAIGHT,A,HAD NOT BEEN DRINKING,,,F,FEMALE,35.0,C,CA,H,HISPANIC,7.0,SportUtilityVehicle,2015.0,DODG,JOURNEY,GRY,True,,,,,,,,4,4.0,4.0,False
13641172,4409061,3,Driver,,False,False,M,AIR BAG NOT DEPLOYED,G,OCCUPANT LAP SHOULDER HARNESS USED,CELL PHONE NOT IN USE,NONE APPARENT,,N,I-680 N/B ,65.0,B,PROCEEDING STRAIGHT,A,HAD NOT BEEN DRINKING,,,F,FEMALE,39.0,C,CA,H,HISPANIC,22.0,PickupsAndPanels,2011.0,GMC,SIERRA,WHI,False,,,,,,,,2,4.0,7.0,False
13641171,4409061,2,Driver,,False,False,M,AIR BAG NOT DEPLOYED,G,OCCUPANT LAP SHOULDER HARNESS USED,CELL PHONE NOT IN USE,NONE APPARENT,,N,I-680 N/B,65.0,B,PROCEEDING STRAIGHT,A,HAD NOT BEEN DRINKING,,,M,MALE,85.0,C,CA,A,ASIAN,8.0,MiniVan,2015.0,TOYT,SIENNA,SIL,False,,,,,,,,2,4.0,7.0,False
13641170,4409061,1,Driver,True,False,True,M,AIR BAG NOT DEPLOYED,B,OCCUPANT UNKNOWN,CELL PHONE USE UNKNOWN,NONE APPARENT,,N,I-680 N/B,65.0,R,OTHER,G,IMPAIRMENT_NOT_KNOWN,,,,,,,,,,1.0,PassengerCarStationWagonJeep,2001.0,MERZ,E430,BLK,False,,,,,,,,3,4.0,7.0,False
13641166,4409058,2,Driver,True,False,True,B,UNKNOWN,B,OCCUPANT UNKNOWN,CELL PHONE USE UNKNOWN,NONE APPARENT,,S,SR-87 SB ,65.0,B,PROCEEDING STRAIGHT,G,IMPAIRMENT_NOT_KNOWN,,,,,,,,,,99.0,OtherUnknownHitAndRunDriver,,,,,False,,,,,,,,3,3.0,4.0,False
13641165,4409058,1,Driver,,False,False,M,AIR BAG NOT DEPLOYED,G,OCCUPANT LAP SHOULDER HARNESS USED,CELL PHONE NOT IN USE,NONE APPARENT,,S,SR-87 SB,65.0,B,PROCEEDING STRAIGHT,A,HAD NOT BEEN DRINKING,,,M,MALE,29.0,C,CA,O,OTHER,1.0,PassengerCarStationWagonJeep,2020.0,TESL,S,WHI,False,,,,,,,,3,3.0,4.0,False
13640672,4408799,2,Driver,,False,,M,AIR BAG NOT DEPLOYED,W,MOTOR BICYCLE DRIVER WITH HELMET,,NONE APPARENT,,W,,,B,PROCEEDING STRAIGHT,A,HAD NOT BEEN DRINKING,,,F,FEMALE,,C,CA,,,,,2009.0,TOYOTA,,,,,,,,,,,,,,
13640671,4408799,1,Driver,True,False,,M,AIR BAG NOT DEPLOYED,W,MOTOR BICYCLE DRIVER WITH HELMET,,NONE APPARENT,,W,,,A,STOPPED,A,HAD NOT BEEN DRINKING,,,M,MALE,,C,CA,W,WHITE,,,2002.0,CHEVROLET,,,,,,,,,,,,,,
13640589,4408761,2,Bicyclist,,False,,,,,,,,,W,,,B,PROCEEDING STRAIGHT,A,HAD NOT BEEN DRINKING,,,M,MALE,,,,,,4.0,Bicycle,,,,,,,,,,,,,,,,
13640588,4408761,1,Driver,True,False,,M,AIR BAG NOT DEPLOYED,B,OCCUPANT UNKNOWN,,,,N,,,D,MAKING RIGHT TURN,G,IMPAIRMENT_NOT_KNOWN,,,F,FEMALE,,,,,,,,2013.0,HONDA,,,,,,,,,,,,,,
13640569,4408751,2,Driver,,False,,M,AIR BAG NOT DEPLOYED,C,OCCUPANT LAP BELT USED,,,,S,,,B,PROCEEDING STRAIGHT,H,NOT APPLICABLE,,,M,MALE,,,,,,,,2019.0,NISSAN,,,,,,,,,,,,,,
13640568,4408751,1,Driver,True,False,,M,AIR BAG NOT DEPLOYED,C,OCCUPANT LAP BELT USED,,,,S,,,E,MAKING LEFT TURN,H,NOT APPLICABLE,,,F,FEMALE,,,,W,WHITE,,,2021.0,HONDA,,,,,,,,,,,,,,
13640558,4408744,2,Driver,,False,,L,AIR BAG DEPLOYED,G,OCCUPANT LAP SHOULDER HARNESS USED,,,,S,,,B,PROCEEDING STRAIGHT,A,HAD NOT BEEN DRINKING,,,F,FEMALE,,,,,,,,2005.0,TOYOTA,,,,,,,,,,,,,,
13640557,4408744,1,Driver,True,False,,M,AIR BAG NOT DEPLOYED,B,OCCUPANT UNKNOWN,,,,E,,,B,PROCEEDING STRAIGHT,D,HBD-IMPAIRMENT UNKNOWN,,,,,,,,,,,,2005.0,FORD,,,,,,,,,,,,,,
13639709,4408312,2,Driver,,False,False,M,AIR BAG NOT DEPLOYED,G,OCCUPANT LAP SHOULDER HARNESS USED,CELL PHONE NOT IN USE,NONE APPARENT,,S,US-101 S/B,55.0,B,PROCEEDING STRAIGHT,A,HAD NOT BEEN DRINKING,,,M,MALE,61.0,A,CA,W,WHITE,27.0,ThreeOrMoreAxleTruck,2019.0,KW,T800,BLU/WHI,False,31.0,SemiTrailer,2015.0,RCKLY,TRAILER,GRY/WHI,,2,5.0,6.0,False
13639708,4408312,1,Driver,True,False,False,M,AIR BAG NOT DEPLOYED,G,OCCUPANT LAP SHOULDER HARNESS USED,CELL PHONE NOT IN USE,NONE APPARENT,,S,US-101 S/B,65.0,B,PROCEEDING STRAIGHT,A,HAD NOT BEEN DRINKING,,,M,MALE,48.0,C,CA,H,HISPANIC,22.0,PickupsAndPanels,2019.0,RAM,1500,WHI,False,,,,,,,,2,5.0,6.0,False
13639130,4408018,2,Driver,,False,,B,UNKNOWN,,,,,,S,,,O,PARKED,A,HAD NOT BEEN DRINKING,,,M,MALE,,C,CA,,,,,2015.0,HONDA,,,,,,,,,,,,,,
13639129,4408018,1,Driver,True,False,,L,AIR BAG DEPLOYED,B,OCCUPANT UNKNOWN,,VC SECTION VIOLATED - 22350,,S,,,E,MAKING LEFT TURN,B,HBD-UNDER INFLUENCE,F,IMPAIRMENT-PHYSICAL,U,UNKNOWN,,U,CA,B,BLACK,,,2014.0,BMW,,,,,,,,,,,,,,
13639105,4408009,2,Driver,,False,,,,,,,,,,,,,,,,,,F,FEMALE,,,CA,W,WHITE,,,2015.0,HONDA,,,,,,,,,,,,,,
13639104,4408009,1,Bicyclist,True,False,,,,,,,NONE APPARENT,,E,,,B,PROCEEDING STRAIGHT,A,HAD NOT BEEN DRINKING,,,M,MALE,,,,W,WHITE,4.0,Bicycle,,,,,,,,,,,,,,,,
13638848,4407884,2,Driver,,False,,L,AIR BAG DEPLOYED,C,OCCUPANT LAP BELT USED,CELL PHONE NOT IN USE,NONE APPARENT,,S,,,E,MAKING LEFT TURN,A,HAD NOT BEEN DRINKING,,,F,FEMALE,,,CA,,,,,2015.0,TOYOTA,,,,,,,,,,,,,,
13638847,4407884,1,Driver,True,False,,L,AIR BAG DEPLOYED,C,OCCUPANT LAP BELT USED,CELL PHONE NOT IN USE,NONE APPARENT,,N,,,B,PROCEEDING STRAIGHT,A,HAD NOT BEEN DRINKING,,,M,MALE,,,CA,,,,,2006.0,JEEP,,,,,,,,,,,,,,
13638844,4407883,2,Driver,,False,,M,AIR BAG NOT DEPLOYED,G,OCCUPANT LAP SHOULDER HARNESS USED,CELL PHONE NOT IN USE,ENTERING OR LEAVING RAMP / NONE APPARENT,,E,,,A,STOPPED,A,HAD NOT BEEN DRINKING,,,F,FEMALE,,,CA,,,,,,VOLKSWAGEN,,,,,,,,,,,,,,
13638843,4407883,1,Driver,,False,,M,AIR BAG NOT DEPLOYED,G,OCCUPANT LAP SHOULDER HARNESS USED,CELL PHONE NOT IN USE,NONE APPARENT,,S,,,B,PROCEEDING STRAIGHT,A,HAD NOT BEEN DRINKING,,,M,MALE,,,CA,,,,,2023.0,TESLA,,,,,,,,,,,,,,
13638810,4407866,3,Driver,,False,False,M,AIR BAG NOT DEPLOYED,G,OCCUPANT LAP SHOULDER HARNESS USED,CELL PHONE NOT IN USE,NONE APPARENT,,E,SR-237 E/B,65.0,H,SLOWING/STOPPING,A,HAD NOT BEEN DRINKING,,,M,MALE,62.0,C,CA,A,ASIAN,7.0,SportUtilityVehicle,2022.0,TSMR,Y,GRY,False,,,,,,,,1,2.0,4.0,False
13638809,4407866,2,Driver,,False,False,M,AIR BAG NOT DEPLOYED,G,OCCUPANT LAP SHOULDER HARNESS USED,CELL PHONE NOT IN USE,VC SECTION VIOLATED - VC 22350,,E,SR-237 E/B,65.0,B,PROCEEDING STRAIGHT,A,HAD NOT BEEN DRINKING,,,M,MALE,65.0,C,CA,W,WHITE,1.0,PassengerCarStationWagonJeep,2020.0,HYUN,IONIC,SIL,True,,,,,,,,1,2.0,4.0,False
13638808,4407866,1,Driver,True,False,False,M,AIR BAG NOT DEPLOYED,G,OCCUPANT LAP SHOULDER HARNESS USED,CELL PHONE NOT IN USE,NONE APPARENT,,E,SR-237 E/B,65.0,B,PROCEEDING STRAIGHT,A,HAD NOT BEEN DRINKING,,,M,MALE,34.0,C,CA,W,WHITE,1.0,PassengerCarStationWagonJeep,2015.0,KIA,OPTIMA,BLK,False,,,,,,,,1,2.0,4.0,False
13638663,4407798,2,Driver,,False,False,M,AIR BAG NOT DEPLOYED,G,OCCUPANT LAP SHOULDER HARNESS USED,CELL PHONE NOT IN USE,NONE APPARENT,,N,I-280 N/B,65.0,A,STOPPED,A,HAD NOT BEEN DRINKING,,,M,MALE,63.0,C,CA,A,ASIAN,7.0,SportUtilityVehicle,2004.0,HOND,PILOT,SIL,False,,,,,,,,4,4.0,4.0,False
13638662,4407798,1,Driver,True,False,False,M,AIR BAG NOT DEPLOYED,G,OCCUPANT LAP SHOULDER HARNESS USED,CELL PHONE NOT IN USE,NONE APPARENT,,N,I-280 N/B,65.0,B,PROCEEDING STRAIGHT,A,HAD NOT BEEN DRINKING,,,F,FEMALE,55.0,C,CA,H,HISPANIC,1.0,PassengerCarStationWagonJeep,2014.0,HOND,ACCORD,SIL,False,,,,,,,,4,4.0,4.0,False
13638593,4407762,4,Driver,,False,,M,AIR BAG NOT DEPLOYED,G,OCCUPANT LAP SHOULDER HARNESS USED,,,,E,,,A,STOPPED,A,HAD NOT BEEN DRINKING,,,F,FEMALE,,,CA,,,1.0,PassengerCarStationWagonJeep,2022.0,HONDA,,,,,,,,,,,,,,
13638592,4407762,3,Driver,,False,,M,AIR BAG NOT DEPLOYED,G,OCCUPANT LAP SHOULDER HARNESS USED,,,,E,,,A,STOPPED,A,HAD NOT BEEN DRINKING,,,F,FEMALE,,,CA,,,,,2022.0,VOLKSWAGEN,,,,,,,,,,,,,,
13638591,4407762,2,Driver,,False,,M,AIR BAG NOT DEPLOYED,G,OCCUPANT LAP SHOULDER HARNESS USED,,,,E,,,A,STOPPED,A,HAD NOT BEEN DRINKING,,,M,MALE,,,CA,B,BLACK,,,2001.0,TOYOTA,,,,,,,,,,,,,,
13638590,4407762,1,Driver,True,False,,M,AIR BAG NOT DEPLOYED,G,OCCUPANT LAP SHOULDER HARNESS USED,,,,E,,,B,PROCEEDING STRAIGHT,B,HBD-UNDER INFLUENCE,,,M,MALE,,,CA,W,WHITE,1.0,PassengerCarStationWagonJeep,2014.0,FORD,,,,,,,,,,,,,,
13638581,4407757,2,Driver,,False,False,M,AIR BAG NOT DEPLOYED,G,OCCUPANT LAP SHOULDER HARNESS USED,CELL PHONE NOT IN USE,NONE APPARENT,,S,I-880 S/B,65.0,B,PROCEEDING STRAIGHT,A,HAD NOT BEEN DRINKING,,,F,FEMALE,34.0,C,CA,W,WHITE,1.0,PassengerCarStationWagonJeep,2022.0,MAZD,MAZDA 3,RED,False,,,,,,,,2,3.0,4.0,False
13638580,4407757,1,Driver,True,False,False,M,AIR BAG NOT DEPLOYED,G,OCCUPANT LAP SHOULDER HARNESS USED,CELL PHONE NOT IN USE,NONE APPARENT,,S,I-880 S/B,65.0,B,PROCEEDING STRAIGHT,A,HAD NOT BEEN DRINKING,,,F,FEMALE,50.0,C,CA,A,ASIAN,1.0,PassengerCarStationWagonJeep,2014.0,CHEV,VOLT,SIL,False,,,,,,,,2,3.0,4.0,False
13638520,4407725,2,Driver,,False,False,M,AIR BAG NOT DEPLOYED,G,OCCUPANT LAP SHOULDER HARNESS USED,CELL PHONE NOT IN USE,NONE APPARENT,,S,SR-85 S/B,65.0,H,SLOWING/STOPPING,A,HAD NOT BEEN DRINKING,,,F,FEMALE,47.0,C,CA,O,OTHER,1.0,PassengerCarStationWagonJeep,2022.0,TESL,3,GRY,False,,,,,,,,HOV,2.0,3.0,False
13638519,4407725,1,Driver,True,False,False,L,AIR BAG DEPLOYED,G,OCCUPANT LAP SHOULDER HARNESS USED,CELL PHONE NOT IN USE,NONE APPARENT,,S,SR-85 S/B,65.0,B,PROCEEDING STRAIGHT,A,HAD NOT BEEN DRINKING,,,F,FEMALE,41.0,C,CA,H,HISPANIC,1.0,PassengerCarStationWagonJeep,2021.0,HOND,ACCORD,WHI,False,,,,,,,,HOV,2.0,3.0,False
13638508,4407719,2,Bicyclist,,False,,,,,,,NONE APPARENT,,S,,,A,STOPPED,A,HAD NOT BEEN DRINKING,,,M,MALE,,,,,,4.0,Bicycle,,,,,,,,,,,,,,,,
13638507,4407719,1,Driver,True,False,,M,AIR BAG NOT DEPLOYED,B,OCCUPANT UNKNOWN,,NONE APPARENT,,S,,,O,PARKED,A,HAD NOT BEEN DRINKING,,,M,MALE,,C,CA,,,,,2020.0,VOLKSWAGEN,,,,,,,,,,,,,,
13638377,4407655,2,Driver,,False,,M,AIR BAG NOT DEPLOYED,C,OCCUPANT LAP BELT USED,CELL PHONE NOT IN USE,NONE APPARENT,,W,,,B,PROCEEDING STRAIGHT,A,HAD NOT BEEN DRINKING,,,M,MALE,,C,,,,22.0,PickupsAndPanels,2000.0,TOYOTA,,,,,,,,,,,,,,
13638376,4407655,1,Driver,True,False,,M,AIR BAG NOT DEPLOYED,C,OCCUPANT LAP BELT USED,CELL PHONE NOT IN USE,NONE APPARENT,,E,,,E,MAKING LEFT TURN,A,HAD NOT BEEN DRINKING,,,M,MALE,,,,,,1.0,PassengerCarStationWagonJeep,2014.0,TOYOTA,,,,,,,,,,,,,,
13638299,4407617,2,Driver,,False,,M,AIR BAG NOT DEPLOYED,C,OCCUPANT LAP BELT USED,,,,N,,,,,,,,,M,MALE,,,CA,,,7.0,SportUtilityVehicle,2017.0,FORD,,,,,,,,,,,,,,
13638298,4407617,1,Driver,True,False,,B,UNKNOWN,,,,,,E,,,,,,,,,,,,,,,,1.0,PassengerCarStationWagonJeep,2006.0,BMW,,,,,,,,,,,,,,
13638283,4407609,3,Driver,,False,False,M,AIR BAG NOT DEPLOYED,G,OCCUPANT LAP SHOULDER HARNESS USED,CELL PHONE NOT IN USE,NONE APPARENT,,N,I-280 N/B ,65.0,H,SLOWING/STOPPING,A,HAD NOT BEEN DRINKING,,,M,MALE,20.0,C,CA,O,OTHER,7.0,SportUtilityVehicle,2018.0,HOND,CRV,GRY,False,,,,,,,,3,4.0,5.0,False
13638282,4407609,2,Driver,,False,False,M,AIR BAG NOT DEPLOYED,G,OCCUPANT LAP SHOULDER HARNESS USED,CELL PHONE NOT IN USE,NONE APPARENT,,N,I-280 N/B ,65.0,H,SLOWING/STOPPING,A,HAD NOT BEEN DRINKING,,,M,MALE,25.0,C,CA,W,WHITE,1.0,PassengerCarStationWagonJeep,2014.0,FORD,CMAX,BLK,False,,,,,,,,3,4.0,5.0,False
13638281,4407609,1,Driver,True,False,False,L,AIR BAG DEPLOYED,G,OCCUPANT LAP SHOULDER HARNESS USED,CELL PHONE NOT IN USE,NONE APPARENT,,N,I-280 N/B,65.0,B,PROCEEDING STRAIGHT,A,HAD NOT BEEN DRINKING,,,M,MALE,23.0,C,CA,A,ASIAN,1.0,PassengerCarStationWagonJeep,2015.0,TOYT,PRIUS,BLK,False,,,,,,,,3,4.0,5.0,False
13638233,4407585,1,Pedestrian,True,False,,,,P,NOT REQUIRED,,,,E,,,R,OTHER,A,HAD NOT BEEN DRINKING,,,M,MALE,,,,W,WHITE,60.0,Pedestrian,,,,,,,,,,,,,,,,
13638020,4407474,2,Bicyclist,,False,,,,,,,,,N,,,,,G,IMPAIRMENT_NOT_KNOWN,,,M,MALE,,,,,,,,,,,,,,,,,,,,,,,
13638019,4407474,1,Driver,True,False,,M,AIR BAG NOT DEPLOYED,G,OCCUPANT LAP SHOULDER HARNESS USED,,VC SECTION VIOLATED - 21209,,N,,,M,OTHER UNSAFE TURNING,G,IMPAIRMENT_NOT_KNOWN,,,F,FEMALE,,,CA,W,WHITE,,,2006.0,TOYOTA,,,,,,,,,,,,,,
13637947,4407437,4,Driver,,False,False,M,AIR BAG NOT DEPLOYED,G,OCCUPANT LAP SHOULDER HARNESS USED,CELL PHONE NOT IN USE,NONE APPARENT,,S,US-101 S/B ,65.0,B,PROCEEDING STRAIGHT,A,HAD NOT BEEN DRINKING,,,F,FEMALE,41.0,C,CA,A,ASIAN,7.0,SportUtilityVehicle,2022.0,TOYT,RAV4,WHI,False,,,,,,,,3,5.0,5.0,False
13637946,4407437,3,Driver,,False,False,M,AIR BAG NOT DEPLOYED,G,OCCUPANT LAP SHOULDER HARNESS USED,CELL PHONE NOT IN USE,NONE APPARENT,,S,US-101 S/B ,65.0,B,PROCEEDING STRAIGHT,A,HAD NOT BEEN DRINKING,,,M,MALE,65.0,F,NJ,W,WHITE,22.0,PickupsAndPanels,2023.0,FORD ,F-150,WHI,False,,,,,,,,2,5.0,5.0,False
13637945,4407437,2,Driver,,False,False,M,AIR BAG NOT DEPLOYED,G,OCCUPANT LAP SHOULDER HARNESS USED,CELL PHONE NOT IN USE,NONE APPARENT,,S,US-101 S/B ,65.0,H,SLOWING/STOPPING,A,HAD NOT BEEN DRINKING,,,M,MALE,31.0,C,CA,A,ASIAN,7.0,SportUtilityVehicle,2017.0,SUBA,OUTBACK,LBL,True,,,,,,,,1,5.0,5.0,False
13637944,4407437,1,Driver,True,False,False,L,AIR BAG DEPLOYED,G,OCCUPANT LAP SHOULDER HARNESS USED,CELL PHONE NOT IN USE,NONE APPARENT,,S,US-101 S/B ,65.0,B,PROCEEDING STRAIGHT,A,HAD NOT BEEN DRINKING,,,M,MALE,49.0,U,CA,H,HISPANIC,22.0,PickupsAndPanels,2020.0,TOYT,TACOMA,GRY,True,,,,,,,,1,5.0,5.0,False
13637935,4407431,1,Driver,True,False,False,M,AIR BAG NOT DEPLOYED,C,OCCUPANT LAP BELT USED,CELL PHONE NOT IN USE,NONE APPARENT,,S,I-280 N/B ,65.0,B,PROCEEDING STRAIGHT,A,HAD NOT BEEN DRINKING,,,M,MALE,33.0,C,CA,H,HISPANIC,1.0,PassengerCarStationWagonJeep,1969.0,CHEV,CHEVELLE,BLK/,False,,,,,,,,1,2.0,2.0,False
13637932,4407429,2,Driver,,False,False,M,AIR BAG NOT DEPLOYED,G,OCCUPANT LAP SHOULDER HARNESS USED,CELL PHONE NOT IN USE,ENTERING OR LEAVING RAMP,,S,US-101 S/B FROM OAKLAND RD.,65.0,A,STOPPED,A,HAD NOT BEEN DRINKING,,,M,MALE,57.0,C,CA,A,ASIAN,7.0,SportUtilityVehicle,2024.0,TSMR,MODEL Y,SIL,False,,,,,,,,2,2.0,2.0,False