PartyId,CollisionId,PartyNumber,PartyType,IsAtFault,IsOnDutyEmergencyVehicle,IsHitAndRun,AirbagCode,AirbagDescription,SafetyEquipmentCode,SafetyEquipmentDescription,Special Information,Other Associate Factor,Inattention,DirectionOfTravel,StreetOrHighwayName,SpeedLimit,MovementPrecCollCode,MovementPrecCollDescription,SobrietyDrugPhysicalCode1,SobrietyDrugPhysicalDescription1,SobrietyDrugPhysicalCode2,SobrietyDrugPhysicalDescription2,GenderCode,GenderDescription,StatedAge,DriverLicenseClass,DriverLicenseStateCode,RaceCode,RaceDesc,Vehicle1TypeId, Vehicle1TypeDesc, Vehicle1Year,Vehicle1Make,Vehicle1Model,Vehicle1Color,V1IsVehicleTowed,Vehicle2TypeId, Vehicle2TypeDesc, Vehicle2Year,Vehicle2Make,Vehicle2Model,Vehicle2Color,V2IsVehicleTowed,Lane,ThruLanes,TotalLanes,IsDREConducted
13676026,4426716,2,Driver,,False,False,M,AIR BAG NOT DEPLOYED,G,OCCUPANT LAP SHOULDER HARNESS USED,CELL PHONE NOT IN USE,NONE APPARENT,,S,US 101 S/B,65.0,H,SLOWING/STOPPING,A,HAD NOT BEEN DRINKING,,,F,FEMALE,63.0,C,CA,W,WHITE,1.0,PassengerCarStationWagonJeep,2018.0,TOYT,CAMRY,WHI,False,,,,,,,,4,4.0,4.0,False
13676025,4426716,1,Driver,True,False,False,M,AIR BAG NOT DEPLOYED,G,OCCUPANT LAP SHOULDER HARNESS USED,CELL PHONE NOT IN USE,NONE APPARENT,,S,US 101 S/B,65.0,B,PROCEEDING STRAIGHT,A,HAD NOT BEEN DRINKING,,,F,FEMALE,37.0,C,CA,O,OTHER,1.0,PassengerCarStationWagonJeep,2022.0,MERZ,C240,WHI,False,,,,,,,,4,4.0,4.0,False
13675960,4426685,2,Driver,,False,False,M,AIR BAG NOT DEPLOYED,G,OCCUPANT LAP SHOULDER HARNESS USED,CELL PHONE NOT IN USE,NONE APPARENT,,S,SR-17 S/B,50.0,R,OTHER,A,HAD NOT BEEN DRINKING,,,M,MALE,48.0,C,CA,W,WHITE,22.0,PickupsAndPanels,2013.0,FORD,F150,WHI,False,,,,,,,,2,2.0,2.0,False
13675959,4426685,1,Driver,,False,False,M,AIR BAG NOT DEPLOYED,G,OCCUPANT LAP SHOULDER HARNESS USED,CELL PHONE NOT IN USE,NONE APPARENT,,S,SR-17 S/B,50.0,R,OTHER,A,HAD NOT BEEN DRINKING,,,F,FEMALE,32.0,C,CA,W,WHITE,1.0,PassengerCarStationWagonJeep,2010.0,JEEP,GRAND CHEROKEE,,False,,,,,,,,1,2.0,2.0,False
13675951,4426681,2,Driver,,False,False,L,AIR BAG DEPLOYED,G,OCCUPANT LAP SHOULDER HARNESS USED,CELL PHONE NOT IN USE,NONE APPARENT,,N,I-280 N/B,65.0,A,STOPPED,A,HAD NOT BEEN DRINKING,,,F,FEMALE,55.0,C,CA,O,OTHER,7.0,SportUtilityVehicle,2017.0,LEXS,RX450H,GRY,False,,,,,,,,2,4.0,5.0,False
13675950,4426681,1,Driver,True,False,False,L,AIR BAG DEPLOYED,G,OCCUPANT LAP SHOULDER HARNESS USED,CELL PHONE NOT IN USE,NONE APPARENT,,N,I-280 N/B,65.0,B,PROCEEDING STRAIGHT,A,HAD NOT BEEN DRINKING,,,M,MALE,61.0,C,CA,H,HISPANIC,8.0,MiniVan,2001.0,CHEV,ASTRO VAN,WHI,True,,,,,,,,2,4.0,5.0,False
13675945,4426678,2,Driver,,False,False,M,AIR BAG NOT DEPLOYED,G,OCCUPANT LAP SHOULDER HARNESS USED,CELL PHONE NOT IN USE,NONE APPARENT,,S,SR-85 S/B,65.0,A,STOPPED,A,HAD NOT BEEN DRINKING,,,M,MALE,47.0,C,CA,H,HISPANIC,1.0,PassengerCarStationWagonJeep,2012.0,CHEV,CRUZE,RED,False,,,,,,,,1,3.0,3.0,False
13675944,4426678,1,Driver,True,False,True,B,UNKNOWN,B,OCCUPANT UNKNOWN,CELL PHONE USE UNKNOWN,NONE APPARENT,,S,SR-85 S/B,65.0,B,PROCEEDING STRAIGHT,G,IMPAIRMENT_NOT_KNOWN,,,,,,,,,,99.0,OtherUnknownHitAndRunDriver,,,,,False,,,,,,,,1,3.0,3.0,False
13675896,4426655,2,Driver,,False,False,M,AIR BAG NOT DEPLOYED,G,OCCUPANT LAP SHOULDER HARNESS USED,CELL PHONE NOT IN USE,NONE APPARENT,,S,SR-87 S/B TO ALMA AVE.,65.0,B,PROCEEDING STRAIGHT,A,HAD NOT BEEN DRINKING,,,M,MALE,50.0,C,CA,H,HISPANIC,22.0,PickupsAndPanels,2022.0,DODG,1500,WHI,False,,,,,,,,1,2.0,3.0,False
13675895,4426655,1,Driver,True,False,False,M,AIR BAG NOT DEPLOYED,G,OCCUPANT LAP SHOULDER HARNESS USED,CELL PHONE NOT IN USE,NONE APPARENT,,S,SR-87 S/B TO ALMA AVE.,65.0,R,OTHER,A,HAD NOT BEEN DRINKING,,,M,MALE,76.0,U,CA,W,WHITE,1.0,PassengerCarStationWagonJeep,2009.0,FORD,FOCUS,WHI,False,,,,,,,,2,2.0,3.0,False
13675888,4426651,2,Driver,,False,False,M,AIR BAG NOT DEPLOYED,G,OCCUPANT LAP SHOULDER HARNESS USED,CELL PHONE NOT IN USE,NONE APPARENT,,N,I-280 N/B,65.0,B,PROCEEDING STRAIGHT,A,HAD NOT BEEN DRINKING,,,M,MALE,46.0,C,CA,B,BLACK,7.0,SportUtilityVehicle,2016.0,TOYT,GRAND HIGHLANDER,WHI,False,,,,,,,,4,4.0,5.0,False
13675887,4426651,1,Driver,True,False,False,M,AIR BAG NOT DEPLOYED,G,OCCUPANT LAP SHOULDER HARNESS USED,CELL PHONE NOT IN USE,NONE APPARENT,,N,I-280 N/B,65.0,B,PROCEEDING STRAIGHT,A,HAD NOT BEEN DRINKING,,,M,MALE,45.0,C,CA,W,WHITE,1.0,PassengerCarStationWagonJeep,2014.0,MAZD,MAZDA 2,BLU,False,,,,,,,,3,4.0,5.0,False
13675863,4426639,2,Driver,,False,False,M,AIR BAG NOT DEPLOYED,G,OCCUPANT LAP SHOULDER HARNESS USED,CELL PHONE NOT IN USE,NONE APPARENT,,S,I-880 S/B,65.0,R,OTHER,A,HAD NOT BEEN DRINKING,,,M,MALE,39.0,C,CA,A,ASIAN,1.0,PassengerCarStationWagonJeep,2012.0,TOYT,PRIUS,GRY,False,,,,,,,,3,4.0,6.0,False
13675862,4426639,1,Driver,,False,False,M,AIR BAG NOT DEPLOYED,G,OCCUPANT LAP SHOULDER HARNESS USED,CELL PHONE NOT IN USE,NONE APPARENT,,S,I-880 S/B,65.0,R,OTHER,A,HAD NOT BEEN DRINKING,,,M,MALE,40.0,C,CA,W,WHITE,26.0,TwoAxleTruck,2022.0,FORD,U-HAUL,WHI,False,35.0,UtilityTrailer,2018.0,U-HAUL,UTILITY TRAILER,GRY,,4,4.0,6.0,False
13675836,4426626,2,Driver,,False,False,M,AIR BAG NOT DEPLOYED,G,OCCUPANT LAP SHOULDER HARNESS USED,CELL PHONE NOT IN USE,NONE APPARENT,,S,I-280 S/B,65.0,H,SLOWING/STOPPING,A,HAD NOT BEEN DRINKING,,,F,FEMALE,53.0,C,CA,H,HISPANIC,1.0,PassengerCarStationWagonJeep,2017.0,SUBA,PREZA,RED,False,,,,,,,,4,4.0,4.0,False
13675835,4426626,1,Driver,True,False,False,M,AIR BAG NOT DEPLOYED,G,OCCUPANT LAP SHOULDER HARNESS USED,CELL PHONE NOT IN USE,NONE APPARENT,,S,I-280 S/B,65.0,B,PROCEEDING STRAIGHT,A,HAD NOT BEEN DRINKING,,,M,MALE,24.0,U,CA,H,HISPANIC,1.0,PassengerCarStationWagonJeep,2013.0,CHEV,CAMARO,WHI,False,,,,,,,,4,4.0,4.0,False
13675822,4426618,3,Driver,,False,False,M,AIR BAG NOT DEPLOYED,G,OCCUPANT LAP SHOULDER HARNESS USED,CELL PHONE NOT IN USE,NONE APPARENT,,N,I-280 N/B,65.0,B,PROCEEDING STRAIGHT,A,HAD NOT BEEN DRINKING,,,F,FEMALE,47.0,C,CA,H,HISPANIC,1.0,PassengerCarStationWagonJeep,2009.0,JAGU,XF,GRY,False,,,,,,,,6,5.0,7.0,False
13675821,4426618,2,Driver,,False,False,M,AIR BAG NOT DEPLOYED,G,OCCUPANT LAP SHOULDER HARNESS USED,CELL PHONE NOT IN USE,NONE APPARENT,,N,I-280 N/B,65.0,B,PROCEEDING STRAIGHT,A,HAD NOT BEEN DRINKING,,,M,MALE,30.0,C,CA,W,WHITE,7.0,SportUtilityVehicle,2021.0,TOYT,RAV4,SIL,False,,,,,,,,5,5.0,7.0,False
13675820,4426618,1,Driver,True,False,False,M,AIR BAG NOT DEPLOYED,G,OCCUPANT LAP SHOULDER HARNESS USED,CELL PHONE NOT IN USE,NONE APPARENT,,N,I-280 N/B,65.0,J,CHANGING LANES,A,HAD NOT BEEN DRINKING,,,M,MALE,74.0,C,CA,A,ASIAN,1.0,PassengerCarStationWagonJeep,2024.0,HOND,ACCORD,RED,False,,,,,,,,4,5.0,7.0,False
13675741,4426575,2,Driver,,False,,M,AIR BAG NOT DEPLOYED,G,OCCUPANT LAP SHOULDER HARNESS USED,,NONE APPARENT,,E,,,B,PROCEEDING STRAIGHT,A,HAD NOT BEEN DRINKING,,,M,MALE,,C,CA,W,WHITE,,,2012.0,MERCEDES-BENZ,,,,,,,,,,,,,,
13675740,4426575,1,Pedestrian,True,False,,,,,,,NONE APPARENT,,N,,,R,OTHER,D,HBD-IMPAIRMENT UNKNOWN,,,M,MALE,,,,,,60.0,Pedestrian,,,,,,,,,,,,,,,,
13675710,4426559,2,Driver,,False,False,M,AIR BAG NOT DEPLOYED,G,OCCUPANT LAP SHOULDER HARNESS USED,CELL PHONE NOT IN USE,NONE APPARENT,,E,SR-237 E/B,65.0,H,SLOWING/STOPPING,A,HAD NOT BEEN DRINKING,,,M,MALE,30.0,F,MI,A,ASIAN,1.0,PassengerCarStationWagonJeep,2019.0,SUBA,CROSSTEK,LBL,False,,,,,,,,1,2.0,3.0,False
13675709,4426559,1,Driver,True,False,False,M,AIR BAG NOT DEPLOYED,G,OCCUPANT LAP SHOULDER HARNESS USED,CELL PHONE NOT IN USE,NONE APPARENT,,E,SR-237 E/B,65.0,B,PROCEEDING STRAIGHT,A,HAD NOT BEEN DRINKING,,,F,FEMALE,24.0,C,CA,W,WHITE,1.0,PassengerCarStationWagonJeep,2007.0,TOYT,CAMRY,LBL,False,,,,,,,,1,2.0,3.0,False
13675682,4426545,1,Driver,True,False,,L,AIR BAG DEPLOYED,C,OCCUPANT LAP BELT USED,,,,N,,,B,PROCEEDING STRAIGHT,A,HAD NOT BEEN DRINKING,,,M,MALE,,C,CA,,,1.0,PassengerCarStationWagonJeep,2018.0,CHEVROLET,,,,,,,,,,,,,,
13675665,4426536,2,Driver,,False,False,M,AIR BAG NOT DEPLOYED,G,OCCUPANT LAP SHOULDER HARNESS USED,CELL PHONE NOT IN USE,NONE APPARENT,,S,US-101 S/B,65.0,B,PROCEEDING STRAIGHT,A,HAD NOT BEEN DRINKING,,,M,MALE,61.0,C,CA,H,HISPANIC,7.0,SportUtilityVehicle,2005.0,BMW,X5,SIL,False,,,,,,,,2,4.0,4.0,False
13675664,4426536,1,Driver,True,False,False,M,AIR BAG NOT DEPLOYED,G,OCCUPANT LAP SHOULDER HARNESS USED,CELL PHONE NOT IN USE,NONE APPARENT,,S,US-101 S/B,65.0,J,CHANGING LANES,G,IMPAIRMENT_NOT_KNOWN,,,M,MALE,48.0,C,CA,H,HISPANIC,22.0,PickupsAndPanels,2004.0,FORD,F150,RED,False,,,,,,,,1,4.0,4.0,False
13675652,4426529,2,Driver,,False,False,M,AIR BAG NOT DEPLOYED,G,OCCUPANT LAP SHOULDER HARNESS USED,CELL PHONE NOT IN USE,NONE APPARENT,,N,SR-87 N/B,65.0,H,SLOWING/STOPPING,A,HAD NOT BEEN DRINKING,,,M,MALE,63.0,C,CA,A,ASIAN,8.0,MiniVan,2001.0,TOYT,SIENNA,SIL,False,,,,,,,,3,3.0,3.0,False
13675651,4426529,1,Driver,True,False,False,M,AIR BAG NOT DEPLOYED,G,OCCUPANT LAP SHOULDER HARNESS USED,CELL PHONE NOT IN USE,NONE APPARENT,,N,SR-87 N/B,65.0,B,PROCEEDING STRAIGHT,A,HAD NOT BEEN DRINKING,,,M,MALE,30.0,C,CA,W,WHITE,7.0,SportUtilityVehicle,2011.0,ACUR,RDX,SIL,False,,,,,,,,3,3.0,3.0,False
13675649,4426527,2,Driver,,False,False,M,AIR BAG NOT DEPLOYED,G,OCCUPANT LAP SHOULDER HARNESS USED,CELL PHONE NOT IN USE,NONE APPARENT,,N,US-101 N/B,65.0,H,SLOWING/STOPPING,A,HAD NOT BEEN DRINKING,,,F,FEMALE,51.0,C,CA,A,ASIAN,1.0,PassengerCarStationWagonJeep,2014.0,HOND,CROSSTOUR,BLK,False,,,,,,,,5,5.0,5.0,False
13675648,4426527,1,Driver,True,False,False,M,AIR BAG NOT DEPLOYED,G,OCCUPANT LAP SHOULDER HARNESS USED,CELL PHONE NOT IN USE,NONE APPARENT,,N,US-101 N/B,65.0,B,PROCEEDING STRAIGHT,A,HAD NOT BEEN DRINKING,,,M,MALE,43.0,C,CA,H,HISPANIC,1.0,PassengerCarStationWagonJeep,2009.0,HOND,CIVIC,WHI,False,,,,,,,,5,5.0,5.0,False
13674990,4426197,2,Driver,,False,False,M,AIR BAG NOT DEPLOYED,G,OCCUPANT LAP SHOULDER HARNESS USED,CELL PHONE NOT IN USE,NONE APPARENT,,N,SR-85 N/B,65.0,H,SLOWING/STOPPING,A,HAD NOT BEEN DRINKING,,,M,MALE,51.0,C,CA,H,HISPANIC,22.0,PickupsAndPanels,2018.0,CHEV,SILVERADO,WHI,False,,,,,,,,3,4.0,4.0,False
13674989,4426197,1,Driver,True,False,False,M,AIR BAG NOT DEPLOYED,G,OCCUPANT LAP SHOULDER HARNESS USED,CELL PHONE NOT IN USE,NONE APPARENT,,N,SR-85 N/B,65.0,B,PROCEEDING STRAIGHT,A,HAD NOT BEEN DRINKING,,,F,FEMALE,27.0,C,CA,W,WHITE,1.0,PassengerCarStationWagonJeep,2013.0,NISS,ALTIMA,GRY,False,,,,,,,,3,4.0,4.0,False
13674674,4426030,2,Driver,,False,False,M,AIR BAG NOT DEPLOYED,G,OCCUPANT LAP SHOULDER HARNESS USED,CELL PHONE NOT IN USE,NONE APPARENT,,S,I-280 S/B FROM MERIDIAN,65.0,A,STOPPED,A,HAD NOT BEEN DRINKING,,,M,MALE,76.0,F,NV,W,WHITE,1.0,PassengerCarStationWagonJeep,2021.0,AUDI,A6,/GLD,False,,,,,,,,2,2.0,2.0,False
13674673,4426030,1,Driver,True,False,False,M,AIR BAG NOT DEPLOYED,G,OCCUPANT LAP SHOULDER HARNESS USED,CELL PHONE NOT IN USE,NONE APPARENT,,S,I-280 S/B FROM MERIDIAN AVE,65.0,B,PROCEEDING STRAIGHT,A,HAD NOT BEEN DRINKING,,,F,FEMALE,33.0,C,CA,H,HISPANIC,7.0,SportUtilityVehicle,2015.0,BMW,X5,BLK,False,,,,,,,,2,2.0,2.0,False
13674657,4426022,2,Driver,,False,False,M,AIR BAG NOT DEPLOYED,G,OCCUPANT LAP SHOULDER HARNESS USED,CELL PHONE NOT IN USE,NONE APPARENT,,N,SR-17 N/B,65.0,B,PROCEEDING STRAIGHT,A,HAD NOT BEEN DRINKING,,,M,MALE,75.0,C,CA,W,WHITE,22.0,PickupsAndPanels,2017.0,FORD,F150,WHI,False,,,,,,,,2,3.0,3.0,False
13674656,4426022,1,Driver,True,False,False,M,AIR BAG NOT DEPLOYED,G,OCCUPANT LAP SHOULDER HARNESS USED,CELL PHONE NOT IN USE,NONE APPARENT,,N,SR-17 N/B,65.0,B,PROCEEDING STRAIGHT,A,HAD NOT BEEN DRINKING,,,F,FEMALE,25.0,C,CA,W,WHITE,1.0,PassengerCarStationWagonJeep,2004.0,ACUR,RL,SIL,True,,,,,,,,2,3.0,3.0,False
13674639,4426012,1,Driver,True,False,False,M,AIR BAG NOT DEPLOYED,G,OCCUPANT LAP SHOULDER HARNESS USED,CELL PHONE NOT IN USE,NONE APPARENT,,S,US-101 S/B TO BOWERS AVE.,65.0,C,RAN OFF ROAD,A,HAD NOT BEEN DRINKING,,,M,MALE,63.0,C,CA,H,HISPANIC,22.0,PickupsAndPanels,2010.0,FORD,RANGER,SIL,False,,,,,,,,RT,0.0,3.0,False
13674625,4426004,1,Driver,True,False,False,L,AIR BAG DEPLOYED,G,OCCUPANT LAP SHOULDER HARNESS USED,CELL PHONE NOT IN USE,NONE APPARENT,,N,I-880 N/B TO THE ALAMEDA,65.0,B,PROCEEDING STRAIGHT,B,HBD-UNDER INFLUENCE,,,M,MALE,39.0,C,CA,B,BLACK,1.0,PassengerCarStationWagonJeep,2019.0,HYUN,SONATA,GRY,False,,,,,,,,EXIT,0.0,1.0,False
13674471,4425921,2,Driver,,False,False,M,AIR BAG NOT DEPLOYED,G,OCCUPANT LAP SHOULDER HARNESS USED,CELL PHONE NOT IN USE,NONE APPARENT,,N,US-101 N/B,65.0,H,SLOWING/STOPPING,A,HAD NOT BEEN DRINKING,,,M,MALE,28.0,C,CA,H,HISPANIC,22.0,PickupsAndPanels,2016.0,FORD,F150,SIL,False,,,,,,,,1,4.0,4.0,False
13674470,4425921,1,Driver,True,False,False,M,AIR BAG NOT DEPLOYED,G,OCCUPANT LAP SHOULDER HARNESS USED,CELL PHONE NOT IN USE,NONE APPARENT,,N,US-101 N/B,65.0,B,PROCEEDING STRAIGHT,A,HAD NOT BEEN DRINKING,,,M,MALE,33.0,U,CA,H,HISPANIC,7.0,SportUtilityVehicle,2004.0,MAZD,TRIBUTE,SIL,False,,,,,,,,1,4.0,4.0,False
13674427,4425898,2,Driver,,False,False,M,AIR BAG NOT DEPLOYED,G,OCCUPANT LAP SHOULDER HARNESS USED,CELL PHONE NOT IN USE,UNINVOLVED VEHICLE,,N,I-280 N/B TO STEVENS CREEK,65.0,A,STOPPED,G,IMPAIRMENT_NOT_KNOWN,,,M,MALE,42.0,C,CA,O,OTHER,1.0,PassengerCarStationWagonJeep,2009.0,TOYT,PRIUS,SIL,False,,,,,,,,3,2.0,4.0,False
13674426,4425898,1,Driver,True,False,False,M,AIR BAG NOT DEPLOYED,G,OCCUPANT LAP SHOULDER HARNESS USED,CELL PHONE NOT IN USE,UNINVOLVED VEHICLE,,N,I-280 N/B TO STEVENS CREEK ,65.0,B,PROCEEDING STRAIGHT,A,HAD NOT BEEN DRINKING,,,M,MALE,23.0,C,CA,W,WHITE,7.0,SportUtilityVehicle,2022.0,TSMR,Y,WHI,False,,,,,,,,3,2.0,4.0,False
13674308,4425834,3,Driver,,False,,M,AIR BAG NOT DEPLOYED,G,OCCUPANT LAP SHOULDER HARNESS USED,,NONE APPARENT,,N,,,A,STOPPED,A,HAD NOT BEEN DRINKING,,,F,FEMALE,,,CA,,,,,2013.0,VOLKSWAGEN,,,,,,,,,,,,,,
13674307,4425834,2,Driver,,False,,M,AIR BAG NOT DEPLOYED,G,OCCUPANT LAP SHOULDER HARNESS USED,,,,N,,,A,STOPPED,A,HAD NOT BEEN DRINKING,,,F,FEMALE,,,CA,,,,,2005.0,LEXUS,,,,,,,,,,,,,,
13674306,4425834,1,Driver,True,False,,M,AIR BAG NOT DEPLOYED,G,OCCUPANT LAP SHOULDER HARNESS USED,,NONE APPARENT,,N,,,B,PROCEEDING STRAIGHT,A,HAD NOT BEEN DRINKING,,,M,MALE,,,CA,W,WHITE,,,2016.0,MAZDA,,,,,,,,,,,,,,
13692967,4435283,2,Driver,,False,False,M,AIR BAG NOT DEPLOYED,G,OCCUPANT LAP SHOULDER HARNESS USED,CELL PHONE NOT IN USE,NONE APPARENT,,W,COOLEY DR,25.0,B,PROCEEDING STRAIGHT,A,HAD NOT BEEN DRINKING,,,M,MALE,47.0,B,CA,H,HISPANIC,13.0,SchoolBusPublicTypeI,2017.0,CHEV,EXPRESS,YEL,False,,,,,,,,W/B,1.0,1.0,False
13692966,4435283,1,Driver,True,False,False,M,AIR BAG NOT DEPLOYED,G,OCCUPANT LAP SHOULDER HARNESS USED,CELL PHONE NOT IN USE,NONE APPARENT,,N,1702 COOLEY DRIVE,,L,ENTERING TRAFFICD,A,HAD NOT BEEN DRINKING,,,F,FEMALE,21.0,C,CA,H,HISPANIC,1.0,PassengerCarStationWagonJeep,2015.0,FORD,FUSION,WHI,False,,,,,,,,,,,False
13692710,4435154,2,Driver,,False,False,M,AIR BAG NOT DEPLOYED,G,OCCUPANT LAP SHOULDER HARNESS USED,CELL PHONE NOT IN USE,NONE APPARENT,,N,SR-87 N/B,65.0,B,PROCEEDING STRAIGHT,A,HAD NOT BEEN DRINKING,,,M,MALE,23.0,C,CA,B,BLACK,1.0,PassengerCarStationWagonJeep,2024.0,HOND,CIVIC,BLK,False,,,,,,,,2,3.0,3.0,False
13692709,4435154,1,Driver,True,False,False,M,AIR BAG NOT DEPLOYED,G,OCCUPANT LAP SHOULDER HARNESS USED,CELL PHONE NOT IN USE,NONE APPARENT,,N,SR-87 N/B,65.0,R,OTHER,A,HAD NOT BEEN DRINKING,,,F,FEMALE,17.0,C,CA,H,HISPANIC,1.0,PassengerCarStationWagonJeep,2007.0,NISS,350Z,SIL,False,,,,,,,,1,3.0,3.0,False
13692626,4435108,3,Driver,,False,False,M,AIR BAG NOT DEPLOYED,G,OCCUPANT LAP SHOULDER HARNESS USED,CELL PHONE NOT IN USE,NONE APPARENT,,N,US-101 N/B,65.0,A,STOPPED,A,HAD NOT BEEN DRINKING,,,M,MALE,59.0,C,CA,A,ASIAN,7.0,SportUtilityVehicle,2023.0,TESL,Y,WHI,False,,,,,,,,2,4.0,4.0,False
13692625,4435108,2,Driver,,False,False,M,AIR BAG NOT DEPLOYED,G,OCCUPANT LAP SHOULDER HARNESS USED,CELL PHONE NOT IN USE,NONE APPARENT,,N,US-101 N/B,65.0,H,SLOWING/STOPPING,A,HAD NOT BEEN DRINKING,,,F,FEMALE,59.0,C,CA,H,HISPANIC,7.0,SportUtilityVehicle,2008.0,FORD,ESCAPE,GRY,False,,,,,,,,2,4.0,4.0,False
13692624,4435108,1,Driver,True,False,False,M,AIR BAG NOT DEPLOYED,G,OCCUPANT LAP SHOULDER HARNESS USED,CELL PHONE NOT IN USE,NONE APPARENT,,N,US-101 N/B ,65.0,B,PROCEEDING STRAIGHT,A,HAD NOT BEEN DRINKING,,,M,MALE,66.0,C,CA,A,ASIAN,1.0,PassengerCarStationWagonJeep,2004.0,HOND,ACCORD,GRY,True,,,,,,,,2,4.0,4.0,False
13692596,4435092,2,Driver,,False,False,M,AIR BAG NOT DEPLOYED,G,OCCUPANT LAP SHOULDER HARNESS USED,CELL PHONE NOT IN USE,NONE APPARENT,,N,I-280 N/B T0 US-101 ,65.0,B,PROCEEDING STRAIGHT,A,HAD NOT BEEN DRINKING,,,M,MALE,40.0,C,CA,W,WHITE,7.0,SportUtilityVehicle,2023.0,TOYT,RAV4,BRZ,False,,,,,,,,N/B,1.0,1.0,False
13692595,4435092,1,Driver,True,False,False,M,AIR BAG NOT DEPLOYED,G,OCCUPANT LAP SHOULDER HARNESS USED,CELL PHONE NOT IN USE,NONE APPARENT,,S,I-280 S/B TO US-101 N/B,65.0,B,PROCEEDING STRAIGHT,A,HAD NOT BEEN DRINKING,,,M,MALE,25.0,U,CA,H,HISPANIC,1.0,PassengerCarStationWagonJeep,2007.0,TOYT,PRIUS,SIL,False,,,,,,,,N/B,1.0,1.0,False
13692571,4435079,2,Driver,True,False,False,M,AIR BAG NOT DEPLOYED,G,OCCUPANT LAP SHOULDER HARNESS USED,CELL PHONE NOT IN USE,NONE APPARENT,,S,US-101 S/B,65.0,B,PROCEEDING STRAIGHT,A,HAD NOT BEEN DRINKING,,,M,MALE,27.0,C,CA,A,ASIAN,1.0,PassengerCarStationWagonJeep,2016.0,TOYT,COROLLA,GRY,False,,,,,,,,HOV,4.0,4.0,False
13692570,4435079,1,Driver,,False,True,B,UNKNOWN,B,OCCUPANT UNKNOWN,CELL PHONE USE UNKNOWN,NONE APPARENT,,S,US-101 S/B,65.0,A,STOPPED,G,IMPAIRMENT_NOT_KNOWN,,,,,,,,,,99.0,OtherUnknownHitAndRunDriver,,,,,False,,,,,,,,HOV,4.0,4.0,False
13692520,4435055,2,Driver,,False,False,M,AIR BAG NOT DEPLOYED,G,OCCUPANT LAP SHOULDER HARNESS USED,CELL PHONE NOT IN USE,NONE APPARENT,,S,US-101 S/B,65.0,R,OTHER,A,HAD NOT BEEN DRINKING,,,M,MALE,68.0,C,CA,A,ASIAN,1.0,PassengerCarStationWagonJeep,2022.0,SUBA,CROSSTEK,BLK,False,,,,,,,,1,4.0,4.0,False
13692519,4435055,1,Driver,,False,False,M,AIR BAG NOT DEPLOYED,G,OCCUPANT LAP SHOULDER HARNESS USED,CELL PHONE NOT IN USE,NONE APPARENT,,S,US-101 S/B,55.0,R,OTHER,A,HAD NOT BEEN DRINKING,,,M,MALE,61.0,C,CA,H,HISPANIC,22.0,PickupsAndPanels,2016.0,FORD,F150,WHI,False,35.0,UtilityTrailer,2015.0,RJTRL,UTILITY TRAILER,BLK,,2,4.0,4.0,False
13692079,4434832,2,Driver,,False,,P,NOT REQUIRED,A,OCCUPANT NONE IN VEHICLE,,NONE APPARENT,,N,,,B,PROCEEDING STRAIGHT,A,HAD NOT BEEN DRINKING,,,M,MALE,,C,CA,W,WHITE,2.0,Motorcycle,2022.0,HARLEY-DAVIDSON,,,,,,,,,,,,,,
13692078,4434832,1,Driver,True,False,,M,AIR BAG NOT DEPLOYED,G,OCCUPANT LAP SHOULDER HARNESS USED,,NONE APPARENT,,N,,,E,MAKING LEFT TURN,A,HAD NOT BEEN DRINKING,,,F,FEMALE,,C,CA,,,1.0,PassengerCarStationWagonJeep,2017.0,HONDA,,,,,,,,,,,,,,
13692044,4434815,2,Driver,,False,,M,AIR BAG NOT DEPLOYED,G,OCCUPANT LAP SHOULDER HARNESS USED,,,,S,,,B,PROCEEDING STRAIGHT,,,,,M,MALE,,C,CA,W,WHITE,1.0,PassengerCarStationWagonJeep,2021.0,TESLA,,,,,,,,,,,,,,
13692043,4434815,1,Driver,True,False,,M,AIR BAG NOT DEPLOYED,G,OCCUPANT LAP SHOULDER HARNESS USED,,VC SECTION VIOLATED - 21453 A,,S,,,B,PROCEEDING STRAIGHT,,,,,M,MALE,,C,CA,,,1.0,PassengerCarStationWagonJeep,2015.0,ACURA,,,,,,,,,,,,,,
13691861,4434723,2,Driver,,False,False,M,AIR BAG NOT DEPLOYED,G,OCCUPANT LAP SHOULDER HARNESS USED,CELL PHONE NOT IN USE,NONE APPARENT,,N,SR-87 N/B,65.0,H,SLOWING/STOPPING,A,HAD NOT BEEN DRINKING,,,M,MALE,20.0,C,CA,H,HISPANIC,1.0,PassengerCarStationWagonJeep,2012.0,LEXS,IS250,WHI,False,,,,,,,,1,3.0,3.0,False
13691860,4434723,1,Driver,True,False,True,B,UNKNOWN,B,OCCUPANT UNKNOWN,CELL PHONE USE UNKNOWN,NONE APPARENT,,N,SR-87 N/B,65.0,B,PROCEEDING STRAIGHT,G,IMPAIRMENT_NOT_KNOWN,,,,,,,,,,99.0,OtherUnknownHitAndRunDriver,,,,,False,,,,,,,,1,3.0,3.0,False