PartyId,CollisionId,PartyNumber,PartyType,IsAtFault,IsOnDutyEmergencyVehicle,IsHitAndRun,AirbagCode,AirbagDescription,SafetyEquipmentCode,SafetyEquipmentDescription,Special Information,Other Associate Factor,Inattention,DirectionOfTravel,StreetOrHighwayName,SpeedLimit,MovementPrecCollCode,MovementPrecCollDescription,SobrietyDrugPhysicalCode1,SobrietyDrugPhysicalDescription1,SobrietyDrugPhysicalCode2,SobrietyDrugPhysicalDescription2,GenderCode,GenderDescription,StatedAge,DriverLicenseClass,DriverLicenseStateCode,RaceCode,RaceDesc,Vehicle1TypeId, Vehicle1TypeDesc, Vehicle1Year,Vehicle1Make,Vehicle1Model,Vehicle1Color,V1IsVehicleTowed,Vehicle2TypeId, Vehicle2TypeDesc, Vehicle2Year,Vehicle2Make,Vehicle2Model,Vehicle2Color,V2IsVehicleTowed,Lane,ThruLanes,TotalLanes,IsDREConducted
13806683,4493708,1,Driver,True,False,,M,AIR BAG NOT DEPLOYED,G,OCCUPANT LAP SHOULDER HARNESS USED,,NONE APPARENT,,E,,,B,PROCEEDING STRAIGHT,C,HBD-NOT UNDER INFLUENCE,,,F,FEMALE,,C,CA,,,1.0,PassengerCarStationWagonJeep,2022.0,KIA,,,,,,,,,,,,,,
13806388,4493550,2,Driver,,False,False,L,AIR BAG DEPLOYED,G,OCCUPANT LAP SHOULDER HARNESS USED,CELL PHONE NOT IN USE,NONE APPARENT,,S,SR-87 S/B ,65.0,B,PROCEEDING STRAIGHT,A,HAD NOT BEEN DRINKING,,,M,MALE,22.0,C,CA,A,ASIAN,1.0,PassengerCarStationWagonJeep,2022.0,TSMR,MODEL 3,GRY,False,,,,,,,,3,3.0,5.0,False
13806387,4493550,1,Driver,True,False,False,L,AIR BAG DEPLOYED,G,OCCUPANT LAP SHOULDER HARNESS USED,CELL PHONE NOT IN USE,NONE APPARENT,,S,SR-87 S/B,65.0,J,CHANGING LANES,A,HAD NOT BEEN DRINKING,,,M,MALE,34.0,C,CA,A,ASIAN,1.0,PassengerCarStationWagonJeep,2017.0,ALFA,GIULIA,WHI,False,,,,,,,,3,3.0,5.0,False
13806355,4493533,2,Driver,,False,,M,AIR BAG NOT DEPLOYED,G,OCCUPANT LAP SHOULDER HARNESS USED,,NONE APPARENT,,N,,,A,STOPPED,H,NOT APPLICABLE,,,F,FEMALE,,C,CA,,,1.0,PassengerCarStationWagonJeep,2019.0,TESLA,,,,,,,,,,,,,,
13806354,4493533,1,Driver,True,False,,M,AIR BAG NOT DEPLOYED,G,OCCUPANT LAP SHOULDER HARNESS USED,,VC SECTION VIOLATED - 22350,,N,,,B,PROCEEDING STRAIGHT,H,NOT APPLICABLE,,,M,MALE,,C,CA,,,1.0,PassengerCarStationWagonJeep,2016.0,HONDA,,,,,,,,,,,,,,
13806182,4493441,2,Pedestrian,,False,,,,,,,,,E,,,,,H,NOT APPLICABLE,,,F,FEMALE,,,,W,WHITE,60.0,Pedestrian,,,,,,,,,,,,,,,,
13806181,4493441,1,Driver,True,False,,B,UNKNOWN,V,MOTOR BICYCLE DRIVER NO HELMET,,NONE APPARENT,,E,,,M,OTHER UNSAFE TURNING,G,IMPAIRMENT_NOT_KNOWN,,,,,,,,,,,,,,,,,,,,,,,,,,,
13806133,4493416,2,Driver,,False,False,M,AIR BAG NOT DEPLOYED,G,OCCUPANT LAP SHOULDER HARNESS USED,CELL PHONE NOT IN USE,NONE APPARENT,,N,SR-85 N/B,65.0,A,STOPPED,A,HAD NOT BEEN DRINKING,,,M,MALE,51.0,C,CA,W,WHITE,1.0,PassengerCarStationWagonJeep,2020.0,TSMR,S,WHI,False,,,,,,,,3,3.0,4.0,False
13806132,4493416,1,Driver,True,False,False,M,AIR BAG NOT DEPLOYED,G,OCCUPANT LAP SHOULDER HARNESS USED,CELL PHONE NOT IN USE,NONE APPARENT,,N,SR-85 N/B,65.0,B,PROCEEDING STRAIGHT,A,HAD NOT BEEN DRINKING,,,M,MALE,35.0,U,CA,H,HISPANIC,1.0,PassengerCarStationWagonJeep,2009.0,NISS,ALTIMA,GRY,False,,,,,,,,3,3.0,4.0,False
13805850,4493277,2,Driver,,False,False,M,AIR BAG NOT DEPLOYED,G,OCCUPANT LAP SHOULDER HARNESS USED,CELL PHONE NOT IN USE,NONE APPARENT,,S,I-880 S/B,65.0,B,PROCEEDING STRAIGHT,A,HAD NOT BEEN DRINKING,,,M,MALE,49.0,C,CA,H,HISPANIC,7.0,SportUtilityVehicle,2007.0,TOYT,HIGHLANDER,BLU,False,,,,,,,,6,4.0,6.0,False
13805849,4493277,1,Driver,True,False,False,M,AIR BAG NOT DEPLOYED,G,OCCUPANT LAP SHOULDER HARNESS USED,CELL PHONE NOT IN USE,NONE APPARENT,,S,I-880 S/B,65.0,J,CHANGING LANES,A,HAD NOT BEEN DRINKING,,,M,MALE,19.0,C,CA,H,HISPANIC,1.0,PassengerCarStationWagonJeep,2022.0,HOND,ACCORD,WHI,False,,,,,,,,5,4.0,6.0,False
13805766,4493231,2,Driver,,False,False,M,AIR BAG NOT DEPLOYED,G,OCCUPANT LAP SHOULDER HARNESS USED,CELL PHONE NOT IN USE,NONE APPARENT,,N,I-280 N/B,65.0,A,STOPPED,A,HAD NOT BEEN DRINKING,,,M,MALE,42.0,C,CA,W,WHITE,8.0,MiniVan,2019.0,FORD,TRANSIT ,WHI,False,,,,,,,,1,4.0,4.0,False
13805765,4493231,1,Driver,True,False,False,M,AIR BAG NOT DEPLOYED,G,OCCUPANT LAP SHOULDER HARNESS USED,CELL PHONE NOT IN USE,NONE APPARENT,,N,I-280 N/B,65.0,B,PROCEEDING STRAIGHT,A,HAD NOT BEEN DRINKING,,,M,MALE,51.0,C,CA,H,HISPANIC,22.0,PickupsAndPanels,2012.0,FORD,300 SERIES,WHI,False,,,,,,,,1,4.0,4.0,False
13805731,4493213,2,Driver,,False,False,M,AIR BAG NOT DEPLOYED,G,OCCUPANT LAP SHOULDER HARNESS USED,CELL PHONE NOT IN USE,NONE APPARENT,,N,I-280 N/B,65.0,A,STOPPED,A,HAD NOT BEEN DRINKING,,,M,MALE,32.0,C,CA,A,ASIAN,1.0,PassengerCarStationWagonJeep,2021.0,MERZ,C300,WHI,False,,,,,,,,1,5.0,5.0,False
13805730,4493213,1,Driver,True,False,False,L,AIR BAG DEPLOYED,G,OCCUPANT LAP SHOULDER HARNESS USED,CELL PHONE NOT IN USE,NONE APPARENT,,N,I-280 N/B,65.0,B,PROCEEDING STRAIGHT,A,HAD NOT BEEN DRINKING,,,M,MALE,24.0,U,CA,B,BLACK,1.0,PassengerCarStationWagonJeep,2006.0,INFI, G37,BLK,True,,,,,,,,1,5.0,5.0,False
13805712,4493203,1,Driver,True,False,False,L,AIR BAG DEPLOYED,G,OCCUPANT LAP SHOULDER HARNESS USED,CELL PHONE NOT IN USE,NONE APPARENT,,S,I-880 S/B TO I-280 S/B,65.0,B,PROCEEDING STRAIGHT,A,HAD NOT BEEN DRINKING,,,F,FEMALE,20.0,U,CA,H,HISPANIC,1.0,PassengerCarStationWagonJeep,2003.0,HOND,ACCORD,SIL,True,,,,,,,,S/B,1.0,1.0,False
13805694,4493193,2,Driver,,False,False,M,AIR BAG NOT DEPLOYED,G,OCCUPANT LAP SHOULDER HARNESS USED,HAZARDOUS MATERIAL / CELL PHONE NOT IN USE,NONE APPARENT,,N,US-101 N/B,55.0,B,PROCEEDING STRAIGHT,A,HAD NOT BEEN DRINKING,,,M,MALE,47.0,A,CA,H,HISPANIC,79.0,HmThreeAxleTankTruck,2022.0,PTRB,579,WHI,False,29.0,PullTankTrailer,1997.0,BEALL,BAST-98-1DC,WHI,,4,4.0,4.0,False
13805693,4493193,1,Driver,True,False,True,B,UNKNOWN,B,OCCUPANT UNKNOWN,CELL PHONE USE UNKNOWN,NONE APPARENT,,N,US-101 N/B,65.0,B,PROCEEDING STRAIGHT,G,IMPAIRMENT_NOT_KNOWN,,,,,,,,,,99.0,OtherUnknownHitAndRunDriver,,,,,False,,,,,,,,3,4.0,4.0,False
13805672,4493182,2,Driver,,False,False,M,AIR BAG NOT DEPLOYED,G,OCCUPANT LAP SHOULDER HARNESS USED,CELL PHONE NOT IN USE,ENTERING OR LEAVING RAMP,,S,US-101 S/B TO TULLY RD,65.0,B,PROCEEDING STRAIGHT,A,HAD NOT BEEN DRINKING,,,M,MALE,59.0,C,CA,H,HISPANIC,22.0,PickupsAndPanels,2022.0,TOYT,TACOMA,WHI,False,,,,,,,,RT-1,0.0,4.0,False
13805671,4493182,1,Driver,True,False,False,M,AIR BAG NOT DEPLOYED,G,OCCUPANT LAP SHOULDER HARNESS USED,CELL PHONE NOT IN USE,ENTERING OR LEAVING RAMP,,S,US-101 S/B TO TULLY RD,65.0,J,CHANGING LANES,A,HAD NOT BEEN DRINKING,,,F,FEMALE,22.0,C,CA,H,HISPANIC,1.0,PassengerCarStationWagonJeep,2004.0,INFI,G35,PNK,False,,,,,,,,RT-2,0.0,4.0,False
13805652,4493171,1,Driver,True,False,False,M,AIR BAG NOT DEPLOYED,G,OCCUPANT LAP SHOULDER HARNESS USED,CELL PHONE NOT IN USE,VC SECTION VIOLATED - VC 22107,,N,SR-87 N/B,65.0,R,OTHER,B,HBD-UNDER INFLUENCE,,,F,FEMALE,33.0,U,CA,H,HISPANIC,22.0,PickupsAndPanels,2003.0,FORD,RANGER,WHI,True,,,,,,,,3,3.0,3.0,False
13805633,4493159,2,Driver,,False,False,M,AIR BAG NOT DEPLOYED,G,OCCUPANT LAP SHOULDER HARNESS USED,CELL PHONE NOT IN USE,ENTERING OR LEAVING RAMP,,N,US-101 NB FROM CAPITOL EXPY WB,65.0,B,PROCEEDING STRAIGHT,A,HAD NOT BEEN DRINKING,,,M,MALE,53.0,C,CA,H,HISPANIC,7.0,SportUtilityVehicle,2006.0,CHEV,SUBURBAN,TAN,False,,,,,,,,HOV,3.0,1.0,False
13805632,4493159,1,Driver,True,False,False,M,AIR BAG NOT DEPLOYED,G,OCCUPANT LAP SHOULDER HARNESS USED,CELL PHONE NOT IN USE,ENTERING OR LEAVING RAMP,,N,US-101 NB FROM CAPITOL EXPY WB,65.0,B,PROCEEDING STRAIGHT,A,HAD NOT BEEN DRINKING,,,M,MALE,59.0,C,CA,A,ASIAN,1.0,PassengerCarStationWagonJeep,2020.0,MERZ,E300,BLK,False,,,,,,,,1,1.0,3.0,False
13805456,4493069,2,ParkedVehicle,,False,,,,,,,,,,,,O,PARKED,H,NOT APPLICABLE,,,,,,,,,,48.0,PoliceCar,2010.0,,,,,,,,,,,,,,,
13805455,4493069,1,Driver,True,False,,M,AIR BAG NOT DEPLOYED,H,OCCUPANT LAP SHOULDER HARNESS NOT USED,CELL PHONE NOT IN USE,NONE APPARENT,,N,,,G,BACKING,A,HAD NOT BEEN DRINKING,,,M,MALE,,C,CA,,,1.0,PassengerCarStationWagonJeep,2019.0,CHEVROLET,,,,,,,,,,,,,,
13805404,4493042,2,Driver,,False,,L,AIR BAG DEPLOYED,G,OCCUPANT LAP SHOULDER HARNESS USED,,NONE APPARENT,,N,,,E,MAKING LEFT TURN,A,HAD NOT BEEN DRINKING,,,F,FEMALE,,,CA,W,WHITE,,,2017.0,CHEVROLET,,,,,,,,,,,,,,
13805403,4493042,1,Driver,True,False,,L,AIR BAG DEPLOYED,B,OCCUPANT UNKNOWN,,NONE APPARENT,,E,,,B,PROCEEDING STRAIGHT,B,HBD-UNDER INFLUENCE,,,F,FEMALE,,,CA,,,,,2014.0,TOYOTA,,,,,,,,,,,,,,
13804608,4492651,2,Driver,,False,False,L,AIR BAG DEPLOYED,G,OCCUPANT LAP SHOULDER HARNESS USED,CELL PHONE NOT IN USE,NONE APPARENT,,N,US-101 N/B,65.0,B,PROCEEDING STRAIGHT,A,HAD NOT BEEN DRINKING,,,M,MALE,74.0,C,CA,H,HISPANIC,1.0,PassengerCarStationWagonJeep,2025.0,TOYT,CAMRY,BLU,False,,,,,,,,4,4.0,4.0,False
13804607,4492651,1,Driver,True,False,False,M,AIR BAG NOT DEPLOYED,G,OCCUPANT LAP SHOULDER HARNESS USED,CELL PHONE NOT IN USE,NONE APPARENT,,N,US-101 N/B ,65.0,B,PROCEEDING STRAIGHT,A,HAD NOT BEEN DRINKING,,,M,MALE,30.0,C,CA,H,HISPANIC,22.0,PickupsAndPanels,2002.0,FORD,F150,SIL,False,,,,,,,,1,4.0,4.0,False
13804551,4492622,2,Pedestrian,,False,,,,,,,NONE APPARENT,,N,,,B,PROCEEDING STRAIGHT,A,HAD NOT BEEN DRINKING,,,F,FEMALE,,,,,,60.0,Pedestrian,,,,,,,,,,,,,,,,
13804550,4492622,1,Driver,True,False,,M,AIR BAG NOT DEPLOYED,G,OCCUPANT LAP SHOULDER HARNESS USED,,VISION OBSCUREMENT,,S,,,E,MAKING LEFT TURN,A,HAD NOT BEEN DRINKING,,,F,FEMALE,,,CA,,,,,2013.0,TOYOTA,,,,,,,,,,,,,,
13804176,4492431,1,Driver,True,False,False,L,AIR BAG DEPLOYED,G,OCCUPANT LAP SHOULDER HARNESS USED,CELL PHONE NOT IN USE,VC SECTION VIOLATED - VC 22107,,S,SR-85 S/B,65.0,R,OTHER,B,HBD-UNDER INFLUENCE,,,F,FEMALE,29.0,C,CA,H,HISPANIC,1.0,PassengerCarStationWagonJeep,2020.0,HOND,CIVIC,WHI,False,,,,,,,,3,3.0,3.0,False
13804157,4492420,2,Driver,,False,False,M,AIR BAG NOT DEPLOYED,G,OCCUPANT LAP SHOULDER HARNESS USED,CELL PHONE NOT IN USE,NONE APPARENT,,N,I-280 N/B,65.0,B,PROCEEDING STRAIGHT,A,HAD NOT BEEN DRINKING,,,F,FEMALE,49.0,C,CA,A,ASIAN,1.0,PassengerCarStationWagonJeep,2007.0,TOYT,COROLLA,SIL,True,,,,,,,,5,4.0,7.0,False
13804156,4492420,1,Driver,True,False,True,B,UNKNOWN,B,OCCUPANT UNKNOWN,CELL PHONE USE UNKNOWN,RUNAWAY VEHICLE,,N,I-280 N/B ,65.0,R,OTHER,G,IMPAIRMENT_NOT_KNOWN,,,U,UNKNOWN,,,,,,99.0,OtherUnknownHitAndRunDriver,,,,,False,,,,,,,,6,4.0,7.0,False
13804139,4492411,2,Driver,,False,False,M,AIR BAG NOT DEPLOYED,G,OCCUPANT LAP SHOULDER HARNESS USED,CELL PHONE NOT IN USE,NONE APPARENT,,S,SR-87 S/B,65.0,B,PROCEEDING STRAIGHT,A,HAD NOT BEEN DRINKING,,,F,FEMALE,37.0,C,CA,W,WHITE,1.0,PassengerCarStationWagonJeep,2018.0,NISS,ALTIMA,WHI,False,,,,,,,,3,3.0,4.0,False
13804138,4492411,1,Driver,True,False,True,B,UNKNOWN,B,OCCUPANT UNKNOWN,CELL PHONE USE UNKNOWN,NONE APPARENT,,S,SR-87 S/B,65.0,R,OTHER,G,IMPAIRMENT_NOT_KNOWN,,,,,,,,,,99.0,OtherUnknownHitAndRunDriver,,,,,False,,,,,,,,4,3.0,4.0,False
13804127,4492407,2,Driver,,False,False,L,AIR BAG DEPLOYED,G,OCCUPANT LAP SHOULDER HARNESS USED,CELL PHONE NOT IN USE,NONE APPARENT,,N,SR-87 N/B,65.0,A,STOPPED,A,HAD NOT BEEN DRINKING,,,M,MALE,64.0,C,CA,W,WHITE,1.0,PassengerCarStationWagonJeep,2004.0,LEXS,SOARER,WHI,True,,,,,,,,1,4.0,4.0,False
13804126,4492407,1,Driver,True,False,False,L,AIR BAG DEPLOYED,G,OCCUPANT LAP SHOULDER HARNESS USED,CELL PHONE NOT IN USE,NONE APPARENT,,N,SR-87 N/B,65.0,J,CHANGING LANES,A,HAD NOT BEEN DRINKING,,,M,MALE,74.0,C,CA,A,ASIAN,1.0,PassengerCarStationWagonJeep,2001.0,ACUR,TL,WHI,True,,,,,,,,2,4.0,4.0,False
13804086,4492386,2,Driver,,False,False,M,AIR BAG NOT DEPLOYED,G,OCCUPANT LAP SHOULDER HARNESS USED,CELL PHONE NOT IN USE,NONE APPARENT,,S,I-280 S/B TO SR-87,65.0,B,PROCEEDING STRAIGHT,A,HAD NOT BEEN DRINKING,,,M,MALE,28.0,C,CA,W,WHITE,1.0,PassengerCarStationWagonJeep,2010.0,TOYT,COROLLA,WHI,False,,,,,,,,2,2.0,2.0,False
13804085,4492386,1,Driver,True,False,True,B,UNKNOWN,B,OCCUPANT UNKNOWN,CELL PHONE USE UNKNOWN,NONE APPARENT,,S,I-280 S/B TO SR-87,65.0,B,PROCEEDING STRAIGHT,G,IMPAIRMENT_NOT_KNOWN,,,,,,,,,,99.0,OtherUnknownHitAndRunDriver,,,,,False,,,,,,,,2,2.0,2.0,False
13803955,4492322,2,Bicyclist,,False,,,,,,CELL PHONE NOT IN USE,NONE APPARENT,,E,,,B,PROCEEDING STRAIGHT,A,HAD NOT BEEN DRINKING,,,M,MALE,,,,,,4.0,Bicycle,,,,,,,,,,,,,,,,
13803954,4492322,1,Driver,True,False,,M,AIR BAG NOT DEPLOYED,G,OCCUPANT LAP SHOULDER HARNESS USED,CELL PHONE NOT IN USE,NONE APPARENT,,E,,,B,PROCEEDING STRAIGHT,A,HAD NOT BEEN DRINKING,,,M,MALE,,C,CA,,,1.0,PassengerCarStationWagonJeep,2015.0,MERCEDES-BENZ,,,,,,,,,,,,,,
13803919,4492302,2,Bicyclist,,False,,,,,,,,,W,,,,,,,,,M,MALE,,,,,,4.0,Bicycle,,,,,,,,,,,,,,,,
13803918,4492302,1,Driver,True,False,,M,AIR BAG NOT DEPLOYED,G,OCCUPANT LAP SHOULDER HARNESS USED,,,,W,,,B,PROCEEDING STRAIGHT,,,,,M,MALE,,C,CA,,,1.0,PassengerCarStationWagonJeep,2007.0,KIA,,,,,,,,,,,,,,
13803749,4492213,1,Driver,,False,,P,NOT REQUIRED,A,OCCUPANT NONE IN VEHICLE,CELL PHONE NOT IN USE,NONE APPARENT,,E,,,D,MAKING RIGHT TURN,H,NOT APPLICABLE,,,M,MALE,,M,CA,,,2.0,Motorcycle,2001.0,HARLEY-DAVIDSON,,,,,,,,,,,,,,
13803692,4492178,2,ParkedVehicle,,False,,,,,,,,,E,,,O,PARKED,H,NOT APPLICABLE,,,,,,,,,,1.0,PassengerCarStationWagonJeep,2016.0,FORD,,,,,,,,,,,,,,
13803691,4492178,1,Driver,True,False,,M,AIR BAG NOT DEPLOYED,B,OCCUPANT UNKNOWN,CELL PHONE USE UNKNOWN,OTHER,,E,,,K,PARKING MANEUVER,G,IMPAIRMENT_NOT_KNOWN,,,M,MALE,,C,CA,A,ASIAN,1.0,PassengerCarStationWagonJeep,1995.0,BMW,,,,,,,,,,,,,,
13803519,4492093,2,Driver,,False,,M,AIR BAG NOT DEPLOYED,G,OCCUPANT LAP SHOULDER HARNESS USED,,,,,,,,,A,HAD NOT BEEN DRINKING,,,M,MALE,,C,CA,,,7.0,SportUtilityVehicle,2016.0,HONDA,,,,,,,,,,,,,,
13803518,4492093,1,Driver,True,False,,B,UNKNOWN,,,,,,,,,,,G,IMPAIRMENT_NOT_KNOWN,,,,,,,,,,,,,HONDA,,,,,,,,,,,,,,
13803374,4492024,3,Driver,,False,False,M,AIR BAG NOT DEPLOYED,G,OCCUPANT LAP SHOULDER HARNESS USED,CELL PHONE NOT IN USE,NONE APPARENT,,N,SR-87 N/B TO SANTA CLARA ST,65.0,A,STOPPED,A,HAD NOT BEEN DRINKING,,,M,MALE,68.0,C,CA,W,WHITE,1.0,PassengerCarStationWagonJeep,2011.0,FORD,FUSION,BLK,True,,,,,,,,EXIT-2,0.0,2.0,False
13803373,4492024,2,Driver,,False,False,M,AIR BAG NOT DEPLOYED,G,OCCUPANT LAP SHOULDER HARNESS USED,CELL PHONE NOT IN USE,NONE APPARENT,,N,SR-87 N/B TO SANTA CLARA ST,65.0,A,STOPPED,A,HAD NOT BEEN DRINKING,,,M,MALE,26.0,U,CA,H,HISPANIC,1.0,PassengerCarStationWagonJeep,1998.0,TOYT,COROLLA,BLK,True,,,,,,,,EXIT-2,0.0,2.0,False
13803372,4492024,1,Driver,True,False,False,L,AIR BAG DEPLOYED,G,OCCUPANT LAP SHOULDER HARNESS USED,CELL PHONE NOT IN USE,NONE APPARENT,,N,SR-87 N/B TO SANTA CLARA ST,65.0,B,PROCEEDING STRAIGHT,A,HAD NOT BEEN DRINKING,,,F,FEMALE,32.0,C,CA,H,HISPANIC,1.0,PassengerCarStationWagonJeep,2014.0,FORD,FUSION,GRY,True,,,,,,,,EXIT-2,0.0,2.0,False
13803335,4492008,1,Driver,True,False,False,M,AIR BAG NOT DEPLOYED,G,OCCUPANT LAP SHOULDER HARNESS USED,CELL PHONE NOT IN USE,NONE APPARENT,,S,US-101 S/B,65.0,R,OTHER,A,HAD NOT BEEN DRINKING,,,M,MALE,42.0,C,CA,H,HISPANIC,8.0,MiniVan,2007.0,FORD,TRANSIT,WHI,False,,,,,,,,2,4.0,4.0,False
13803331,4492005,2,Driver,,False,False,M,AIR BAG NOT DEPLOYED,G,OCCUPANT LAP SHOULDER HARNESS USED,CELL PHONE NOT IN USE,NONE APPARENT,,N,I-880 N/B,65.0,A,STOPPED,A,HAD NOT BEEN DRINKING,,,F,FEMALE,50.0,C,CA,W,WHITE,1.0,PassengerCarStationWagonJeep,2021.0,TOYT,CAMRY,BLK,False,,,,,,,,2,4.0,4.0,False
13803330,4492005,1,Driver,True,False,True,B,UNKNOWN,B,OCCUPANT UNKNOWN,CELL PHONE USE UNKNOWN,NONE APPARENT,,N,I-880 N/B,65.0,B,PROCEEDING STRAIGHT,G,IMPAIRMENT_NOT_KNOWN,,,,,,,,,,99.0,OtherUnknownHitAndRunDriver,,,,,False,,,,,,,,2,4.0,4.0,False
13803259,4491967,2,Driver,,False,False,M,AIR BAG NOT DEPLOYED,G,OCCUPANT LAP SHOULDER HARNESS USED,CELL PHONE NOT IN USE,NONE APPARENT,,S,US-101 S/B,65.0,B,PROCEEDING STRAIGHT,A,HAD NOT BEEN DRINKING,,,M,MALE,24.0,C,CA,,,7.0,SportUtilityVehicle,2024.0,MAZD,CX-50,BLK,False,,,,,,,,1,4.0,4.0,False
13803258,4491967,1,Driver,True,False,True,B,UNKNOWN,B,OCCUPANT UNKNOWN,CELL PHONE USE UNKNOWN,NONE APPARENT,,S,US-101 S/B,65.0,B,PROCEEDING STRAIGHT,G,IMPAIRMENT_NOT_KNOWN,,,,,,,,,,99.0,OtherUnknownHitAndRunDriver,,,,,False,,,,,,,,1,4.0,4.0,False
13803204,4491937,2,Pedestrian,,False,,,,,,,,,,,,B,PROCEEDING STRAIGHT,H,NOT APPLICABLE,,,M,MALE,,,,W,WHITE,60.0,Pedestrian,,,,,,,,,,,,,,,,
13803203,4491937,1,Driver,True,False,,B,UNKNOWN,,,,VC SECTION VIOLATED - 20001 A,,N,,,B,PROCEEDING STRAIGHT,G,IMPAIRMENT_NOT_KNOWN,,,F,FEMALE,,,,,,,,,HONDA,,,,,,,,,,,,,,
13803186,4491927,2,Pedestrian,,False,,,,,,,NONE APPARENT,,N,,,L,ENTERING TRAFFICD,H,NOT APPLICABLE,,,F,FEMALE,,,,,,60.0,Pedestrian,,,,,,,,,,,,,,,,
13803185,4491927,1,Driver,True,False,,,,,,,VC SECTION VIOLATED - 22107 / INATTENTION,OTHER,E,,,D,MAKING RIGHT TURN,G,IMPAIRMENT_NOT_KNOWN,,,,,,,,,,,,2000.0,MERCEDES-BENZ,,,,,,,,,,,,,,
13802973,4491821,2,Bicyclist,,False,,,,,,,NONE APPARENT,,N,,,B,PROCEEDING STRAIGHT,A,HAD NOT BEEN DRINKING,,,M,MALE,,,,W,WHITE,4.0,Bicycle,,,,,,,,,,,,,,,,
13802972,4491821,1,Driver,True,False,,B,UNKNOWN,S,CHILD IN VEHICLE USE UNKNOWN,,ENTERING OR LEAVING RAMP,,N,,,J,CHANGING LANES,D,HBD-IMPAIRMENT UNKNOWN,,,,,,,,,,,,2014.0,HONDA,,,,,,,,,,,,,,
13802473,4491568,1,Driver,True,False,False,M,AIR BAG NOT DEPLOYED,G,OCCUPANT LAP SHOULDER HARNESS USED,CELL PHONE NOT IN USE,NONE APPARENT,,E,SR-237 E/B FROM ZANKER ROAD,65.0,C,RAN OFF ROAD,A,HAD NOT BEEN DRINKING,,,M,MALE,28.0,U,CA,H,HISPANIC,1.0,PassengerCarStationWagonJeep,2006.0,TOYT,PRIUS,GRN,True,,,,,,,,3,3.0,3.0,False
13801612,4491132,2,Driver,,False,False,M,AIR BAG NOT DEPLOYED,G,OCCUPANT LAP SHOULDER HARNESS USED,CELL PHONE NOT IN USE,NONE APPARENT,,S,I-680 S/B,65.0,R,OTHER,A,HAD NOT BEEN DRINKING,,,F,FEMALE,49.0,U,,H,HISPANIC,1.0,PassengerCarStationWagonJeep,2013.0,TOYT,COROLLA,WHI,False,,,,,,,,3,4.0,5.0,False
13801611,4491132,1,Driver,True,False,False,M,AIR BAG NOT DEPLOYED,G,OCCUPANT LAP SHOULDER HARNESS USED,CELL PHONE NOT IN USE,NONE APPARENT,,S,I-680 S/B,55.0,R,OTHER,A,HAD NOT BEEN DRINKING,,,M,MALE,25.0,A,CA,O,OTHER,25.0,TruckTractor,2023.0,KW,TRUCK TRACTOR- DIESEL,WHI,False,31.0,SemiTrailer,2019.0,GREAT DANE,TRAILER,WHI,,2,4.0,5.0,False
13801289,4490956,2,Driver,,False,,M,AIR BAG NOT DEPLOYED,C,OCCUPANT LAP BELT USED,,,,S,,,B,PROCEEDING STRAIGHT,A,HAD NOT BEEN DRINKING,,,M,MALE,,,CA,,,,,2024.0,KIA,,,,,,,,,,,,,,
13801288,4490956,1,Driver,True,False,,B,UNKNOWN,,,,VC SECTION VIOLATED - 20001,,S,,,B,PROCEEDING STRAIGHT,G,IMPAIRMENT_NOT_KNOWN,,,,,,,,,,,,,,,,,,,,,,,,,,,
13801259,4490942,2,Other,,False,,,,,,CELL PHONE NOT IN USE,NONE APPARENT,,W,,,I,PASSING OTHER VEHICLE,A,HAD NOT BEEN DRINKING,,,,,,,,,,,,,,,,,,,,,,,,,,,
13801258,4490942,1,Driver,True,False,,B,UNKNOWN,,,CELL PHONE NOT IN USE,NONE APPARENT,,W,,,N,XING INTO OPPOSING LANE,G,IMPAIRMENT_NOT_KNOWN,,,,,,,,,,,,2007.0,AUDI,,,,,,,,,,,,,,
13801240,4490935,1,Driver,True,False,,P,NOT REQUIRED,V,MOTOR BICYCLE DRIVER NO HELMET,,NONE APPARENT,,W,,,B,PROCEEDING STRAIGHT,G,IMPAIRMENT_NOT_KNOWN,,,M,MALE,,,CA,,,,,,,,,,,,,,,,,,,,
13801071,4490844,2,Driver,,False,False,M,AIR BAG NOT DEPLOYED,G,OCCUPANT LAP SHOULDER HARNESS USED,CELL PHONE NOT IN USE,NONE APPARENT,,S,US-101 S/B,65.0,B,PROCEEDING STRAIGHT,A,HAD NOT BEEN DRINKING,,,M,MALE,51.0,C,CA,A,ASIAN,22.0,PickupsAndPanels,2017.0,FORD,F150,WHI,False,32.0,PullTrailer,2015.0,INTST,TRAILER,CPR,,3,4.0,4.0,False
13801070,4490844,1,Driver,True,False,False,L,AIR BAG DEPLOYED,G,OCCUPANT LAP SHOULDER HARNESS USED,CELL PHONE NOT IN USE,VC SECTION VIOLATED - VC 22107 / OTHER - UNSAFE TURN ,,S,US-101 S/B,65.0,R,OTHER,B,HBD-UNDER INFLUENCE,,,M,MALE,26.0,C,CA,H,HISPANIC,1.0,PassengerCarStationWagonJeep,2016.0,TOYT,FRS,WHI,False,,,,,,,,1,4.0,4.0,False