PartyId,CollisionId,PartyNumber,PartyType,IsAtFault,IsOnDutyEmergencyVehicle,IsHitAndRun,AirbagCode,AirbagDescription,SafetyEquipmentCode,SafetyEquipmentDescription,Special Information,Other Associate Factor,Inattention,DirectionOfTravel,StreetOrHighwayName,SpeedLimit,MovementPrecCollCode,MovementPrecCollDescription,SobrietyDrugPhysicalCode1,SobrietyDrugPhysicalDescription1,SobrietyDrugPhysicalCode2,SobrietyDrugPhysicalDescription2,GenderCode,GenderDescription,StatedAge,DriverLicenseClass,DriverLicenseStateCode,RaceCode,RaceDesc,Vehicle1TypeId, Vehicle1TypeDesc, Vehicle1Year,Vehicle1Make,Vehicle1Model,Vehicle1Color,V1IsVehicleTowed,Vehicle2TypeId, Vehicle2TypeDesc, Vehicle2Year,Vehicle2Make,Vehicle2Model,Vehicle2Color,V2IsVehicleTowed,Lane,ThruLanes,TotalLanes,IsDREConducted
13958531,4571822,1,Driver,True,False,,M,AIR BAG NOT DEPLOYED,G,OCCUPANT LAP SHOULDER HARNESS USED,,STOP & GO TRAFFIC,,N,,,B,PROCEEDING STRAIGHT,A,HAD NOT BEEN DRINKING,,,F,FEMALE,,U,CA,,,,,2011.0,MAZDA,,,,,,,,,,,,,,
13957832,4571491,2,Driver,,False,,M,AIR BAG NOT DEPLOYED,G,OCCUPANT LAP SHOULDER HARNESS USED,,,,N,,,B,PROCEEDING STRAIGHT,A,HAD NOT BEEN DRINKING,,,M,MALE,,,CA,,,,,2019.0,LEXUS,,,,,,,,,,,,,,
13957831,4571491,1,Bicyclist,True,False,,,,,,,,,E,,,B,PROCEEDING STRAIGHT,A,HAD NOT BEEN DRINKING,,,M,MALE,,,,,,4.0,Bicycle,,,,,,,,,,,,,,,,
13953496,4569174,2,Driver,,False,,,,,,,NONE APPARENT,,W,,,A,STOPPED,A,HAD NOT BEEN DRINKING,,,M,MALE,,C,CA,,,1.0,PassengerCarStationWagonJeep,2002.0,TOYOTA,,,,,,,,,,,,,,
13953495,4569174,1,Driver,True,False,,,,,,,VISION OBSCUREMENT,,S,,,E,MAKING LEFT TURN,A,HAD NOT BEEN DRINKING,,,M,MALE,,,,,,8.0,MiniVan,2000.0,TOYOTA,,,,,,,,,,,,,,
13953462,4569156,1,Driver,True,False,,L,AIR BAG DEPLOYED,C,OCCUPANT LAP BELT USED,,VC SECTION VIOLATED - 23123,,E,,,B,PROCEEDING STRAIGHT,H,NOT APPLICABLE,,,F,FEMALE,,C,CA,,,,,2009.0,KIA,,,,,,,,,,,,,,
13953451,4569149,2,Driver,,False,,M,AIR BAG NOT DEPLOYED,G,OCCUPANT LAP SHOULDER HARNESS USED,,NONE APPARENT,,E,,,A,STOPPED,A,HAD NOT BEEN DRINKING,,,F,FEMALE,,C,CA,W,WHITE,,,2003.0,TOYOTA,,,,,,,,,,,,,,
13953450,4569149,1,Bicyclist,True,False,,,,,,,INATTENTION,OTHER,S,,,B,PROCEEDING STRAIGHT,G,IMPAIRMENT_NOT_KNOWN,,,M,MALE,,,,W,WHITE,4.0,Bicycle,,,,,,,,,,,,,,,,
13953433,4569139,2,Driver,,False,,P,NOT REQUIRED,V,MOTOR BICYCLE DRIVER NO HELMET,,NONE APPARENT,,E,,,D,MAKING RIGHT TURN,A,HAD NOT BEEN DRINKING,,,M,MALE,,C,CA,,,,,2019.0,TOYOTA,,,,,,,,,,,,,,
13953432,4569139,1,Pedestrian,True,False,,,,,,,NONE APPARENT,,N,,,B,PROCEEDING STRAIGHT,A,HAD NOT BEEN DRINKING,,,M,MALE,,,,,,60.0,Pedestrian,,,,,,,,,,,,,,,,
13952561,4568696,2,Driver,,False,,M,AIR BAG NOT DEPLOYED,B,OCCUPANT UNKNOWN,,,,S,,,B,PROCEEDING STRAIGHT,H,NOT APPLICABLE,,,F,FEMALE,,C,CA,B,BLACK,,,2006.0,INFINITI,,,,,,,,,,,,,,
13952560,4568696,1,Driver,True,False,,L,AIR BAG DEPLOYED,B,OCCUPANT UNKNOWN,,VC SECTION VIOLATED - 22350,,S,,,C,RAN OFF ROAD,H,NOT APPLICABLE,,,M,MALE,,C,CA,,,,,2018.0,TOYOTA,,,,,,,,,,,,,,
13952517,4568675,3,Driver,,False,,M,AIR BAG NOT DEPLOYED,G,OCCUPANT LAP SHOULDER HARNESS USED,,NONE APPARENT,,W,,,A,STOPPED,A,HAD NOT BEEN DRINKING,,,M,MALE,,C,CA,,,1.0,PassengerCarStationWagonJeep,2008.0,TOYOTA,,,,,,,,,,,,,,
13952516,4568675,2,Driver,,False,,M,AIR BAG NOT DEPLOYED,G,OCCUPANT LAP SHOULDER HARNESS USED,,NONE APPARENT,,W,,,H,SLOWING/STOPPING,A,HAD NOT BEEN DRINKING,,,F,FEMALE,,C,CA,W,WHITE,,,2016.0,TOYOTA,,,,,,,,,,,,,,
13952515,4568675,1,Driver,True,False,,M,AIR BAG NOT DEPLOYED,G,OCCUPANT LAP SHOULDER HARNESS USED,,NONE APPARENT,,W,,,B,PROCEEDING STRAIGHT,A,HAD NOT BEEN DRINKING,,,F,FEMALE,,C,CA,,,,,2006.0,FORD,,,,,,,,,,,,,,
13952100,4568464,4,Driver,,False,,L,AIR BAG DEPLOYED,G,OCCUPANT LAP SHOULDER HARNESS USED,CELL PHONE NOT IN USE,,,N,,,A,STOPPED,A,HAD NOT BEEN DRINKING,,,M,MALE,,C,CA,W,WHITE,,,2021.0,PORSCHE,,,,,,,,,,,,,,
13952099,4568464,3,Driver,,False,,M,AIR BAG NOT DEPLOYED,G,OCCUPANT LAP SHOULDER HARNESS USED,CELL PHONE NOT IN USE,,,N,,,A,STOPPED,A,HAD NOT BEEN DRINKING,,,F,FEMALE,,C,CA,,,,,2023.0,TOYOTA,,,,,,,,,,,,,,
13952098,4568464,2,Driver,,False,,M,AIR BAG NOT DEPLOYED,G,OCCUPANT LAP SHOULDER HARNESS USED,CELL PHONE NOT IN USE,,,N,,,A,STOPPED,A,HAD NOT BEEN DRINKING,,,F,FEMALE,,C,CA,,,,,2023.0,TESLA,,,,,,,,,,,,,,
13952097,4568464,1,Driver,True,False,,M,AIR BAG NOT DEPLOYED,G,OCCUPANT LAP SHOULDER HARNESS USED,CELL PHONE NOT IN USE,,,N,,,B,PROCEEDING STRAIGHT,A,HAD NOT BEEN DRINKING,,,F,FEMALE,,C,CA,,,,,2013.0,TOYOTA,,,,,,,,,,,,,,
13952096,4568463,3,Driver,,False,,M,AIR BAG NOT DEPLOYED,G,OCCUPANT LAP SHOULDER HARNESS USED,CELL PHONE NOT IN USE,STOP & GO TRAFFIC / NONE APPARENT,,N,,,A,STOPPED,H,NOT APPLICABLE,,,F,FEMALE,,C,CA,W,WHITE,,,2020.0,HONDA,,,,,,,,,,,,,,
13952095,4568463,2,Driver,,False,,M,AIR BAG NOT DEPLOYED,G,OCCUPANT LAP SHOULDER HARNESS USED,CELL PHONE NOT IN USE,STOP & GO TRAFFIC / NONE APPARENT,,S,,,A,STOPPED,H,NOT APPLICABLE,,,F,FEMALE,,C,CA,,,,,2019.0,LEXUS,,,,,,,,,,,,,,
13952094,4568463,1,Driver,,False,,M,AIR BAG NOT DEPLOYED,G,OCCUPANT LAP SHOULDER HARNESS USED,CELL PHONE NOT IN USE,STOP & GO TRAFFIC / NONE APPARENT,,E,,,A,STOPPED,H,NOT APPLICABLE,,,M,MALE,,F,IT,,,,,2004.0,HONDA,,,,,,,,,,,,,,
13952027,4568433,2,Driver,,False,,B,UNKNOWN,G,OCCUPANT LAP SHOULDER HARNESS USED,,NONE APPARENT,,W,,,B,PROCEEDING STRAIGHT,D,HBD-IMPAIRMENT UNKNOWN,,,M,MALE,,C,CA,,,,,2019.0,LEXUS,,,,,,,,,,,,,,
13952026,4568433,1,Driver,True,False,,B,UNKNOWN,G,OCCUPANT LAP SHOULDER HARNESS USED,,NONE APPARENT,,N,,,B,PROCEEDING STRAIGHT,D,HBD-IMPAIRMENT UNKNOWN,,,F,FEMALE,,C,CA,W,WHITE,,,2004.0,HONDA,,,,,,,,,,,,,,
13951997,4568417,1,Driver,True,False,,P,NOT REQUIRED,A,OCCUPANT NONE IN VEHICLE,,,,N,,,B,PROCEEDING STRAIGHT,A,HAD NOT BEEN DRINKING,,,M,MALE,,,CA,,,,,2013.0,SUZUKI,,,,,,,,,,,,,,
13951994,4568418,1,Pedestrian,True,False,,,,,,,VC SECTION VIOLATED - 20001 / NONE APPARENT,,W,,,B,PROCEEDING STRAIGHT,G,IMPAIRMENT_NOT_KNOWN,,,M,MALE,,,,,,60.0,Pedestrian,,,,,,,,,,,,,,,,
13951986,4568411,1,Driver,True,False,,L,AIR BAG DEPLOYED,G,OCCUPANT LAP SHOULDER HARNESS USED,CELL PHONE NOT IN USE,,,E,,,F,MAKING U TURN,A,HAD NOT BEEN DRINKING,,,F,FEMALE,,,CA,,,,,2012.0,SUBARU,,,,,,,,,,,,,,
13951968,4568402,2,Driver,,False,,M,AIR BAG NOT DEPLOYED,G,OCCUPANT LAP SHOULDER HARNESS USED,,NONE APPARENT,,E,,,B,PROCEEDING STRAIGHT,A,HAD NOT BEEN DRINKING,,,M,MALE,,,CA,,,,,2011.0,TOYOTA,,,,,,,,,,,,,,
13951967,4568402,1,Driver,True,False,,L,AIR BAG DEPLOYED,B,OCCUPANT UNKNOWN,,NONE APPARENT,,E,,,J,CHANGING LANES,G,IMPAIRMENT_NOT_KNOWN,,,,,,,,,,,,2011.0,HONDA,,,,,,,,,,,,,,
13951966,4568400,2,Driver,,False,,M,AIR BAG NOT DEPLOYED,G,OCCUPANT LAP SHOULDER HARNESS USED,,,,E,,,B,PROCEEDING STRAIGHT,A,HAD NOT BEEN DRINKING,,,F,FEMALE,,,CA,,,,,2016.0,TOYOTA,,,,,,,,,,,,,,
13951965,4568400,1,Driver,True,False,,B,UNKNOWN,,,,VC SECTION VIOLATED - 22450 A / NONE APPARENT,,N,,,B,PROCEEDING STRAIGHT,G,IMPAIRMENT_NOT_KNOWN,,,,,,,,,,,,2006.0,HONDA,,,,,,,,,,,,,,
13951809,4568324,2,Driver,,False,,M,AIR BAG NOT DEPLOYED,G,OCCUPANT LAP SHOULDER HARNESS USED,,UNFAMILIAR WITH ROAD,,E,,,B,PROCEEDING STRAIGHT,A,HAD NOT BEEN DRINKING,,,F,FEMALE,,,CA,,,,,2004.0,ACURA,,,,,,,,,,,,,,
13951808,4568324,1,Pedestrian,True,False,,,,,,,,,,,,R,OTHER,H,NOT APPLICABLE,,,M,MALE,,,,,,60.0,Pedestrian,,,,,,,,,,,,,,,,
14134757,4664280,3,Bicyclist,,False,,,,,,,NONE APPARENT,,N,,,M,OTHER UNSAFE TURNING,H,NOT APPLICABLE,,,M,MALE,,,,,,4.0,Bicycle,,,,,,,,,,,,,,,,
14134755,4664280,2,Driver,,False,,M,AIR BAG NOT DEPLOYED,G,OCCUPANT LAP SHOULDER HARNESS USED,,VISION OBSCUREMENT,,W,,,B,PROCEEDING STRAIGHT,A,HAD NOT BEEN DRINKING,,,M,MALE,,C,CA,,,1.0,PassengerCarStationWagonJeep,2018.0,FORD,,,,,,,,,,,,,,
14134754,4664280,1,Bicyclist,True,False,,,,,,,INATTENTION,OTHER,N,,,M,OTHER UNSAFE TURNING,H,NOT APPLICABLE,,,F,FEMALE,,,,W,WHITE,4.0,Bicycle,,,,,,,,,,,,,,,,
14121097,4657312,3,Driver,,False,,M,AIR BAG NOT DEPLOYED,G,OCCUPANT LAP SHOULDER HARNESS USED,,NONE APPARENT,,E,,,B,PROCEEDING STRAIGHT,A,HAD NOT BEEN DRINKING,,,M,MALE,,C,CA,,,1.0,PassengerCarStationWagonJeep,2015.0,CHEVROLET,,,,,,,,,,,,,,
14121096,4657312,2,Driver,,False,,M,AIR BAG NOT DEPLOYED,G,OCCUPANT LAP SHOULDER HARNESS USED,,NONE APPARENT,,E,,,A,STOPPED,A,HAD NOT BEEN DRINKING,,,F,FEMALE,,C,CA,,,1.0,PassengerCarStationWagonJeep,2021.0,HYUNDAI,,,,,,,,,,,,,,
14121095,4657312,1,Driver,True,False,,B,UNKNOWN,,,,RUNAWAY VEHICLE,,E,,,B,PROCEEDING STRAIGHT,H,NOT APPLICABLE,,,,,,,,,,22.0,PickupsAndPanels,,TOYOTA,,,,,,,,,,,,,,
14110127,4651651,2,Driver,,False,,P,NOT REQUIRED,W,MOTOR BICYCLE DRIVER WITH HELMET,,NONE APPARENT,,E,,,B,PROCEEDING STRAIGHT,G,IMPAIRMENT_NOT_KNOWN,,,M,MALE,,,CA,,,,,2022.0,KAWASAKI,,,,,,,,,,,,,,
14110126,4651651,1,Driver,True,False,,L,AIR BAG DEPLOYED,G,OCCUPANT LAP SHOULDER HARNESS USED,,NONE APPARENT,,N,,,E,MAKING LEFT TURN,A,HAD NOT BEEN DRINKING,,,M,MALE,,,CA,W,WHITE,,,,MAZDA,,,,,,,,,,,,,,
14107905,4650519,5,Pedestrian,,False,,,,,,,,,W,,,,,,,,,M,MALE,,,,,,60.0,Pedestrian,,,,,,,,,,,,,,,,
14107904,4650519,4,Driver,,False,,M,AIR BAG NOT DEPLOYED,G,OCCUPANT LAP SHOULDER HARNESS USED,CELL PHONE NOT IN USE,,,E,,,A,STOPPED,A,HAD NOT BEEN DRINKING,,,M,MALE,,,,,,,,2017.0,TOYOTA,,,,,,,,,,,,,,
14107903,4650519,3,Driver,,False,,M,AIR BAG NOT DEPLOYED,G,OCCUPANT LAP SHOULDER HARNESS USED,CELL PHONE NOT IN USE,,,N,,,A,STOPPED,A,HAD NOT BEEN DRINKING,,,M,MALE,,C,CA,,,,,2005.0,TOYOTA,,,,,,,,,,,,,,
14107902,4650519,2,Driver,,False,,M,AIR BAG NOT DEPLOYED,G,OCCUPANT LAP SHOULDER HARNESS USED,CELL PHONE NOT IN USE,,,E,,,B,PROCEEDING STRAIGHT,A,HAD NOT BEEN DRINKING,,,F,FEMALE,,C,CA,,,,,2006.0,TOYOTA,,,,,,,,,,,,,,
14107901,4650519,1,Driver,True,False,,L,AIR BAG DEPLOYED,B,OCCUPANT UNKNOWN,CELL PHONE NOT IN USE,VC SECTION VIOLATED - 22350,,W,,,E,MAKING LEFT TURN,G,IMPAIRMENT_NOT_KNOWN,,,,,,,,,,,,,INFINITI,,,,,,,,,,,,,,
14107888,4650512,2,Pedestrian,,False,,,,,,,,,E,,,B,PROCEEDING STRAIGHT,A,HAD NOT BEEN DRINKING,,,M,MALE,,,,,,60.0,Pedestrian,,,,,,,,,,,,,,,,
14107887,4650512,1,Driver,True,False,,P,NOT REQUIRED,G,OCCUPANT LAP SHOULDER HARNESS USED,,,,N,,,B,PROCEEDING STRAIGHT,A,HAD NOT BEEN DRINKING,,,F,FEMALE,,C,CA,,,,,2007.0,HONDA,,,,,,,,,,,,,,
14107464,4650303,2,Driver,,False,False,M,AIR BAG NOT DEPLOYED,G,OCCUPANT LAP SHOULDER HARNESS USED,CELL PHONE NOT IN USE,NONE APPARENT,,S,I-680 S/B,65.0,B,PROCEEDING STRAIGHT,A,HAD NOT BEEN DRINKING,,,M,MALE,68.0,C,CA,H,HISPANIC,7.0,SportUtilityVehicle,2018.0,HOND,CRV,GRY,False,,,,,,,,2,5.0,6.0,False
14107463,4650303,1,Driver,True,False,True,B,UNKNOWN,B,OCCUPANT UNKNOWN,CELL PHONE USE UNKNOWN,NONE APPARENT,,S,I-680 S/B,65.0,R,OTHER,G,IMPAIRMENT_NOT_KNOWN,,,U,UNKNOWN,66.0,,,,,99.0,OtherUnknownHitAndRunDriver,,,,,False,,,,,,,,3,5.0,6.0,False
14107424,4650281,2,Driver,,False,False,M,AIR BAG NOT DEPLOYED,G,OCCUPANT LAP SHOULDER HARNESS USED,CELL PHONE NOT IN USE,NONE APPARENT,,W,I-680 N/B TO BERRYESSA AVE W/B,65.0,A,STOPPED,A,HAD NOT BEEN DRINKING,,,M,MALE,29.0,C,CA,A,ASIAN,1.0,PassengerCarStationWagonJeep,2017.0,HOND,CIVIC,SIL,False,,,,,,,,EXIT,0.0,1.0,False
14107423,4650281,1,Driver,True,False,False,M,AIR BAG NOT DEPLOYED,G,OCCUPANT LAP SHOULDER HARNESS USED,CELL PHONE NOT IN USE,NONE APPARENT,,W,I-680 N/B TO BERRYESSA AVE W/B,65.0,B,PROCEEDING STRAIGHT,A,HAD NOT BEEN DRINKING,,,M,MALE,17.0,U,,H,HISPANIC,1.0,PassengerCarStationWagonJeep,2025.0,TOYT,CAMRY,BLK,False,,,,,,,,EXIT,0.0,1.0,False
14106965,4650039,1,Driver,True,False,False,L,AIR BAG DEPLOYED,G,OCCUPANT LAP SHOULDER HARNESS USED,CELL PHONE NOT IN USE,UNINVOLVED VEHICLE,,N,I-280 N/B,65.0,J,CHANGING LANES,A,HAD NOT BEEN DRINKING,,,F,FEMALE,18.0,C,CA,A,ASIAN,1.0,PassengerCarStationWagonJeep,2006.0,NISS,SENTRA,WHI,False,,,,,,,,4,4.0,6.0,False
14106582,4649846,2,Driver,,False,False,M,AIR BAG NOT DEPLOYED,G,OCCUPANT LAP SHOULDER HARNESS USED,CELL PHONE NOT IN USE,NONE APPARENT,,N,I-280  TO S SEVENTH ST,65.0,B,PROCEEDING STRAIGHT,A,HAD NOT BEEN DRINKING,,,F,FEMALE,18.0,C,CA,H,HISPANIC,1.0,PassengerCarStationWagonJeep,2015.0,FIAT,500,LBL,False,,,,,,,,EXIT-2,0.0,2.0,False
14106581,4649846,1,Driver,True,False,True,B,UNKNOWN,B,OCCUPANT UNKNOWN,CELL PHONE USE UNKNOWN,NONE APPARENT,,N,I-280 TO S SEVENTH ST,65.0,R,OTHER,G,IMPAIRMENT_NOT_KNOWN,,,,,,,,,,99.0,OtherUnknownHitAndRunDriver,,,,,False,,,,,,,,EXIT-2,0.0,2.0,False
14106564,4649836,2,Driver,True,False,True,B,UNKNOWN,B,OCCUPANT UNKNOWN,CELL PHONE NOT IN USE,NONE APPARENT,,N,SR-87 N/B TO I-280 N/B,65.0,R,OTHER,A,HAD NOT BEEN DRINKING,,,,,,,,,,99.0,OtherUnknownHitAndRunDriver,,,,,False,,,,,,,,2,2.0,2.0,False
14106563,4649836,1,Driver,,False,False,M,AIR BAG NOT DEPLOYED,G,OCCUPANT LAP SHOULDER HARNESS USED,CELL PHONE NOT IN USE,NONE APPARENT,,N,SR-87 NB TO I-280 S/B,65.0,B,PROCEEDING STRAIGHT,A,HAD NOT BEEN DRINKING,,,M,MALE,29.0,C,CA,H,HISPANIC,1.0,PassengerCarStationWagonJeep,2012.0,FORD,TAURUS,MAR,False,,,,,,,,N/B,1.0,1.0,False
14094383,4643612,1,Driver,True,False,,L,AIR BAG DEPLOYED,C,OCCUPANT LAP BELT USED,,VC SECTION VIOLATED - 22107,,W,,,B,PROCEEDING STRAIGHT,A,HAD NOT BEEN DRINKING,,,M,MALE,,C,CA,,,,,2002.0,MERCEDES-BENZ,,,,,,,,,,,,,,
14094382,4643611,1,Driver,True,False,,M,AIR BAG NOT DEPLOYED,G,OCCUPANT LAP SHOULDER HARNESS USED,,NONE APPARENT,,E,,,C,RAN OFF ROAD,A,HAD NOT BEEN DRINKING,I,SLEEPY/FATIGUED,F,FEMALE,,C,CA,B,BLACK,,,2000.0,CHEVROLET,,,,,,,,,,,,,,
14091555,4642152,2,Driver,,False,,,,G,OCCUPANT LAP SHOULDER HARNESS USED,,,,S,,,D,MAKING RIGHT TURN,,,,,F,FEMALE,,C,CA,,,,,2017.0,FORD,,,,,,,,,,,,,,
14091554,4642152,1,Driver,True,False,,,,G,OCCUPANT LAP SHOULDER HARNESS USED,,,,S,,,J,CHANGING LANES,,,,,F,FEMALE,,,CA,,,,,2002.0,TOYOTA,,,,,,,,,,,,,,
14083981,4638201,2,Driver,,False,,M,AIR BAG NOT DEPLOYED,B,OCCUPANT UNKNOWN,,NONE APPARENT,,N,,,E,MAKING LEFT TURN,A,HAD NOT BEEN DRINKING,,,M,MALE,,,CA,,,22.0,PickupsAndPanels,2000.0,CHEVROLET,,,,,,,,,,,,,,
14083980,4638201,1,Driver,True,False,,M,AIR BAG NOT DEPLOYED,C,OCCUPANT LAP BELT USED,,NONE APPARENT,,W,,,B,PROCEEDING STRAIGHT,G,IMPAIRMENT_NOT_KNOWN,,,M,MALE,,,CA,,,,,2010.0,TOYOTA,,,,,,,,,,,,,,
14076005,4634061,2,Driver,,False,False,M,AIR BAG NOT DEPLOYED,G,OCCUPANT LAP SHOULDER HARNESS USED,CELL PHONE NOT IN USE,NONE APPARENT,,S,US-101,65.0,B,PROCEEDING STRAIGHT,A,HAD NOT BEEN DRINKING,,,F,FEMALE,59.0,C,CA,W,WHITE,7.0,SportUtilityVehicle,2020.0,CHEV,EQUINOX,WHI,False,,,,,,,,3,4.0,4.0,False
14076004,4634061,1,Driver,True,False,True,B,UNKNOWN,B,OCCUPANT UNKNOWN,CELL PHONE USE UNKNOWN,NONE APPARENT,,S,US-101,65.0,R,OTHER,G,IMPAIRMENT_NOT_KNOWN,,,U,UNKNOWN,,,,,,99.0,OtherUnknownHitAndRunDriver,, UNKNOWN,UNKNOWN,,False,,,,,,,,2,4.0,4.0,False
14069906,4630968,2,Bicyclist,,False,,,,,,,,,,,,B,PROCEEDING STRAIGHT,A,HAD NOT BEEN DRINKING,,,M,MALE,,,,,,4.0,Bicycle,,,,,,,,,,,,,,,,
14069905,4630968,1,Driver,True,False,,M,AIR BAG NOT DEPLOYED,G,OCCUPANT LAP SHOULDER HARNESS USED,,,,S,,,E,MAKING LEFT TURN,A,HAD NOT BEEN DRINKING,,,F,FEMALE,,,CA,,,,,,HONDA,,,,,,,,,,,,,,
14069904,4630967,2,Bicyclist,,False,,,,,,CELL PHONE NOT IN USE,NONE APPARENT,,E,,,B,PROCEEDING STRAIGHT,A,HAD NOT BEEN DRINKING,,,M,MALE,,,,,,4.0,Bicycle,,,,,,,,,,,,,,,,
14069903,4630967,1,Pedestrian,True,False,,,,,,CELL PHONE NOT IN USE,NONE APPARENT,,S,,,R,OTHER,G,IMPAIRMENT_NOT_KNOWN,,,,,,,,,,60.0,Pedestrian,,,,,,,,,,,,,,,,
14069191,4630609,2,Driver,,False,,M,AIR BAG NOT DEPLOYED,C,OCCUPANT LAP BELT USED,,NONE APPARENT,,W,,,B,PROCEEDING STRAIGHT,A,HAD NOT BEEN DRINKING,,,F,FEMALE,,C,CA,,,,,2021.0,MERCEDES-BENZ,,,,,,,,,,,,,,
14069190,4630609,1,Driver,,False,,L,AIR BAG DEPLOYED,C,OCCUPANT LAP BELT USED,,NONE APPARENT,,S,,,B,PROCEEDING STRAIGHT,A,HAD NOT BEEN DRINKING,,,F,FEMALE,,,,W,WHITE,,,2017.0,TOYOTA,,,,,,,,,,,,,,
14069171,4630600,2,Driver,,False,,M,AIR BAG NOT DEPLOYED,B,OCCUPANT UNKNOWN,,NONE APPARENT,,E,,,B,PROCEEDING STRAIGHT,H,NOT APPLICABLE,,,M,MALE,,C,CA,,,,,2013.0,HYUNDAI,,,,,,,,,,,,,,
14069170,4630600,1,Driver,True,False,,B,UNKNOWN,,,,NONE APPARENT,,E,,,B,PROCEEDING STRAIGHT,A,HAD NOT BEEN DRINKING,,,,,,,,,,,,2005.0,TOYOTA,,,,,,,,,,,,,,
14068382,4630197,2,Driver,,False,,M,AIR BAG NOT DEPLOYED,G,OCCUPANT LAP SHOULDER HARNESS USED,CELL PHONE NOT IN USE,VC SECTION VIOLATED - 21209,,E,,,B,PROCEEDING STRAIGHT,A,HAD NOT BEEN DRINKING,,,M,MALE,,C,CA,,,1.0,PassengerCarStationWagonJeep,2025.0,BMW,,,,,,,,,,,,,,
14068381,4630197,1,Driver,True,False,,M,AIR BAG NOT DEPLOYED,G,OCCUPANT LAP SHOULDER HARNESS USED,CELL PHONE NOT IN USE,VISION OBSCUREMENT,,S,,,E,MAKING LEFT TURN,A,HAD NOT BEEN DRINKING,,,M,MALE,,C,CA,,,7.0,SportUtilityVehicle,2005.0,CHEVROLET,,,,,,,,,,,,,,
14068144,4630070,2,Driver,,False,,M,AIR BAG NOT DEPLOYED,B,OCCUPANT UNKNOWN,,NONE APPARENT,,N,,,B,PROCEEDING STRAIGHT,G,IMPAIRMENT_NOT_KNOWN,,,M,MALE,,,CA,B,BLACK,,,2005.0,HONDA,,,,,,,,,,,,,,
14068143,4630070,1,Driver,,False,,L,AIR BAG DEPLOYED,B,OCCUPANT UNKNOWN,,NONE APPARENT,,N,,,B,PROCEEDING STRAIGHT,G,IMPAIRMENT_NOT_KNOWN,,,M,MALE,,,,,,,,2007.0,MERCEDES-BENZ,,,,,,,,,,,,,,
14063046,4627450,2,Pedestrian,,False,,,,,,,,,,,,,,,,,,M,MALE,,,,,,60.0,Pedestrian,,,,,,,,,,,,,,,,
14063045,4627450,1,Driver,True,False,,B,UNKNOWN,,,,VC SECTION VIOLATED / RUNAWAY VEHICLE,,N,,,B,PROCEEDING STRAIGHT,G,IMPAIRMENT_NOT_KNOWN,,,M,MALE,,,CA,,,,,2019.0,CHEVROLET,,,,,,,,,,,,,,
14056443,4624049,2,Driver,,False,,M,AIR BAG NOT DEPLOYED,G,OCCUPANT LAP SHOULDER HARNESS USED,,,,N,,,A,STOPPED,A,HAD NOT BEEN DRINKING,,,M,MALE,,,CA,,,,,1997.0,GMC,,,,,,,,,,,,,,
14056442,4624049,1,Driver,True,False,,B,UNKNOWN,,,,,,N,,,B,PROCEEDING STRAIGHT,G,IMPAIRMENT_NOT_KNOWN,,,M,MALE,,,CA,,,,,2022.0,HYUNDAI,,,,,,,,,,,,,,
14055724,4623689,2,Driver,,False,,M,AIR BAG NOT DEPLOYED,G,OCCUPANT LAP SHOULDER HARNESS USED,,ENTERING OR LEAVING RAMP,,S,,,E,MAKING LEFT TURN,H,NOT APPLICABLE,,,M,MALE,,C,CA,,,7.0,SportUtilityVehicle,2014.0,HONDA,,,,,,,,,,,,,,
14055723,4623689,1,Driver,True,False,,M,AIR BAG NOT DEPLOYED,G,OCCUPANT LAP SHOULDER HARNESS USED,,NONE APPARENT,,E,,,B,PROCEEDING STRAIGHT,H,NOT APPLICABLE,,,F,FEMALE,,C,CA,,,1.0,PassengerCarStationWagonJeep,2005.0,TOYOTA,,,,,,,,,,,,,,
14054207,4622943,2,Driver,,False,,P,NOT REQUIRED,,,,OTHER,,N,,,B,PROCEEDING STRAIGHT,A,HAD NOT BEEN DRINKING,,,M,MALE,,U,CA,,,,,2020.0,YAMAHA,,,,,,,,,,,,,,
14054206,4622943,1,Driver,True,False,,L,AIR BAG DEPLOYED,G,OCCUPANT LAP SHOULDER HARNESS USED,,OTHER,,W,,,E,MAKING LEFT TURN,A,HAD NOT BEEN DRINKING,,,F,FEMALE,,C,CA,,,,,2014.0,HONDA,,,,,,,,,,,,,,
14053512,4622603,2,Driver,,False,,B,UNKNOWN,,,,NONE APPARENT,,N,,,R,OTHER,A,HAD NOT BEEN DRINKING,,,M,MALE,,C,CA,,,7.0,SportUtilityVehicle,2004.0,DODGE,,,,,,,,,,,,,,
14053511,4622603,1,Driver,,False,,B,UNKNOWN,,,,NONE APPARENT,,E,,,R,OTHER,D,HBD-IMPAIRMENT UNKNOWN,,,M,MALE,,B,CA,,,26.0,TwoAxleTruck,2011.0,FORD,,,,,,,,,,,,,,
14053505,4622600,4,ParkedVehicle,,False,,,,,,,NONE APPARENT,,,,,O,PARKED,H,NOT APPLICABLE,,,,,,,,,,1.0,PassengerCarStationWagonJeep,2011.0,MERCEDES-BENZ,,,,,,,,,,,,,,
14053504,4622600,3,ParkedVehicle,,False,,,,,,,NONE APPARENT,,,,,O,PARKED,,,,,,,,,,,,1.0,PassengerCarStationWagonJeep,1991.0,TOYOTA,,,,,,,,,,,,,,
14053503,4622600,2,Driver,,False,,L,AIR BAG DEPLOYED,C,OCCUPANT LAP BELT USED,,NONE APPARENT,,N,,,K,PARKING MANEUVER,,,,,M,MALE,,C,CA,,,1.0,PassengerCarStationWagonJeep,2006.0,TOYOTA,,,,,,,,,,,,,,
14053502,4622600,1,Driver,True,False,,L,AIR BAG DEPLOYED,A,OCCUPANT NONE IN VEHICLE,,NONE APPARENT,,S,,,B,PROCEEDING STRAIGHT,,,,,F,FEMALE,,C,CA,B,BLACK,1.0,PassengerCarStationWagonJeep,2011.0,MERCEDES-BENZ,,,,,,,,,,,,,,
14051864,4621791,3,ParkedVehicle,,False,,,,,,,,,,,,O,PARKED,,,,,,,,,,,,7.0,SportUtilityVehicle,2023.0,CHEVROLET,,,,,,,,,,,,,,